network,method,score_column,fold_count,roc_auc_mean,roc_auc_std,roc_auc_min,roc_auc_max,roc_auc_range,roc_auc_cv,average_precision_mean,average_precision_std,average_precision_min,average_precision_max,average_precision_range,average_precision_cv,precision_at_positive_count_mean,precision_at_positive_count_std,precision_at_positive_count_min,precision_at_positive_count_max,precision_at_positive_count_range,precision_at_positive_count_cv,recall_at_positive_count_mean,recall_at_positive_count_std,recall_at_positive_count_min,recall_at_positive_count_max,recall_at_positive_count_range,recall_at_positive_count_cv,f1_at_positive_count_mean,f1_at_positive_count_std,f1_at_positive_count_min,f1_at_positive_count_max,f1_at_positive_count_range,f1_at_positive_count_cv,balanced_accuracy_at_positive_count_mean,balanced_accuracy_at_positive_count_std,balanced_accuracy_at_positive_count_min,balanced_accuracy_at_positive_count_max,balanced_accuracy_at_positive_count_range,balanced_accuracy_at_positive_count_cv,ndcg_at_positive_count_mean,ndcg_at_positive_count_std,ndcg_at_positive_count_min,ndcg_at_positive_count_max,ndcg_at_positive_count_range,ndcg_at_positive_count_cv,lift_at_positive_count_mean,lift_at_positive_count_std,lift_at_positive_count_min,lift_at_positive_count_max,lift_at_positive_count_range,lift_at_positive_count_cv
ca-GrQc,AA,score_adamic_adar,5,0.9698027935038613,0.0028630389779693904,0.9676092997193332,0.9747194569911716,0.007110157271838391,0.002952186771524278,0.9699082602845241,0.002863169402374025,0.9677586901442636,0.9748416577570304,0.007082967612766722,0.002952000224778073,0.9433351322180249,0.00465803467394279,0.9390178089584458,0.9508904479222882,0.011872638963842386,0.004937836527926767,0.9433351322180249,0.00465803467394279,0.9390178089584458,0.9508904479222882,0.011872638963842386,0.004937836527926767,0.9433351322180249,0.00465803467394279,0.9390178089584458,0.9508904479222882,0.011872638963842386,0.004937836527926767,0.9433351322180249,0.00465803467394279,0.9390178089584458,0.9508904479222882,0.011872638963842386,0.004937836527926767,0.9525057575925088,0.003915125086510747,0.9488957398117764,0.9588792539046784,0.00998351409290199,0.004110342699036655,1.8866702644360498,0.00931606934788558,1.8780356179168916,1.9017808958445763,0.02374527792768477,0.004937836527926767
ca-GrQc,CAR-RA,score_car_resource_allocation,5,0.8541709612247637,0.010156984955921475,0.8419514277834197,0.8685196829341955,0.026568255150775766,0.011891044553139286,0.8542999909042331,0.010085914267134306,0.8422107665680958,0.8685902880766057,0.026379521508509862,0.011806056858854556,0.7760388559093363,0.011242669539125564,0.7636265515380464,0.7922288181327577,0.028602266594711323,0.014487250803894066,0.7760388559093363,0.011242669539125564,0.7636265515380464,0.7922288181327577,0.028602266594711323,0.014487250803894066,0.7760388559093363,0.011242669539125564,0.7636265515380464,0.7922288181327577,0.028602266594711323,0.014487250803894066,0.7760388559093363,0.011242669539125564,0.7636265515380464,0.7922288181327577,0.028602266594711323,0.014487250803894066,0.8090864254954099,0.009955893004147719,0.7981310810591791,0.8233525445530182,0.025221463493839136,0.012305104486274934,1.5520777118186726,0.022485339078251128,1.5272531030760927,1.5844576362655154,0.057204533189422646,0.014487250803894066
ca-GrQc,CN,score_common_neighbors,5,0.9694200475359891,0.002857205863023297,0.9672497654799949,0.9743556997899294,0.0071059343099345584,0.0029473352343863356,0.968886262223584,0.00286598647288781,0.9667483345651728,0.9738744971276666,0.007126162562493765,0.002958021580686262,0.9433351322180249,0.00465803467394279,0.9390178089584458,0.9508904479222882,0.011872638963842386,0.004937836527926767,0.9433351322180249,0.00465803467394279,0.9390178089584458,0.9508904479222882,0.011872638963842386,0.004937836527926767,0.9433351322180249,0.00465803467394279,0.9390178089584458,0.9508904479222882,0.011872638963842386,0.004937836527926767,0.9433351322180249,0.00465803467394279,0.9390178089584458,0.9508904479222882,0.011872638963842386,0.004937836527926767,0.9524470326201149,0.0039096127558523475,0.9488586002569458,0.9588306361358397,0.009972035878893948,0.004104808584575331,1.8866702644360498,0.00931606934788558,1.8780356179168916,1.9017808958445763,0.02374527792768477,0.004937836527926767
ca-GrQc,FSW,score_functional_similarity_weight,5,0.9695446685979678,0.002863023724681022,0.9672301068642352,0.9743859886201368,0.00715588175590165,0.0029529570090062614,0.9695540053872433,0.002879242937800513,0.9672351557165468,0.9744243609222417,0.007189205205694882,0.0029696571019275334,0.9433351322180249,0.00465803467394279,0.9390178089584458,0.9508904479222882,0.011872638963842386,0.004937836527926767,0.9433351322180249,0.00465803467394279,0.9390178089584458,0.9508904479222882,0.011872638963842386,0.004937836527926767,0.9433351322180249,0.00465803467394279,0.9390178089584458,0.9508904479222882,0.011872638963842386,0.004937836527926767,0.9433351322180249,0.00465803467394279,0.9390178089584458,0.9508904479222882,0.011872638963842386,0.004937836527926767,0.952467621739661,0.003916558193137525,0.9488411587659042,0.9588322782847267,0.009991119518822478,0.004112011898088481,1.8866702644360498,0.00931606934788558,1.8780356179168916,1.9017808958445763,0.02374527792768477,0.004937836527926767
ca-GrQc,HDI,score_hub_depressed,5,0.9694038546613781,0.0028972313735223646,0.9671229310035009,0.9742748810362507,0.007151950032749821,0.0029886732547957473,0.9690492471015606,0.003276774812866873,0.9656296740581249,0.9742652246028476,0.008635550544722648,0.0033814327008330593,0.9433351322180249,0.00465803467394279,0.9390178089584458,0.9508904479222882,0.011872638963842386,0.004937836527926767,0.9433351322180249,0.00465803467394279,0.9390178089584458,0.9508904479222882,0.011872638963842386,0.004937836527926767,0.9433351322180249,0.00465803467394279,0.9390178089584458,0.9508904479222882,0.011872638963842386,0.004937836527926767,0.9433351322180249,0.00465803467394279,0.9390178089584458,0.9508904479222882,0.011872638963842386,0.004937836527926767,0.9523478887060783,0.0040433115551866535,0.9483085706109514,0.9588151172229741,0.01050654661202266,0.004245624527692458,1.8866702644360498,0.00931606934788558,1.8780356179168916,1.9017808958445763,0.02374527792768477,0.004937836527926767
ca-GrQc,HPI,score_hub_promoted,5,0.9688492195820781,0.0032930398937661256,0.9657603705022907,0.9741496483728926,0.008389277870601952,0.003398918869116299,0.9671636630202401,0.004280095471058318,0.9623939340233668,0.9733001780658697,0.010906244042502844,0.0044254097157584655,0.9433351322180249,0.00465803467394279,0.9390178089584458,0.9508904479222882,0.011872638963842386,0.004937836527926767,0.9433351322180249,0.00465803467394279,0.9390178089584458,0.9508904479222882,0.011872638963842386,0.004937836527926767,0.9433351322180249,0.00465803467394279,0.9390178089584458,0.9508904479222882,0.011872638963842386,0.004937836527926767,0.9433351322180249,0.00465803467394279,0.9390178089584458,0.9508904479222882,0.011872638963842386,0.004937836527926767,0.9518849093019416,0.0040549113891162275,0.9483181467316271,0.9586673666359812,0.010349219904354112,0.004259875694520538,1.8866702644360498,0.00931606934788558,1.8780356179168916,1.9017808958445763,0.02374527792768477,0.004937836527926767
ca-GrQc,IA2,score_individual_attraction_2,5,0.9698267624531507,0.0028688750987404437,0.967553673117702,0.9747180007974117,0.007164327679709648,0.0029581315032838457,0.96993832404393,0.0028712846074427658,0.9676810445930573,0.9748395207453311,0.007158476152273829,0.002960275448722986,0.9433351322180249,0.00465803467394279,0.9390178089584458,0.9508904479222882,0.011872638963842386,0.004937836527926767,0.9433351322180249,0.00465803467394279,0.9390178089584458,0.9508904479222882,0.011872638963842386,0.004937836527926767,0.9433351322180249,0.00465803467394279,0.9390178089584458,0.9508904479222882,0.011872638963842386,0.004937836527926767,0.9433351322180249,0.00465803467394279,0.9390178089584458,0.9508904479222882,0.011872638963842386,0.004937836527926767,0.9525095865820485,0.0039176314069652015,0.9488924567992237,0.9588790604636521,0.009986603664428384,0.0041129574569670115,1.8866702644360498,0.00931606934788558,1.8780356179168916,1.9017808958445763,0.02374527792768477,0.004937836527926767
ca-GrQc,JA,score_jaccard,5,0.9694457930416653,0.0029536932958349315,0.9670938071283014,0.9743859886201369,0.0072921814918355254,0.003046785407740674,0.9691051875113322,0.0033661721873097855,0.9655815860449642,0.9744243609222417,0.00884277487727747,0.00347348485044656,0.9433351322180249,0.00465803467394279,0.9390178089584458,0.9508904479222882,0.011872638963842386,0.004937836527926767,0.9433351322180249,0.00465803467394279,0.9390178089584458,0.9508904479222882,0.011872638963842386,0.004937836527926767,0.9433351322180249,0.00465803467394279,0.9390178089584458,0.9508904479222882,0.011872638963842386,0.004937836527926767,0.9433351322180249,0.00465803467394279,0.9390178089584458,0.9508904479222882,0.011872638963842386,0.004937836527926767,0.9523527479393135,0.004051519474511547,0.9483024627731557,0.9588322782847267,0.010529815511571061,0.004254221435574333,1.8866702644360498,0.00931606934788558,1.8780356179168916,1.9017808958445763,0.02374527792768477,0.004937836527926767
ca-GrQc,LLHN,score_local_leicht_holme_newman,5,0.968085242087844,0.0030257145877266804,0.9654555891483275,0.9729340178220641,0.0074784286737366035,0.0031254629821659105,0.9658960998765916,0.003985542702509057,0.961854247765167,0.9716628502022023,0.009808602437035296,0.0041262644118951015,0.9433351322180249,0.00465803467394279,0.9390178089584458,0.9508904479222882,0.011872638963842386,0.004937836527926767,0.9433351322180249,0.00465803467394279,0.9390178089584458,0.9508904479222882,0.011872638963842386,0.004937836527926767,0.9433351322180249,0.00465803467394279,0.9390178089584458,0.9508904479222882,0.011872638963842386,0.004937836527926767,0.9433351322180249,0.00465803467394279,0.9390178089584458,0.9508904479222882,0.011872638963842386,0.004937836527926767,0.9517704498993288,0.004252691877341052,0.9472829864618305,0.958460500360492,0.011177513898661506,0.004468190704797433,1.8866702644360498,0.00931606934788558,1.8780356179168916,1.9017808958445763,0.02374527792768477,0.004937836527926767
ca-GrQc,LNB-RA,score_lnb_resource_allocation,5,0.9698300534510482,0.002875801625924676,0.9675791565085017,0.9747410086588193,0.007161852150317616,0.002965263466203598,0.9699591700897446,0.002876578104114037,0.9677301421513089,0.9748766101228041,0.007146467971495207,0.0029656692702311215,0.9433351322180249,0.00465803467394279,0.9390178089584458,0.9508904479222882,0.011872638963842386,0.004937836527926767,0.9433351322180249,0.00465803467394279,0.9390178089584458,0.9508904479222882,0.011872638963842386,0.004937836527926767,0.9433351322180249,0.00465803467394279,0.9390178089584458,0.9508904479222882,0.011872638963842386,0.004937836527926767,0.9433351322180249,0.00465803467394279,0.9390178089584458,0.9508904479222882,0.011872638963842386,0.004937836527926767,0.952510823760719,0.003918848419006776,0.9488919118704154,0.958882587690074,0.009990675819658512,0.004114229803220832,1.8866702644360498,0.00931606934788558,1.8780356179168916,1.9017808958445763,0.02374527792768477,0.004937836527926767
ca-GrQc,LPI-beta-0.001,score_local_path_beta_0_001,5,0.9817957431961531,0.0013117823774713231,0.9805637450274624,0.9839553659138242,0.0033916208863618014,0.0013361051792717357,0.9819399924454345,0.001326111790034644,0.9807567332112175,0.9841421322300562,0.0033853990188387195,0.001350501863899117,0.9668645439827307,0.0021109128133413825,0.9649217485159202,0.9697787371829466,0.004856988667026441,0.002183255996384004,0.9668645439827307,0.0021109128133413825,0.9649217485159202,0.9697787371829466,0.004856988667026441,0.002183255996384004,0.9668645439827307,0.0021109128133413825,0.9649217485159202,0.9697787371829466,0.004856988667026441,0.002183255996384004,0.9668645439827307,0.0021109128133413825,0.9649217485159202,0.9697787371829466,0.004856988667026441,0.002183255996384004,0.9721075073445803,0.0017573691365124302,0.970510969291403,0.9745923968209005,0.004081427529497472,0.0018077929891858148,1.9337290879654614,0.004221825626682765,1.9298434970318403,1.9395574743658932,0.009713977334052881,0.002183255996384004
ca-GrQc,LRW-l3,score_lrw_l3,5,0.9527346881954235,0.005162308422884406,0.949093650441853,0.9618359283191533,0.012742277877300312,0.005418411323578807,0.9540235335365729,0.005085557158274382,0.9502836139593223,0.9629523545016067,0.012668740542284396,0.005330641204858104,0.9155963302752292,0.009010957998809195,0.9093362115488397,0.9314624932541824,0.0221262817053427,0.009841627473649323,0.9155963302752292,0.009010957998809195,0.9093362115488397,0.9314624932541824,0.0221262817053427,0.009841627473649323,0.9155963302752292,0.009010957998809195,0.9093362115488397,0.9314624932541824,0.0221262817053427,0.009841627473649323,0.9155963302752292,0.009010957998809195,0.9093362115488397,0.9314624932541824,0.0221262817053427,0.009841627473649323,0.9290067132075942,0.0076440044999256445,0.9236967279619817,0.9424647023424152,0.01876797438043354,0.008228147753134189,1.8311926605504585,0.01802191599761839,1.8186724230976794,1.8629249865083648,0.0442525634106854,0.009841627473649323
ca-GrQc,PA,score_preferential_attachment,5,0.8114932713654934,0.007195093826157473,0.8061394002636876,0.8238949163984601,0.017755516134772553,0.00886648611891796,0.8432241530212222,0.006842044089341208,0.8379119053305886,0.8544484665194597,0.016536561188871146,0.008114146238371575,0.7367512142471667,0.006536415295689045,0.7317862924986508,0.7479762547220723,0.016189962223421506,0.00887194370268957,0.7367512142471667,0.006536415295689045,0.7317862924986508,0.7479762547220723,0.016189962223421506,0.00887194370268957,0.7367512142471667,0.006536415295689045,0.7317862924986508,0.7479762547220723,0.016189962223421506,0.00887194370268957,0.7367512142471667,0.006536415295689045,0.7317862924986508,0.7479762547220723,0.016189962223421506,0.00887194370268957,0.7687465713142565,0.006134852941373551,0.7639827509579546,0.7792499062286464,0.015267155270691779,0.007980332102015554,1.4735024284943334,0.01307283059137809,1.4635725849973016,1.4959525094441446,0.03237992444684301,0.00887194370268957
ca-GrQc,PFP-l3,score_propflow_l3,5,0.9815146104288519,0.0015856835878375615,0.9795196541015591,0.9838298420117142,0.004310187910155139,0.0016155476148691568,0.9813186224471163,0.0018889799867574109,0.9786050125623131,0.9838649746880601,0.005259962125746975,0.0019249405275188374,0.9671883432271992,0.0026548027795464087,0.9649217485159202,0.9713977334052887,0.0064759848893685135,0.002744866393538386,0.9671883432271992,0.0026548027795464087,0.9649217485159202,0.9713977334052887,0.0064759848893685135,0.002744866393538386,0.9671883432271992,0.0026548027795464087,0.9649217485159202,0.9713977334052887,0.0064759848893685135,0.002744866393538386,0.9671883432271992,0.0026548027795464087,0.9649217485159202,0.9713977334052887,0.0064759848893685135,0.002744866393538386,0.9722567814333649,0.0022917277298463664,0.9701495784842395,0.9758830526813619,0.005733474197122335,0.002357121877275827,1.9343766864543983,0.005309605559092817,1.9298434970318403,1.9427954668105774,0.012951969778737027,0.002744866393538386
ca-GrQc,RA,score_resource_allocation,5,0.9698685552140619,0.0028690060547243296,0.9676109015324691,0.9747619778489629,0.00715107631649381,0.002958139058432619,0.9699915321022321,0.002868449890750985,0.9677549268372972,0.9748902271995313,0.007135300362234087,0.0029571906514836103,0.9433351322180249,0.00465803467394279,0.9390178089584458,0.9508904479222882,0.011872638963842386,0.004937836527926767,0.9433351322180249,0.00465803467394279,0.9390178089584458,0.9508904479222882,0.011872638963842386,0.004937836527926767,0.9433351322180249,0.00465803467394279,0.9390178089584458,0.9508904479222882,0.011872638963842386,0.004937836527926767,0.9433351322180249,0.00465803467394279,0.9390178089584458,0.9508904479222882,0.011872638963842386,0.004937836527926767,0.9525158036095684,0.003917632441065864,0.9488971859789219,0.9588848830636004,0.009987697084678504,0.0041129316975319,1.8866702644360498,0.00931606934788558,1.8780356179168916,1.9017808958445763,0.02374527792768477,0.004937836527926767
ca-GrQc,RA-CNI,score_ra_cni,5,0.9814761669135887,0.001354386321554715,0.980345607202218,0.9837220836734759,0.0033764764712579387,0.001379948252654777,0.9817390363634896,0.0013575692129764044,0.9807132695597215,0.9840012050695488,0.003287935509827311,0.0013828208543128192,0.9671883432271992,0.0026548027795464087,0.9649217485159202,0.9713977334052887,0.0064759848893685135,0.002744866393538386,0.9671883432271992,0.0026548027795464087,0.9649217485159202,0.9713977334052887,0.0064759848893685135,0.002744866393538386,0.9671883432271992,0.0026548027795464087,0.9649217485159202,0.9713977334052887,0.0064759848893685135,0.002744866393538386,0.9671883432271992,0.0026548027795464087,0.9649217485159202,0.9713977334052887,0.0064759848893685135,0.002744866393538386,0.9723372615010291,0.0022221236832458474,0.9704827165126836,0.9759110331226474,0.00542831660996379,0.00228534251563648,1.9343766864543983,0.005309605559092817,1.9298434970318403,1.9427954668105774,0.012951969778737027,0.002744866393538386
ca-GrQc,SA,score_salton,5,0.9694337357573328,0.0030139049653534348,0.966981534589407,0.974448896190568,0.0074673616011609045,0.003108933446594921,0.9690971227603418,0.003455182642658219,0.9654873453453636,0.9745252153209281,0.009037869975564439,0.003565362605573113,0.9433351322180249,0.00465803467394279,0.9390178089584458,0.9508904479222882,0.011872638963842386,0.004937836527926767,0.9433351322180249,0.00465803467394279,0.9390178089584458,0.9508904479222882,0.011872638963842386,0.004937836527926767,0.9433351322180249,0.00465803467394279,0.9390178089584458,0.9508904479222882,0.011872638963842386,0.004937836527926767,0.9433351322180249,0.00465803467394279,0.9390178089584458,0.9508904479222882,0.011872638963842386,0.004937836527926767,0.9523497524739108,0.004059672332783001,0.9482924939478549,0.9588424783916851,0.010549984443830263,0.0042627955981898715,1.8866702644360498,0.00931606934788558,1.8780356179168916,1.9017808958445763,0.02374527792768477,0.004937836527926767
ca-GrQc,SO,score_sorensen,5,0.9694457930416653,0.0029536932958349315,0.9670938071283014,0.9743859886201369,0.0072921814918355254,0.003046785407740674,0.9691051875113322,0.0033661721873097855,0.9655815860449642,0.9744243609222417,0.00884277487727747,0.00347348485044656,0.9433351322180249,0.00465803467394279,0.9390178089584458,0.9508904479222882,0.011872638963842386,0.004937836527926767,0.9433351322180249,0.00465803467394279,0.9390178089584458,0.9508904479222882,0.011872638963842386,0.004937836527926767,0.9433351322180249,0.00465803467394279,0.9390178089584458,0.9508904479222882,0.011872638963842386,0.004937836527926767,0.9433351322180249,0.00465803467394279,0.9390178089584458,0.9508904479222882,0.011872638963842386,0.004937836527926767,0.9523527479393135,0.004051519474511547,0.9483024627731557,0.9588322782847267,0.010529815511571061,0.004254221435574333,1.8866702644360498,0.00931606934788558,1.8780356179168916,1.9017808958445763,0.02374527792768477,0.004937836527926767
ca-GrQc,SRW-l3,score_srw_l3,5,0.9825921938112347,0.001340726061964569,0.9812101494375159,0.9847679220318911,0.003557772594375175,0.001364478641708134,0.9830800654985229,0.0013144059116104014,0.981720148279279,0.9852208772390303,0.003500728959751287,0.0013370283436109165,0.967404209390178,0.002519723158106559,0.9649217485159202,0.9713977334052887,0.0064759848893685135,0.002604622900798535,0.967404209390178,0.002519723158106559,0.9649217485159202,0.9713977334052887,0.0064759848893685135,0.002604622900798535,0.967404209390178,0.002519723158106559,0.9649217485159202,0.9713977334052887,0.0064759848893685135,0.002604622900798535,0.967404209390178,0.002519723158106559,0.9649217485159202,0.9713977334052887,0.0064759848893685135,0.002604622900798535,0.9726749921786958,0.0021197292292295623,0.970599864295499,0.9760527264890623,0.005452862193563224,0.002179278018119473,1.934808418780356,0.005039446316213118,1.9298434970318403,1.9427954668105774,0.012951969778737027,0.002604622900798535
ca-HepTh,AA,score_adamic_adar,5,0.9404878440459475,0.0033066875437928645,0.9364695476211512,0.9435873635449569,0.00711781592380567,0.0035159279992047574,0.940565730831852,0.003312099820493287,0.9365610342042214,0.9436993099927904,0.00713827578856896,0.0035213911286816825,0.8940560213062533,0.005824483465403687,0.885864522115682,0.898886827458256,0.013022305342573981,0.00651467394279597,0.8940560213062533,0.005824483465403687,0.885864522115682,0.898886827458256,0.013022305342573981,0.00651467394279597,0.8940560213062533,0.005824483465403687,0.885864522115682,0.898886827458256,0.013022305342573981,0.00651467394279597,0.8940560213062533,0.005824483465403687,0.885864522115682,0.898886827458256,0.013022305342573981,0.00651467394279597,0.9093721027172693,0.005030325099055535,0.9023201905625108,0.9135459723497434,0.011225781787232658,0.0055316465988175375,1.7881120426125066,0.011648966930807374,1.771729044231364,1.797773654916512,0.026044610685147962,0.00651467394279597
ca-HepTh,CAR-RA,score_car_resource_allocation,5,0.7413200769345931,0.003851719499716374,0.7356603882909211,0.7449573830769167,0.00929699478599566,0.005195757702453555,0.7413756896258117,0.003861192284630402,0.7356940591490487,0.7450170909556743,0.009323031806625526,0.005208145261114819,0.6585439540943054,0.004386473138596646,0.6546072974644404,0.6641929499072357,0.0095856524427953,0.0066608661598440404,0.6585439540943054,0.004386473138596646,0.6546072974644404,0.6641929499072357,0.0095856524427953,0.0066608661598440404,0.6585439540943054,0.004386473138596646,0.6546072974644404,0.6641929499072357,0.0095856524427953,0.0066608661598440404,0.6585439540943054,0.004386473138596646,0.6546072974644404,0.6641929499072357,0.0095856524427953,0.0066608661598440404,0.6982359834674905,0.00415399668222414,0.6942413418290393,0.7035545952687559,0.009313253439716562,0.005949273283790233,1.3170879081886109,0.008772946277193293,1.3092145949288807,1.3283858998144713,0.0191713048855906,0.0066608661598440404
ca-HepTh,CN,score_common_neighbors,5,0.9402331156327237,0.0033450333027939053,0.9362089525752394,0.9433553569850945,0.007146404409855145,0.0035576637827129574,0.9395708852806356,0.0034300703415019065,0.9354793443294849,0.9427118152084774,0.007232470878992481,0.0036506775542298722,0.8940560213062533,0.005824483465403687,0.885864522115682,0.898886827458256,0.013022305342573981,0.00651467394279597,0.8940560213062533,0.005824483465403687,0.885864522115682,0.898886827458256,0.013022305342573981,0.00651467394279597,0.8940560213062533,0.005824483465403687,0.885864522115682,0.898886827458256,0.013022305342573981,0.00651467394279597,0.8940560213062533,0.005824483465403687,0.885864522115682,0.898886827458256,0.013022305342573981,0.00651467394279597,0.9093350069548514,0.005034120996348293,0.9022812360204497,0.9135022930727912,0.011221057052341443,0.0055360466251116605,1.7881120426125066,0.011648966930807374,1.771729044231364,1.797773654916512,0.026044610685147962,0.00651467394279597
ca-HepTh,FSW,score_functional_similarity_weight,5,0.9399472973231864,0.0032029387964340817,0.9359452978920249,0.942744576888494,0.006799278996469149,0.003407572749616408,0.9396299740333258,0.003137988203165599,0.9356427647398895,0.9422885553821968,0.006645790642307303,0.003339599938150019,0.8940560213062533,0.005824483465403687,0.885864522115682,0.898886827458256,0.013022305342573981,0.00651467394279597,0.8940560213062533,0.005824483465403687,0.885864522115682,0.898886827458256,0.013022305342573981,0.00651467394279597,0.8940560213062533,0.005824483465403687,0.885864522115682,0.898886827458256,0.013022305342573981,0.00651467394279597,0.8940560213062533,0.005824483465403687,0.885864522115682,0.898886827458256,0.013022305342573981,0.00651467394279597,0.9092650142362105,0.005004443032703065,0.9022572161847251,0.9133828291750387,0.01112561299031356,0.005503833265713885,1.7881120426125066,0.011648966930807374,1.771729044231364,1.797773654916512,0.026044610685147962,0.00651467394279597
ca-HepTh,HDI,score_hub_depressed,5,0.9398890543526278,0.003159580155366716,0.9358778902576943,0.9425151040907733,0.006637213833079025,0.0033616522511191026,0.939289761520123,0.0032993292118945815,0.9346531287291506,0.9417182371499511,0.007065108420800437,0.003512578702609331,0.8940560213062533,0.005824483465403687,0.885864522115682,0.898886827458256,0.013022305342573981,0.00651467394279597,0.8940560213062533,0.005824483465403687,0.885864522115682,0.898886827458256,0.013022305342573981,0.00651467394279597,0.8940560213062533,0.005824483465403687,0.885864522115682,0.898886827458256,0.013022305342573981,0.00651467394279597,0.8940560213062533,0.005824483465403687,0.885864522115682,0.898886827458256,0.013022305342573981,0.00651467394279597,0.9092114763654173,0.005013322007936546,0.9022692281363223,0.9133050990520659,0.01103587091574365,0.005513922930204703,1.7881120426125066,0.011648966930807374,1.771729044231364,1.797773654916512,0.026044610685147962,0.00651467394279597
ca-HepTh,HPI,score_hub_promoted,5,0.9395575927885031,0.0035451799361667547,0.9353355217389143,0.9429210797154077,0.007585557976493407,0.003773243879223042,0.9380623125737608,0.004311029127183266,0.9333130467275949,0.9422182524111813,0.008905205683586437,0.004595674583019009,0.8940560213062533,0.005824483465403687,0.885864522115682,0.898886827458256,0.013022305342573981,0.00651467394279597,0.8940560213062533,0.005824483465403687,0.885864522115682,0.898886827458256,0.013022305342573981,0.00651467394279597,0.8940560213062533,0.005824483465403687,0.885864522115682,0.898886827458256,0.013022305342573981,0.00651467394279597,0.8940560213062533,0.005824483465403687,0.885864522115682,0.898886827458256,0.013022305342573981,0.00651467394279597,0.9090253998957543,0.005237680858116132,0.9017275657873172,0.9133766445584238,0.011649078771106658,0.005761864144518714,1.7881120426125066,0.011648966930807374,1.771729044231364,1.797773654916512,0.026044610685147962,0.00651467394279597
ca-HepTh,IA2,score_individual_attraction_2,5,0.9403005322797323,0.003318147418606397,0.9361901166830932,0.9433348956606311,0.007144778977537958,0.003528815846314201,0.9402610804847009,0.0033278956501670864,0.936083581581949,0.9433009443122171,0.007217362730268073,0.003539331489134453,0.8940560213062533,0.005824483465403687,0.885864522115682,0.898886827458256,0.013022305342573981,0.00651467394279597,0.8940560213062533,0.005824483465403687,0.885864522115682,0.898886827458256,0.013022305342573981,0.00651467394279597,0.8940560213062533,0.005824483465403687,0.885864522115682,0.898886827458256,0.013022305342573981,0.00651467394279597,0.8940560213062533,0.005824483465403687,0.885864522115682,0.898886827458256,0.013022305342573981,0.00651467394279597,0.9093364901421321,0.0050266348678111115,0.9023054592121289,0.9134990507230736,0.011193591510944678,0.005527805077992012,1.7881120426125066,0.011648966930807374,1.771729044231364,1.797773654916512,0.026044610685147962,0.00651467394279597
ca-HepTh,JA,score_jaccard,5,0.9399186514689376,0.0032191574613432933,0.935856998671735,0.9426960051463099,0.006839006474574916,0.00342493199418086,0.9393904506937643,0.0034034966606056494,0.934694618777715,0.9420693183025406,0.007374699524825612,0.003623090545674675,0.8940560213062533,0.005824483465403687,0.885864522115682,0.898886827458256,0.013022305342573981,0.00651467394279597,0.8940560213062533,0.005824483465403687,0.885864522115682,0.898886827458256,0.013022305342573981,0.00651467394279597,0.8940560213062533,0.005824483465403687,0.885864522115682,0.898886827458256,0.013022305342573981,0.00651467394279597,0.8940560213062533,0.005824483465403687,0.885864522115682,0.898886827458256,0.013022305342573981,0.00651467394279597,0.9092213819329308,0.005028570991439636,0.9022572161847251,0.9133475442526067,0.011090328067881572,0.005530634333245994,1.7881120426125066,0.011648966930807374,1.771729044231364,1.797773654916512,0.026044610685147962,0.00651467394279597
ca-HepTh,LLHN,score_local_leicht_holme_newman,5,0.9393177440120468,0.0032965088602594076,0.9352240362046883,0.9421763448731378,0.006952308668449536,0.0035094715087348864,0.9379137071295132,0.0035160433458274166,0.9333219195103772,0.9410665117718194,0.007744592261442196,0.003748791940133037,0.8940560213062533,0.005824483465403687,0.885864522115682,0.898886827458256,0.013022305342573981,0.00651467394279597,0.8940560213062533,0.005824483465403687,0.885864522115682,0.898886827458256,0.013022305342573981,0.00651467394279597,0.8940560213062533,0.005824483465403687,0.885864522115682,0.898886827458256,0.013022305342573981,0.00651467394279597,0.8940560213062533,0.005824483465403687,0.885864522115682,0.898886827458256,0.013022305342573981,0.00651467394279597,0.9089903342850046,0.00505738116091237,0.9020012160220631,0.9130916626690506,0.01109044664698755,0.005563734805706613,1.7881120426125066,0.011648966930807374,1.771729044231364,1.797773654916512,0.026044610685147962,0.00651467394279597
ca-HepTh,LNB-RA,score_lnb_resource_allocation,5,0.940417015431563,0.003329321164998236,0.9363452020488862,0.9435235892299237,0.007178387181037582,0.0035402604486801962,0.9404734217167908,0.003340341627972016,0.936388407440257,0.9436287958438629,0.0072403884036059685,0.003551766111448824,0.8940560213062533,0.005824483465403687,0.885864522115682,0.898886827458256,0.013022305342573981,0.00651467394279597,0.8940560213062533,0.005824483465403687,0.885864522115682,0.898886827458256,0.013022305342573981,0.00651467394279597,0.8940560213062533,0.005824483465403687,0.885864522115682,0.898886827458256,0.013022305342573981,0.00651467394279597,0.8940560213062533,0.005824483465403687,0.885864522115682,0.898886827458256,0.013022305342573981,0.00651467394279597,0.9093589768167807,0.005031543789930971,0.9023123078388169,0.9135355284003019,0.011223220561485059,0.005533066608682894,1.7881120426125066,0.011648966930807374,1.771729044231364,1.797773654916512,0.026044610685147962,0.00651467394279597
ca-HepTh,LPI-beta-0.001,score_local_path_beta_0_001,5,0.9695570359441861,0.0022394614640494407,0.9662649014010233,0.971931747905774,0.005666846504750689,0.0023097779511945683,0.9696835205628995,0.0023356420945475523,0.9662057880448592,0.9720987948935141,0.0058930068486549025,0.002408664316778031,0.9452034054349463,0.004134743639244733,0.93906588308073,0.9499072356215214,0.010841352540791327,0.00437444852131281,0.9452034054349463,0.004134743639244733,0.93906588308073,0.9499072356215214,0.010841352540791327,0.00437444852131281,0.9452034054349463,0.004134743639244733,0.93906588308073,0.9499072356215214,0.010841352540791327,0.00437444852131281,0.9452034054349463,0.004134743639244733,0.93906588308073,0.9499072356215214,0.010841352540791327,0.00437444852131281,0.9531365533736089,0.0035732138865580097,0.9478333064460905,0.9571826578671628,0.009349351421072294,0.0037489002744787053,1.8904068108698926,0.008269487278489467,1.87813176616146,1.8998144712430427,0.021682705081582654,0.00437444852131281
ca-HepTh,LRW-l3,score_lrw_l3,5,0.9259722665097698,0.0029217731640197287,0.9224510535443481,0.9293287844175732,0.006877730873225074,0.0031553570983639187,0.9273320081159634,0.0029795244050521094,0.9235645631082792,0.9307069480839554,0.007142384975676208,0.0032130071851024884,0.8729663234413355,0.005898074276202657,0.8654500463965358,0.8806431663574521,0.015193119960916324,0.006756359458348585,0.8729663234413355,0.005898074276202657,0.8654500463965358,0.8806431663574521,0.015193119960916324,0.006756359458348585,0.8729663234413355,0.00589807427620262,0.8654500463965358,0.880643166357452,0.015193119960916213,0.006756359458348543,0.8729663234413355,0.005898074276202657,0.8654500463965358,0.8806431663574521,0.015193119960916324,0.006756359458348585,0.8909644572549917,0.00510865297324428,0.88442819451866,0.8975727457264256,0.013144551207765698,0.005733845981896669,1.745932646882671,0.011796148552405314,1.7309000927930716,1.7612863327149042,0.030386239921832647,0.006756359458348585
ca-HepTh,PA,score_preferential_attachment,5,0.7923385884538617,0.004019658697750927,0.785735846595905,0.7955360561045693,0.009800209508664337,0.005073157809459628,0.8123232853707274,0.0034858767105298044,0.8061134431832742,0.8142083407506817,0.008094897567407555,0.004291243121190258,0.7227410740468052,0.0034790951582715918,0.717687074829932,0.7269635126777984,0.009276437847866359,0.004813750433182497,0.7227410740468052,0.0034790951582715918,0.717687074829932,0.7269635126777984,0.009276437847866359,0.004813750433182497,0.7227410740468052,0.0034790951582715918,0.717687074829932,0.7269635126777984,0.009276437847866359,0.004813750433182497,0.7227410740468052,0.0034790951582715918,0.717687074829932,0.7269635126777984,0.009276437847866359,0.004813750433182497,0.7494682354459272,0.0030189143976051026,0.7454383724468275,0.7531585736094989,0.0077202011626713585,0.0040280751802761515,1.4454821480936104,0.0069581903165431835,1.435374149659864,1.4539270253555967,0.018552875695732718,0.004813750433182497
ca-HepTh,PFP-l3,score_propflow_l3,5,0.9692203641525658,0.00221379893479961,0.9659029711099645,0.9713789096905981,0.005475938580633666,0.0022841027868159133,0.9692205728882918,0.002375875960982376,0.9655743188496007,0.9712036350373143,0.005629316187713673,0.002451326382705879,0.9452034054349463,0.004134743639244733,0.93906588308073,0.9499072356215214,0.010841352540791327,0.00437444852131281,0.9452034054349463,0.004134743639244733,0.93906588308073,0.9499072356215214,0.010841352540791327,0.00437444852131281,0.9452034054349463,0.004134743639244733,0.93906588308073,0.9499072356215214,0.010841352540791327,0.00437444852131281,0.9452034054349463,0.004134743639244733,0.93906588308073,0.9499072356215214,0.010841352540791327,0.00437444852131281,0.9530342682336925,0.003577169649086461,0.9477018590326325,0.957014680478868,0.009312821446235464,0.0037534533314486306,1.8904068108698926,0.008269487278489467,1.87813176616146,1.8998144712430427,0.021682705081582654,0.00437444852131281
ca-HepTh,RA,score_resource_allocation,5,0.9404276616161443,0.003314131489517147,0.9363615519857238,0.9435026020302988,0.0071410500445749925,0.0035240684900970944,0.9404727631160228,0.003319992427225979,0.9363820934914777,0.9435685744656264,0.007186480974148646,0.003530131395008197,0.8940560213062533,0.005824483465403687,0.885864522115682,0.898886827458256,0.013022305342573981,0.00651467394279597,0.8940560213062533,0.005824483465403687,0.885864522115682,0.898886827458256,0.013022305342573981,0.00651467394279597,0.8940560213062533,0.005824483465403687,0.885864522115682,0.898886827458256,0.013022305342573981,0.00651467394279597,0.8940560213062533,0.005824483465403687,0.885864522115682,0.898886827458256,0.013022305342573981,0.00651467394279597,0.9093614833782688,0.005028678860187217,0.9023195503329218,0.9135306901247723,0.01121113979185051,0.005529900872319472,1.7881120426125066,0.011648966930807374,1.771729044231364,1.797773654916512,0.026044610685147962,0.00651467394279597
ca-HepTh,RA-CNI,score_ra_cni,5,0.9686246795267207,0.00204042423561321,0.9655008103966509,0.9706678308586605,0.005167020462009564,0.0021065168777345015,0.9688953561200121,0.002217661713840755,0.9654290522427341,0.9710990857418931,0.005670033499158955,0.0022888557570566624,0.9443994283594831,0.0036226712211091007,0.9387565728425611,0.948361162646877,0.009604589804315888,0.003835952365411789,0.9443994283594831,0.0036226712211091007,0.9387565728425611,0.948361162646877,0.009604589804315888,0.003835952365411789,0.9443994283594831,0.0036226712211091007,0.9387565728425611,0.948361162646877,0.009604589804315888,0.003835952365411789,0.9443994283594831,0.0036226712211091007,0.9387565728425611,0.948361162646877,0.009604589804315888,0.003835952365411789,0.9523754290257564,0.0031521021742960177,0.9474659431415451,0.9557993949946344,0.008333451853089313,0.003309726477845504,1.8887988567189662,0.007245342442218201,1.8775131456851222,1.896722325293754,0.019209179608631777,0.003835952365411789
ca-HepTh,SA,score_salton,5,0.9398564479023044,0.0033026582258330536,0.9357685560309468,0.9428210678210678,0.007052511790121008,0.003514002838629625,0.9393160730458201,0.003552381260447619,0.9345816543817906,0.9423184073625112,0.007736752980720518,0.003781880628241238,0.8940560213062533,0.005824483465403687,0.885864522115682,0.898886827458256,0.013022305342573981,0.00651467394279597,0.8940560213062533,0.005824483465403687,0.885864522115682,0.898886827458256,0.013022305342573981,0.00651467394279597,0.8940560213062533,0.005824483465403687,0.885864522115682,0.898886827458256,0.013022305342573981,0.00651467394279597,0.8940560213062533,0.005824483465403687,0.885864522115682,0.898886827458256,0.013022305342573981,0.00651467394279597,0.9092089088040968,0.005051484744756167,0.9022051479383509,0.9133735122643413,0.011168364325990332,0.005555912063598783,1.7881120426125066,0.011648966930807374,1.771729044231364,1.797773654916512,0.026044610685147962,0.00651467394279597
ca-HepTh,SO,score_sorensen,5,0.9399186514689376,0.0032191574613432933,0.935856998671735,0.9426960051463099,0.006839006474574916,0.00342493199418086,0.9393904506937643,0.0034034966606056494,0.934694618777715,0.9420693183025406,0.007374699524825612,0.003623090545674675,0.8940560213062533,0.005824483465403687,0.885864522115682,0.898886827458256,0.013022305342573981,0.00651467394279597,0.8940560213062533,0.005824483465403687,0.885864522115682,0.898886827458256,0.013022305342573981,0.00651467394279597,0.8940560213062533,0.005824483465403687,0.885864522115682,0.898886827458256,0.013022305342573981,0.00651467394279597,0.8940560213062533,0.005824483465403687,0.885864522115682,0.898886827458256,0.013022305342573981,0.00651467394279597,0.9092213819329308,0.005028570991439636,0.9022572161847251,0.9133475442526067,0.011090328067881572,0.005530634333245994,1.7881120426125066,0.011648966930807374,1.771729044231364,1.797773654916512,0.026044610685147962,0.00651467394279597
ca-HepTh,SRW-l3,score_srw_l3,5,0.9700066781894524,0.0021450118823466637,0.9668049744893199,0.9722154336519564,0.005410459162636494,0.002211337231564627,0.9705663685553445,0.002151720593035624,0.9673161972739143,0.9727344237445787,0.005418226470664478,0.002216974194395781,0.9452034054349463,0.004134743639244733,0.93906588308073,0.9499072356215214,0.010841352540791327,0.00437444852131281,0.9452034054349463,0.004134743639244733,0.93906588308073,0.9499072356215214,0.010841352540791327,0.00437444852131281,0.9452034054349463,0.004134743639244733,0.93906588308073,0.9499072356215214,0.010841352540791327,0.00437444852131281,0.9452034054349463,0.004134743639244733,0.93906588308073,0.9499072356215214,0.010841352540791327,0.00437444852131281,0.9532058402506978,0.003548142947333143,0.9479344670394638,0.9572124308113238,0.009277963771859965,0.0037223260679980353,1.8904068108698926,0.008269487278489467,1.87813176616146,1.8998144712430427,0.021682705081582654,0.00437444852131281
ego-Facebook,AA,score_adamic_adar,5,0.9947545052693119,0.00020152965883672643,0.9944710619682241,0.99494359447489,0.0004725325066659014,0.00020259235597245765,0.9935136358386417,0.00032713147093197406,0.9931334020624849,0.9938360663312508,0.0007026642687658624,0.0003292672180144129,0.9739655024058361,0.0007509913019813186,0.9726824633291763,0.9745249406175772,0.0018424772884009233,0.0007710656076896575,0.9739655024058361,0.0007509913019813186,0.9726824633291763,0.9745249406175772,0.0018424772884009233,0.0007710656076896575,0.9739655024058361,0.0007509913019813186,0.9726824633291763,0.9745249406175772,0.0018424772884009233,0.0007710656076896575,0.9739655024058361,0.0007509913019813186,0.9726824633291763,0.9745249406175772,0.0018424772884009233,0.0007710656076896575,0.9766022209233883,0.0006737740185513584,0.9754462947691824,0.9771132677856237,0.0016669730164412533,0.0006899165331759102,1.9479310048116723,0.0015019826039626373,1.9453649266583526,1.9490498812351544,0.0036849545768018466,0.0007710656076896575
ego-Facebook,CAR-RA,score_car_resource_allocation,5,0.9880562926214316,0.0001254975451671668,0.9878810660570342,0.9881930958412557,0.0003120297842215125,0.00012701457002435235,0.9872931844458211,0.0002436080787577055,0.9870387742988417,0.9875758270292114,0.000537052730369747,0.00024674340165170436,0.9747375084617925,0.0004655349939024634,0.974285883959855,0.9754750593824228,0.0011891754225678008,0.00047760036918771274,0.9747375084617925,0.0004655349939024634,0.974285883959855,0.9754750593824228,0.0011891754225678008,0.00047760036918771274,0.9747375084617925,0.0004655349939024634,0.974285883959855,0.9754750593824228,0.0011891754225678008,0.00047760036918771274,0.9747375084617925,0.0004655349939024634,0.974285883959855,0.9754750593824228,0.0011891754225678008,0.00047760036918771274,0.9773304386541646,0.000422576970544501,0.9769087861808533,0.9780072413984892,0.001098455217635852,0.00043237880846769874,1.949475016923585,0.0009310699878049268,1.94857176791971,1.9509501187648457,0.0023783508451356017,0.00047760036918771274
ego-Facebook,CN,score_common_neighbors,5,0.9938716541814807,0.00018874706380125376,0.9935924662629952,0.9940560603713915,0.00046359410839624804,0.00018991090349256364,0.9914496798355771,0.0002971761386915835,0.9911023519655259,0.9917545170732192,0.0006521651076932811,0.00029973900313414543,0.9701529696007416,0.0007186453043337773,0.96935685016925,0.9710790426984975,0.001722192529247546,0.0007407546303028169,0.9701529696007416,0.0007186453043337773,0.96935685016925,0.9710790426984975,0.001722192529247546,0.0007407546303028169,0.9701529696007416,0.0007186453043337773,0.96935685016925,0.9710790426984975,0.001722192529247546,0.0007407546303028169,0.9701529696007416,0.0007186453043337773,0.96935685016925,0.9710790426984975,0.001722192529247546,0.0007407546303028169,0.9731704923528566,0.0006234423598774338,0.9724374151817768,0.9739421410964307,0.0015047259146538927,0.0006406301514240562,1.9403059392014832,0.0014372906086675546,1.9387137003385,1.942158085396995,0.003444385058495092,0.0007407546303028169
ego-Facebook,FSW,score_functional_similarity_weight,5,0.9950363159440532,0.0002141922335935091,0.9948210384369076,0.9953011224829469,0.00048008404603927524,0.0002152607197962333,0.9940127444227107,0.00035103522904647013,0.993568759594768,0.9944909653941202,0.0009222057993522048,0.0003531496261150451,0.9733241419118241,0.000626571935796997,0.9726824633291763,0.9741077261120019,0.0014252627828256204,0.0006437443692357933,0.9733241419118241,0.000626571935796997,0.9726824633291763,0.9741077261120019,0.0014252627828256204,0.0006437443692357933,0.9733241419118241,0.000626571935796997,0.9726824633291763,0.9741077261120019,0.0014252627828256204,0.0006437443692357933,0.9733241419118241,0.000626571935796997,0.9726824633291763,0.9741077261120019,0.0014252627828256204,0.0006437443692357933,0.9761112922481301,0.0005781721745233343,0.9755350858876316,0.9768179469449062,0.001282861057274598,0.0005923219812278961,1.9466482838236483,0.001253143871593994,1.9453649266583526,1.9482154522240038,0.0028505255656512407,0.0006437443692357933
ego-Facebook,HDI,score_hub_depressed,5,0.9925448964514277,0.0002849616585736347,0.9922315796971798,0.9929153768632024,0.0006837971660226261,0.0002871020339658559,0.990744519930761,0.00023726883422054326,0.9904208404559172,0.9909950956751027,0.0005742552191855266,0.00023948538644162775,0.96016436295733,0.0016840083326994978,0.9584892214502049,0.9623493081536908,0.003860086703485921,0.0017538750631326395,0.96016436295733,0.0016840083326994978,0.9584892214502049,0.9623493081536908,0.003860086703485921,0.0017538750631326395,0.96016436295733,0.0016840083326994978,0.9584892214502049,0.9623493081536908,0.003860086703485921,0.0017538750631326395,0.96016436295733,0.0016840083326994978,0.9584892214502049,0.9623493081536908,0.003860086703485921,0.0017538750631326395,0.9639881656298389,0.0013884073225570602,0.9627321624719951,0.9660600835193797,0.003327921047384552,0.0014402742399331422,1.92032872591466,0.0033680166653989956,1.9169784429004098,1.9246986163073816,0.007720173406971842,0.0017538750631326395
ego-Facebook,HPI,score_hub_promoted,5,0.9847890030865605,0.0005578423177816588,0.9840311926506046,0.9856054881038878,0.0015742954532832476,0.0005664587196173492,0.9602024067864765,0.0020323036216790854,0.9578825547827563,0.9629243328600051,0.005041778077248815,0.0021165366878017166,0.9534538459031948,0.0007678853043060988,0.9527287843696182,0.9547479066452877,0.0020191222756695826,0.0008053722868763414,0.9534538459031948,0.0007678853043060988,0.9527287843696182,0.9547479066452877,0.0020191222756695826,0.0008053722868763414,0.9534538459031948,0.0007678853043060988,0.9527287843696182,0.9547479066452877,0.0020191222756695826,0.0008053722868763414,0.9534538459031948,0.0007678853043060988,0.9527287843696182,0.9547479066452877,0.0020191222756695826,0.0008053722868763414,0.9511701337679519,0.0007434829275321068,0.9502797891663533,0.9521932645636559,0.0019134753973026886,0.0007816508331552465,1.9069076918063896,0.0015357706086121976,1.9054575687392363,1.9094958132905755,0.004038244551339165,0.0008053722868763414
ego-Facebook,IA2,score_individual_attraction_2,5,0.9952534789589734,0.0001940444872528309,0.9950065335653289,0.9954499497113265,0.0004434161459976327,0.00019496991606178534,0.9941856969138547,0.00031955113980051156,0.9937869101138065,0.9944966368468675,0.0007097267330610224,0.00032141997294113194,0.9754145019359678,0.0005332185898954298,0.9746421996555615,0.9760095011876485,0.001367301532086973,0.000546658460415666,0.9754145019359678,0.0005332185898954298,0.9746421996555615,0.9760095011876485,0.001367301532086973,0.000546658460415666,0.9754145019359678,0.0005332185898954298,0.9746421996555615,0.9760095011876485,0.001367301532086973,0.000546658460415666,0.9754145019359678,0.0005332185898954298,0.9746421996555615,0.9760095011876485,0.001367301532086973,0.000546658460415666,0.9779422873342065,0.00047717357814149806,0.9772406205323161,0.9784913172044816,0.0012506966721654855,0.0004879363376771809,1.9508290038719356,0.0010664371797908597,1.949284399311123,1.952019002375297,0.002734603064173946,0.000546658460415666
ego-Facebook,JA,score_jaccard,5,0.9931915493241675,0.000284667224229665,0.9928453173836902,0.9935460091628158,0.0007006917791255729,0.00028661865319270103,0.9913509028789955,0.0003749102701513802,0.9908782280310222,0.9919161781350485,0.0010379501040262973,0.0003781811960453138,0.9624447657774431,0.001404645181645315,0.9610428172694341,0.9644872023279292,0.003444385058495092,0.0014594553698992498,0.9624447657774431,0.001404645181645315,0.9610428172694341,0.9644872023279292,0.003444385058495092,0.0014594553698992498,0.9624447657774431,0.001404645181645315,0.9610428172694341,0.9644872023279292,0.003444385058495092,0.0014594553698992498,0.9624447657774431,0.001404645181645315,0.9610428172694341,0.9644872023279292,0.003444385058495092,0.0014594553698992498,0.9660229116378108,0.0011968473978898582,0.9648947730986057,0.9679256950582994,0.0030309219596936776,0.0012389430762679364,1.9248895315548862,0.00280929036329063,1.9220856345388682,1.9289744046558583,0.006888770116990184,0.0014594553698992498
ego-Facebook,LLHN,score_local_leicht_holme_newman,5,0.9505205383343058,0.0006945887095984454,0.949631690204631,0.9513205925344445,0.0016889023298134465,0.0007307456089435417,0.8938224448754619,0.0023755756448302794,0.891038914860094,0.8967188149072784,0.0056799000471844385,0.002657771303965491,0.9240225150330381,0.0014053348419829188,0.9225607221331433,0.926242650988776,0.003681928855632677,0.0015208880943043596,0.9240225150330381,0.0014053348419829188,0.9225607221331433,0.926242650988776,0.003681928855632677,0.0015208880943043596,0.9240225150330381,0.0014053348419829307,0.9225607221331433,0.926242650988776,0.003681928855632677,0.0015208880943043724,0.9240225150330381,0.0014053348419829188,0.9225607221331433,0.926242650988776,0.003681928855632677,0.0015208880943043596,0.9182351257843268,0.0016172932143698482,0.9173378449611332,0.9211206524193972,0.0037828074582639815,0.0017613061937577356,1.8480450300660762,0.0028106696839658375,1.8451214442662867,1.852485301977552,0.007363857711265354,0.0015208880943043596
ego-Facebook,LNB-RA,score_lnb_resource_allocation,5,0.9957367351919222,0.00012575934817688454,0.9955748686322601,0.9958766682793485,0.0003017996470884299,0.0001262977890964776,0.9950167699211366,0.00021829288182072397,0.9947424408659349,0.9953281539704292,0.0005857131044942898,0.00021938613339956623,0.9755095208654154,0.00040442339813246076,0.9748203575034147,0.9758907363420427,0.0010703788386280388,0.00041457657714471076,0.9755095208654154,0.00040442339813246076,0.9748203575034147,0.9758907363420427,0.0010703788386280388,0.00041457657714471076,0.9755095208654154,0.00040442339813246076,0.9748203575034147,0.9758907363420427,0.0010703788386280388,0.00041457657714471076,0.9755095208654154,0.00040442339813246076,0.9748203575034147,0.9758907363420427,0.0010703788386280388,0.00041457657714471076,0.978114706422336,0.00036370357502570224,0.9775034630956271,0.9784831962686893,0.0009797331730622139,0.00037184143397253063,1.9510190417308308,0.0008088467962649215,1.9496407150068293,1.9517814726840854,0.0021407576772560777,0.00041457657714471076
ego-Facebook,LPI-beta-0.001,score_local_path_beta_0_001,5,0.9934382190456524,0.00020687561899384452,0.9931259009174549,0.9936222544582939,0.0004963535408389896,0.00020824205776236374,0.9921640618558655,0.00032875231017764564,0.9917782433474507,0.9925150339770525,0.0007367906296018578,0.00033134873839585257,0.9673856168077188,0.0007773968749604893,0.9665657105528832,0.9684066749806995,0.0018409644278163384,0.0008036059886085816,0.9673856168077188,0.0007773968749604893,0.9665657105528832,0.9684066749806995,0.0018409644278163384,0.0008036059886085816,0.9673856168077188,0.0007773968749605259,0.9665657105528832,0.9684066749806997,0.0018409644278164494,0.0008036059886086193,0.9673856168077188,0.0007773968749604893,0.9665657105528832,0.9684066749806995,0.0018409644278163384,0.0008036059886085816,0.9707083549661679,0.0006742853583563894,0.9699529806173692,0.9715649773732098,0.0016119967558405612,0.0006946322805472198,1.9347712336154377,0.0015547937499209787,1.9331314211057664,1.936813349961399,0.003681928855632677,0.0008036059886085816
ego-Facebook,LRW-l3,score_lrw_l3,5,0.9948997775736101,0.00018975932145264243,0.9946614239301873,0.995140373841267,0.00047894991107966245,0.00019073209757412236,0.9940589966096581,0.00031631769645387514,0.993697004637603,0.9944659173536565,0.0007689127160535048,0.00031820817228425034,0.972362098702269,0.00048778581319676467,0.9719698319377635,0.9730997624703088,0.0011299305325452869,0.0005016503767966398,0.972362098702269,0.00048778581319676467,0.9719698319377635,0.9730997624703088,0.0011299305325452869,0.0005016503767966398,0.972362098702269,0.00048778581319676467,0.9719698319377635,0.9730997624703088,0.0011299305325452869,0.0005016503767966398,0.972362098702269,0.00048778581319676467,0.9719698319377635,0.9730997624703088,0.0011299305325452869,0.0005016503767966398,0.9752292159843197,0.0004376871567265484,0.9748645405594357,0.9759152814594191,0.00105074089998336,0.00044880439342127523,1.944724197404538,0.0009755716263935293,1.943939663875527,1.9461995249406177,0.0022598610650905737,0.0005016503767966398
ego-Facebook,PA,score_preferential_attachment,5,0.8266892741866437,0.0030881186755895413,0.8242599968137758,0.8316876488380411,0.007427652024265319,0.003735525271726616,0.8401621123918469,0.0031133488075838784,0.8364096399486243,0.844258905809376,0.007849265860751742,0.0037056524707124974,0.7461280833615099,0.0022106884632584704,0.744046558584239,0.7498663816141101,0.005819823029871163,0.0029628806535450555,0.7461280833615099,0.0022106884632584704,0.744046558584239,0.7498663816141101,0.005819823029871163,0.0029628806535450555,0.7461280833615099,0.002210688463258517,0.744046558584239,0.7498663816141102,0.005819823029871274,0.0029628806535451184,0.7461280833615099,0.0022106884632584704,0.744046558584239,0.7498663816141101,0.005819823029871163,0.0029628806535450555,0.76426301418329,0.0022758615486421657,0.7622656588481159,0.7679161741769851,0.005650515328869177,0.002977851219287651,1.4922561667230199,0.004421376926516941,1.488093117168478,1.4997327632282202,0.011639646059742326,0.0029628806535450555
ego-Facebook,PFP-l3,score_propflow_l3,5,0.9907794200819214,0.0002834303375620427,0.9904429249132117,0.991144111337106,0.0007011864238942733,0.0002860680508872576,0.9858540660604195,0.00026630832446110814,0.9855428543003569,0.9862214649019967,0.0006786106016397619,0.00027012955936298494,0.9670055580170397,0.001193362245836588,0.966090622958608,0.9690005344735435,0.0029099115149354704,0.0012340800277133046,0.9670055580170397,0.001193362245836588,0.966090622958608,0.9690005344735435,0.0029099115149354704,0.0012340800277133046,0.9670055580170397,0.001193362245836588,0.966090622958608,0.9690005344735435,0.0029099115149354704,0.0012340800277133046,0.9670055580170397,0.001193362245836588,0.966090622958608,0.9690005344735435,0.0029099115149354704,0.0012340800277133046,0.9695764490670932,0.0010261220921066747,0.968760279501816,0.9712907487478357,0.0025304692460197398,0.0010583199427894403,1.9340111160340794,0.002386724491673176,1.932181245917216,1.938001068947087,0.005819823029870941,0.0012340800277133046
ego-Facebook,RA,score_resource_allocation,5,0.9958014466194488,0.0001276346687813866,0.9956335175031311,0.9959435369779003,0.00031001947476916314,0.00012817280916259095,0.9950962527954685,0.0002467688428347201,0.9947522369059361,0.995399005909117,0.000646769003180947,0.00024798489808547277,0.9755570282142504,0.0003774222556083761,0.9749985153512679,0.9760095011876485,0.0010109858363805957,0.0003868787212770581,0.9755570282142504,0.0003774222556083761,0.9749985153512679,0.9760095011876485,0.0010109858363805957,0.0003868787212770581,0.9755570282142504,0.0003774222556083761,0.9749985153512679,0.9760095011876485,0.0010109858363805957,0.0003868787212770581,0.9755570282142504,0.0003774222556083761,0.9749985153512679,0.9760095011876485,0.0010109858363805957,0.0003868787212770581,0.9781618064206796,0.00033704851935437814,0.9776640293995124,0.978590607727024,0.0009265783275116402,0.00034457337951858565,1.9511140564285008,0.0007548445112167522,1.9499970307025358,1.952019002375297,0.0020219716727611914,0.0003868787212770581
ego-Facebook,RA-CNI,score_ra_cni,5,0.9901739052606683,0.0001675460902853485,0.9899861267383196,0.9904301293859774,0.00044400264765775965,0.00016920875150839402,0.9888206414398255,0.00026803717061745245,0.9883850807694614,0.9890394005510916,0.0006543197816302193,0.0002710675317488948,0.9506033323275809,0.0013741566798681022,0.949284399311123,0.9524346793349169,0.0031502800237939166,0.0014455626580894033,0.9506033323275809,0.0013741566798681022,0.949284399311123,0.9524346793349169,0.0031502800237939166,0.0014455626580894033,0.9506033323275809,0.0013741566798681022,0.949284399311123,0.9524346793349169,0.0031502800237939166,0.0014455626580894033,0.9506033323275809,0.0013741566798681022,0.949284399311123,0.9524346793349169,0.0031502800237939166,0.0014455626580894033,0.9557430869025211,0.0012065822681111955,0.9546030712875077,0.9573640294103255,0.002760958122817847,0.0012624546121715848,1.9012066646551617,0.0027483133597362044,1.898568798622246,1.9048693586698338,0.006300560047587833,0.0014455626580894033
ego-Facebook,SA,score_salton,5,0.9930397866267731,0.0003021219347713225,0.992598364375038,0.9933744233035897,0.0007760589285517039,0.00030423950665420105,0.9910437462944717,0.0005003063530920993,0.9903784586612404,0.9917848946903463,0.0014064360291058398,0.0005048277182140069,0.9624328871769938,0.0013716689262388234,0.9608052734722965,0.964309044480076,0.0035037710077795436,0.0014252099491967693,0.9624328871769938,0.0013716689262388234,0.9608052734722965,0.964309044480076,0.0035037710077795436,0.0014252099491967693,0.9624328871769938,0.0013716689262388234,0.9608052734722965,0.964309044480076,0.0035037710077795436,0.0014252099491967693,0.9624328871769938,0.0013716689262388234,0.9608052734722965,0.964309044480076,0.0035037710077795436,0.0014252099491967693,0.9659657125569836,0.0011312784275014443,0.9648981904553515,0.9677198390070633,0.0028216485517117418,0.0011711372492786162,1.9248657743539876,0.002743337852477647,1.921610546944593,1.928618088960152,0.007007542015559087,0.0014252099491967693
ego-Facebook,SO,score_sorensen,5,0.9931915493241675,0.000284667224229665,0.9928453173836902,0.9935460091628158,0.0007006917791255729,0.00028661865319270103,0.9913509028789955,0.0003749102701513802,0.9908782280310222,0.9919161781350485,0.0010379501040262973,0.0003781811960453138,0.9624447657774431,0.001404645181645315,0.9610428172694341,0.9644872023279292,0.003444385058495092,0.0014594553698992498,0.9624447657774431,0.001404645181645315,0.9610428172694341,0.9644872023279292,0.003444385058495092,0.0014594553698992498,0.9624447657774431,0.001404645181645315,0.9610428172694341,0.9644872023279292,0.003444385058495092,0.0014594553698992498,0.9624447657774431,0.001404645181645315,0.9610428172694341,0.9644872023279292,0.003444385058495092,0.0014594553698992498,0.9660229116378108,0.0011968473978898582,0.9648947730986057,0.9679256950582994,0.0030309219596936776,0.0012389430762679364,1.9248895315548862,0.00280929036329063,1.9220856345388682,1.9289744046558583,0.006888770116990184,0.0014594553698992498
ego-Facebook,SRW-l3,score_srw_l3,5,0.9959520180986084,0.0001697994765894864,0.9957152097728161,0.9961363248884496,0.0004211151156334747,0.00017048961546727313,0.9952459932979121,0.0002767604752971502,0.9948976694357357,0.9955466251854078,0.0006489557496721643,0.0002780824812768737,0.9756401629008782,0.0005844828672009433,0.9749985153512679,0.9764845605700713,0.0014860452188033557,0.0005990762674868735,0.9756401629008782,0.0005844828672009433,0.9749985153512679,0.9764845605700713,0.0014860452188033557,0.0005990762674868735,0.9756401629008782,0.0005844828672009433,0.9749985153512679,0.9764845605700713,0.0014860452188033557,0.0005990762674868735,0.9756401629008782,0.0005844828672009433,0.9749985153512679,0.9764845605700713,0.0014860452188033557,0.0005990762674868735,0.9781994871246129,0.0005221956640367721,0.9776217647501835,0.9789762551915063,0.0013544904413228531,0.0005338335083079527,1.9512803258017564,0.0011689657344018866,1.9499970307025358,1.9529691211401425,0.0029720904376067114,0.0005990762674868735
email-Eu-core,AA,score_adamic_adar,5,0.9490299689214521,0.0041063108305688465,0.9458269424255431,0.9555279117034524,0.00970096927790931,0.00432685053690724,0.9460764299493863,0.0054492751718719515,0.9411087946527867,0.954209979992523,0.013101185339736254,0.005759867807047555,0.8863319784807177,0.0024525493593787477,0.8846153846153846,0.8905835543766578,0.005968169761273234,0.0027670775949917995,0.8863319784807177,0.0024525493593787477,0.8846153846153846,0.8905835543766578,0.005968169761273234,0.0027670775949917995,0.8863319784807177,0.002452549359378747,0.8846153846153846,0.8905835543766578,0.005968169761273234,0.0027670775949917986,0.8863319784807177,0.0024525493593787477,0.8846153846153846,0.8905835543766578,0.005968169761273234,0.0027670775949917995,0.8993787618600473,0.0027372448339201467,0.8969884010418652,0.9039304563274881,0.006942055285622972,0.0030434839580369038,1.7726639569614353,0.0049050987187574955,1.7692307692307692,1.7811671087533156,0.011936339522546469,0.0027670775949917995
email-Eu-core,CAR-RA,score_car_resource_allocation,5,0.9316037856416894,0.0038882667002496825,0.928990619877013,0.9383592546208022,0.009368634743789128,0.00417373432802384,0.9311112048916149,0.004626000341576184,0.9268083572881335,0.938597967493003,0.01178961020486946,0.004968257623013643,0.8868625264482187,0.003078224199013476,0.8836206896551724,0.8919098143236074,0.00828912466843501,0.003470914721519925,0.8868625264482187,0.003078224199013476,0.8836206896551724,0.8919098143236074,0.00828912466843501,0.003470914721519925,0.8868625264482187,0.003078224199013476,0.8836206896551724,0.8919098143236074,0.00828912466843501,0.003470914721519925,0.8868625264482187,0.003078224199013476,0.8836206896551724,0.8919098143236074,0.00828912466843501,0.003470914721519925,0.9003371814375939,0.003015815599684117,0.8975787941552487,0.9053154997750678,0.007736705619819095,0.0033496512882747755,1.7737250528964374,0.006156448398026952,1.7672413793103448,1.7838196286472148,0.01657824933687002,0.003470914721519925
email-Eu-core,CN,score_common_neighbors,5,0.9441393965320328,0.004384273242147793,0.9408764990783022,0.9513748293803517,0.010498330302049497,0.004643671536482741,0.9349294228507746,0.005717671117041037,0.9299894158212868,0.9441080609011047,0.01411864507981786,0.006115617903656074,0.8804295718577757,0.0049430389249195605,0.8759946949602122,0.8885941644562334,0.012599469496021198,0.005614349043830229,0.8804295718577757,0.0049430389249195605,0.8759946949602122,0.8885941644562334,0.012599469496021198,0.005614349043830229,0.8804295718577757,0.0049430389249196065,0.8759946949602122,0.8885941644562335,0.01259946949602131,0.005614349043830281,0.8804295718577757,0.0049430389249195605,0.8759946949602122,0.8885941644562334,0.012599469496021198,0.005614349043830229,0.8938085651900423,0.004607067469792458,0.890094573476015,0.901732521888932,0.011637948412917098,0.005154423048981299,1.7608591437155514,0.009886077849839121,1.7519893899204244,1.7771883289124668,0.025198938992042397,0.005614349043830229
email-Eu-core,FSW,score_functional_similarity_weight,5,0.9363385231434076,0.00435759653250498,0.9319385909983186,0.9425159098424672,0.010577318844148698,0.00465386868616275,0.9335863287417782,0.005425642091941025,0.927304787195425,0.9398846459993182,0.012579858803893229,0.0058116126221056845,0.867497855549837,0.004395754010344316,0.8640583554376657,0.875,0.010941644562334263,0.005067164122910945,0.867497855549837,0.004395754010344316,0.8640583554376657,0.875,0.010941644562334263,0.005067164122910945,0.867497855549837,0.004395754010344316,0.8640583554376657,0.875,0.010941644562334263,0.005067164122910945,0.867497855549837,0.004395754010344316,0.8640583554376657,0.875,0.010941644562334263,0.005067164122910945,0.8825785755281947,0.0041387384342020965,0.879301580505947,0.8894158901223906,0.010114309616443662,0.0046893710644689,1.734995711099674,0.008791508020688631,1.7281167108753315,1.75,0.021883289124668526,0.005067164122910945
email-Eu-core,HDI,score_hub_depressed,5,0.9266848646149588,0.004914769527729912,0.9222632366547293,0.9337669806126829,0.011503743957953616,0.005303603970883908,0.9202579541201363,0.006005383753871637,0.9123666694449399,0.9270639919369736,0.014697322492033704,0.006525761311798079,0.8497250265032046,0.005262212495135901,0.8438328912466844,0.8567639257294429,0.012931034482758563,0.006192841602878287,0.8497250265032046,0.005262212495135901,0.8438328912466844,0.8567639257294429,0.012931034482758563,0.006192841602878287,0.8497250265032046,0.005262212495135889,0.8438328912466844,0.8567639257294429,0.012931034482758563,0.006192841602878274,0.8497250265032046,0.005262212495135901,0.8438328912466844,0.8567639257294429,0.012931034482758563,0.006192841602878287,0.8651201632210526,0.004552140140907224,0.8596823843200854,0.8698952344988163,0.01021285017873097,0.0052618587965381595,1.6994500530064092,0.010524424990271801,1.6876657824933687,1.7135278514588859,0.025862068965517127,0.006192841602878287
email-Eu-core,HPI,score_hub_promoted,5,0.9063889191979289,0.005305887882153017,0.8991121731842201,0.9137835390736586,0.014671365889438515,0.005853875494029916,0.8396614196442327,0.008974706265582924,0.8259767472320916,0.8499510355970462,0.023974288364954632,0.010688482352071788,0.8480664757556162,0.004114991954575636,0.8424543946932007,0.8521220159151194,0.009667621221918665,0.004852204481858844,0.8480664757556162,0.004114991954575636,0.8424543946932007,0.8521220159151194,0.009667621221918665,0.004852204481858844,0.8480664757556162,0.004114991954575636,0.8424543946932007,0.8521220159151194,0.009667621221918665,0.004852204481858844,0.8480664757556162,0.004114991954575636,0.8424543946932007,0.8521220159151194,0.009667621221918665,0.004852204481858844,0.8385843037842008,0.004160650593609634,0.8339439494690845,0.8435551381336586,0.00961118866457411,0.004961517374978587,1.6961329515112324,0.008229983909151271,1.6849087893864014,1.7042440318302388,0.01933524244383733,0.004852204481858844
email-Eu-core,IA2,score_individual_attraction_2,5,0.9516420164379518,0.003764650707677634,0.9480598940926905,0.9572636258258342,0.009203731733143705,0.003955952598403471,0.9501901584412729,0.0049285789799688295,0.945005197727302,0.9568545060060021,0.011849308278700121,0.00518693962064799,0.8899130562923666,0.0026970959327422637,0.8875994694960212,0.8945623342175066,0.00696286472148544,0.003030740939996026,0.8899130562923666,0.0026970959327422637,0.8875994694960212,0.8945623342175066,0.00696286472148544,0.003030740939996026,0.8899130562923666,0.0026970959327422637,0.8875994694960212,0.8945623342175066,0.00696286472148544,0.003030740939996026,0.8899130562923666,0.0026970959327422637,0.8875994694960212,0.8945623342175066,0.00696286472148544,0.003030740939996026,0.9029892416856354,0.0027580135311164157,0.9004463202390665,0.9076249950361606,0.007178674797094109,0.003054314939531233,1.7798261125847332,0.005394191865484527,1.7751989389920424,1.7891246684350133,0.01392572944297088,0.003030740939996026
email-Eu-core,JA,score_jaccard,5,0.9332915008912408,0.004479882795471412,0.9292866207811215,0.9400301068923305,0.01074348611120901,0.004800089566007379,0.9278229804998462,0.005795293446994609,0.9207033893985341,0.9347560241066355,0.014052634708101364,0.006246119754301094,0.8599375800044868,0.003556539849744937,0.8567639257294429,0.8660477453580901,0.009283819628647216,0.004135811636149661,0.8599375800044868,0.003556539849744937,0.8567639257294429,0.8660477453580901,0.009283819628647216,0.004135811636149661,0.8599375800044868,0.0035565398497449845,0.8567639257294429,0.8660477453580903,0.009283819628647327,0.004135811636149717,0.8599375800044868,0.003556539849744937,0.8567639257294429,0.8660477453580901,0.009283819628647216,0.004135811636149661,0.8744655422873284,0.0025685738040498334,0.8717190477526822,0.8785737520978004,0.0068547043451182565,0.0029373070519522673,1.7198751600089737,0.007113079699489874,1.7135278514588859,1.7320954907161803,0.018567639257294433,0.004135811636149661
email-Eu-core,LLHN,score_local_leicht_holme_newman,5,0.850534039291276,0.005995247897394135,0.8409554986139354,0.8567495241998466,0.015794025585911253,0.007048804187060863,0.7705780236239825,0.00680824232179559,0.7607015602989416,0.7787112596824394,0.018009699383497724,0.008835240706420399,0.7781680677074398,0.005788165955205803,0.771551724137931,0.7868037135278515,0.01525198938992045,0.007438195160408358,0.7781680677074398,0.005788165955205803,0.771551724137931,0.7868037135278515,0.01525198938992045,0.007438195160408358,0.7781680677074398,0.00578816595520582,0.771551724137931,0.7868037135278515,0.01525198938992045,0.007438195160408381,0.7781680677074398,0.005788165955205803,0.771551724137931,0.7868037135278515,0.01525198938992045,0.007438195160408358,0.7710646693174216,0.0047970406984980535,0.7659238182708845,0.7764771712288955,0.010553352958010964,0.006221320842964563,1.5563361354148797,0.011576331910411606,1.543103448275862,1.573607427055703,0.0305039787798409,0.007438195160408358
email-Eu-core,LNB-RA,score_lnb_resource_allocation,5,0.9529339565956322,0.0036249471308519984,0.9490895484911597,0.95776339188343,0.008673843392270286,0.003803985686271654,0.95194028371176,0.004893859756787992,0.9468903284078697,0.9574364756151923,0.01054614720732261,0.005140931464425571,0.8930301630661898,0.0030570186811008314,0.8905835543766578,0.8975464190981433,0.00696286472148544,0.003423197566591321,0.8930301630661898,0.0030570186811008314,0.8905835543766578,0.8975464190981433,0.00696286472148544,0.003423197566591321,0.8930301630661898,0.0030570186811008145,0.8905835543766578,0.8975464190981433,0.00696286472148544,0.0034231975665913023,0.8930301630661898,0.0030570186811008314,0.8905835543766578,0.8975464190981433,0.00696286472148544,0.003423197566591321,0.9058482199734506,0.0031148268867497633,0.9031169566065916,0.9101959174082449,0.007078960801653267,0.0034385748275147635,1.7860603261323795,0.006114037362201663,1.7811671087533156,1.7950928381962865,0.01392572944297088,0.003423197566591321
email-Eu-core,LPI-beta-0.001,score_local_path_beta_0_001,5,0.9471161160220166,0.004030045608004751,0.9442564611198278,0.9540462031851344,0.009789742065306695,0.0042550702493917535,0.942620378576519,0.005355554784407628,0.9380651295446538,0.9513158425655588,0.01325071302090497,0.005681560579557193,0.8778433429668633,0.0056690798001399105,0.8720159151193634,0.8872679045092838,0.01525198938992045,0.006457962967492602,0.8778433429668633,0.0056690798001399105,0.8720159151193634,0.8872679045092838,0.01525198938992045,0.006457962967492602,0.8778433429668633,0.0056690798001399105,0.8720159151193634,0.8872679045092838,0.01525198938992045,0.006457962967492602,0.8778433429668633,0.0056690798001399105,0.8720159151193634,0.8872679045092838,0.01525198938992045,0.006457962967492602,0.8914831683194546,0.005378120084986022,0.8865539192231712,0.9005318595245967,0.013977940301425518,0.006032778044620157,1.7556866859337266,0.011338159600279821,1.7440318302387268,1.7745358090185677,0.0305039787798409,0.006457962967492602
email-Eu-core,LRW-l3,score_lrw_l3,5,0.951931731815867,0.0038809533774250434,0.9481554828711944,0.9578766252840728,0.009721142412878359,0.004076924056331111,0.9482379423180282,0.005286613520244532,0.9433241215946097,0.9554349608096843,0.01211083921507461,0.005575197199261051,0.8852709925175185,0.004420840751431012,0.8806366047745358,0.8919098143236074,0.011273209549071628,0.0049937711602399855,0.8852709925175185,0.004420840751431012,0.8806366047745358,0.8919098143236074,0.011273209549071628,0.0049937711602399855,0.8852709925175185,0.004420840751430991,0.8806366047745358,0.8919098143236074,0.011273209549071628,0.004993771160239962,0.8852709925175185,0.004420840751431012,0.8806366047745358,0.8919098143236074,0.011273209549071628,0.0049937711602399855,0.8983383293796814,0.004296413766024541,0.8942664094707343,0.9048295707956364,0.010563161324902093,0.004782623233933803,1.770541985035037,0.008841681502862023,1.7612732095490715,1.7838196286472148,0.022546419098143256,0.0049937711602399855
email-Eu-core,PA,score_preferential_attachment,5,0.8697515185063189,0.004407949760652628,0.8649996767900991,0.8767337902539244,0.011734113463825246,0.005068056412505824,0.8636620627123873,0.00570906299088096,0.8577159752896535,0.8724719033816358,0.01475592809198234,0.006610297287982377,0.781152548486568,0.006102320142020377,0.7728779840848806,0.7894562334217506,0.01657824933687002,0.007811944227594499,0.781152548486568,0.006102320142020377,0.7728779840848806,0.7894562334217506,0.01657824933687002,0.007811944227594499,0.781152548486568,0.006102320142020465,0.7728779840848805,0.7894562334217508,0.016578249336870243,0.007811944227594612,0.781152548486568,0.006102320142020377,0.7728779840848806,0.7894562334217506,0.01657824933687002,0.007811944227594499,0.8020224751858638,0.0057549461854632545,0.7943354699260339,0.8103202617776794,0.015984791851645475,0.007175542286554477,1.562305096973136,0.012204640284040754,1.5457559681697612,1.5789124668435013,0.03315649867374004,0.007811944227594499
email-Eu-core,PFP-l3,score_propflow_l3,5,0.93374471096961,0.00440228833373202,0.9300888189602402,0.9399370466266561,0.00984822766641591,0.004714659458858556,0.9245392562462174,0.004498933450591094,0.9193115728635142,0.9294443857168546,0.010132812853340445,0.004866135667248473,0.8594072519805922,0.0069477536214123895,0.8531167108753316,0.8703580901856764,0.017241379310344862,0.008084355357021457,0.8594072519805922,0.0069477536214123895,0.8531167108753316,0.8703580901856764,0.017241379310344862,0.008084355357021457,0.8594072519805922,0.006947753621412411,0.8531167108753316,0.8703580901856764,0.017241379310344862,0.008084355357021481,0.8594072519805922,0.0069477536214123895,0.8531167108753316,0.8703580901856764,0.017241379310344862,0.008084355357021457,0.8729849240862426,0.007091567963680423,0.8655626345005508,0.8832338285272541,0.017671194026703252,0.008123356736203893,1.7188145039611844,0.013895507242824779,1.7062334217506632,1.740716180371353,0.034482758620689724,0.008084355357021457
email-Eu-core,RA,score_resource_allocation,5,0.9528702394581362,0.003792126890269738,0.9489078803410986,0.9581614677511276,0.009253587410029018,0.00397968866403697,0.9517185555516843,0.00514696177109549,0.94638302122823,0.9579470436682616,0.011564022440031518,0.005408071263370442,0.8928311800854261,0.0032819917940569814,0.8895888594164456,0.8978779840848806,0.00828912466843501,0.0036759376993789135,0.8928311800854261,0.0032819917940569814,0.8895888594164456,0.8978779840848806,0.00828912466843501,0.0036759376993789135,0.8928311800854261,0.0032819917940569814,0.8895888594164456,0.8978779840848806,0.00828912466843501,0.0036759376993789135,0.8928311800854261,0.0032819917940569814,0.8895888594164456,0.8978779840848806,0.00828912466843501,0.0036759376993789135,0.9056150534545907,0.0033339501640800434,0.9022831292851762,0.9105337824574244,0.008250653172248268,0.003681420876742542,1.7856623601708521,0.006563983588113963,1.7791777188328912,1.7957559681697612,0.01657824933687002,0.0036759376993789135
email-Eu-core,RA-CNI,score_ra_cni,5,0.9380030694753074,0.004687191257919918,0.9340074641698738,0.9457168971497724,0.01170943297989857,0.004996989253501912,0.9318291797089155,0.005482057104239278,0.927385802448889,0.9402087381575471,0.012822935708658112,0.005883113797693866,0.8671663345518208,0.007961471551282594,0.8577586206896551,0.8789787798408488,0.021220159151193685,0.009181020104288683,0.8671663345518208,0.007961471551282594,0.8577586206896551,0.8789787798408488,0.021220159151193685,0.009181020104288683,0.8671663345518208,0.007961471551282554,0.8577586206896551,0.8789787798408487,0.021220159151193574,0.009181020104288638,0.8671663345518208,0.007961471551282594,0.8577586206896551,0.8789787798408488,0.021220159151193685,0.009181020104288683,0.8813914810508416,0.00724650774480814,0.8730561866557416,0.8922834983332047,0.019227311677463166,0.008221667557041134,1.7343326691036416,0.015922943102565187,1.7155172413793103,1.7579575596816976,0.04244031830238737,0.009181020104288683
email-Eu-core,SA,score_salton,5,0.9346754811113602,0.004192433472168322,0.931078511862463,0.941256435614829,0.010177923752365925,0.004485442869629339,0.9280117951990257,0.0058188779907230185,0.9207816655442327,0.9352882392197626,0.014506573675529877,0.006270262965219182,0.8625901218927468,0.0044859538455809655,0.8574270557029178,0.8687002652519894,0.011273209549071628,0.0052005625055589755,0.8625901218927468,0.0044859538455809655,0.8574270557029178,0.8687002652519894,0.011273209549071628,0.0052005625055589755,0.8625901218927468,0.0044859538455809655,0.8574270557029178,0.8687002652519894,0.011273209549071628,0.0052005625055589755,0.8625901218927468,0.0044859538455809655,0.8574270557029178,0.8687002652519894,0.011273209549071628,0.0052005625055589755,0.876380838684786,0.0035504998148666567,0.8712245331870394,0.8807780697157497,0.009553536528710271,0.004051320679483375,1.7251802437854935,0.008971907691161931,1.7148541114058355,1.7374005305039788,0.022546419098143256,0.0052005625055589755
email-Eu-core,SO,score_sorensen,5,0.9332915008912408,0.004479882795471412,0.9292866207811215,0.9400301068923305,0.01074348611120901,0.004800089566007379,0.9278229804998462,0.005795293446994609,0.9207033893985341,0.9347560241066355,0.014052634708101364,0.006246119754301094,0.8599375800044868,0.003556539849744937,0.8567639257294429,0.8660477453580901,0.009283819628647216,0.004135811636149661,0.8599375800044868,0.003556539849744937,0.8567639257294429,0.8660477453580901,0.009283819628647216,0.004135811636149661,0.8599375800044868,0.0035565398497449845,0.8567639257294429,0.8660477453580903,0.009283819628647327,0.004135811636149717,0.8599375800044868,0.003556539849744937,0.8567639257294429,0.8660477453580901,0.009283819628647216,0.004135811636149661,0.8744655422873284,0.0025685738040498334,0.8717190477526822,0.8785737520978004,0.0068547043451182565,0.0029373070519522673,1.7198751600089737,0.007113079699489874,1.7135278514588859,1.7320954907161803,0.018567639257294433,0.004135811636149661
email-Eu-core,SRW-l3,score_srw_l3,5,0.9584650650615867,0.0033687809145202204,0.9547786473907506,0.963301164786919,0.008522517396168383,0.0035147665129597163,0.9558735101550703,0.004837281451347953,0.9509577701774558,0.9619858525751496,0.011028082397693817,0.0050605874103187625,0.8946879879998768,0.003434070103339578,0.8919098143236074,0.9005305039787799,0.008620689655172487,0.003838287927634556,0.8946879879998768,0.003434070103339578,0.8919098143236074,0.9005305039787799,0.008620689655172487,0.003838287927634556,0.8946879879998768,0.0034340701033395765,0.8919098143236074,0.9005305039787799,0.008620689655172487,0.003838287927634555,0.8946879879998768,0.003434070103339578,0.8919098143236074,0.9005305039787799,0.008620689655172487,0.003838287927634556,0.9070764649918829,0.0035132770475156602,0.903769806541025,0.9127750108058214,0.00900520426479634,0.0038731873035059944,1.7893759759997536,0.006868140206679156,1.7838196286472148,1.8010610079575597,0.017241379310344973,0.003838287927634556
power-grid,AA,score_adamic_adar,5,0.6886294973908267,0.010003344496013498,0.6797583081570997,0.7039274924471299,0.024169184290030232,0.014526453679250647,0.6886294973908266,0.010003344496013547,0.6797583081570996,0.7039274924471299,0.024169184290030343,0.01452645367925072,0.6209301473954042,0.022843568963021033,0.595166163141994,0.6435045317220544,0.048338368580060354,0.03678927341318862,0.6209301473954042,0.022843568963021033,0.595166163141994,0.6435045317220544,0.048338368580060354,0.03678927341318862,0.6209301473954042,0.022843568963021033,0.595166163141994,0.6435045317220544,0.048338368580060354,0.03678927341318862,0.6209301473954042,0.022843568963021033,0.595166163141994,0.6435045317220544,0.048338368580060354,0.03678927341318862,0.6844061744951988,0.01844489797027725,0.6625626721059866,0.7031180072085187,0.040555335102532064,0.02695022145859767,1.2418602947908084,0.045687137926042065,1.190332326283988,1.2870090634441087,0.09667673716012071,0.03678927341318862
power-grid,CAR-RA,score_car_resource_allocation,5,0.5305355671518812,0.004362196634689898,0.525679758308157,0.5363636363636364,0.010683878055479323,0.00822225107000431,0.5305355671518813,0.004362196634689921,0.525679758308157,0.5363636363636365,0.010683878055479434,0.00822225107000435,0.5090707681040008,0.025277837474284113,0.46827794561933533,0.5377643504531722,0.06948640483383683,0.04965485951674202,0.5090707681040008,0.025277837474284113,0.46827794561933533,0.5377643504531722,0.06948640483383683,0.04965485951674202,0.5090707681040008,0.025277837474284113,0.46827794561933533,0.5377643504531722,0.06948640483383683,0.04965485951674202,0.5090707681040008,0.025277837474284113,0.46827794561933533,0.5377643504531722,0.06948640483383683,0.04965485951674202,0.5516500929639268,0.020979606515889034,0.5183897348197108,0.5752892800644013,0.05689954524469043,0.03803064076934892,1.0181415362080015,0.050555674948568226,0.9365558912386707,1.0755287009063443,0.13897280966767367,0.04965485951674202
power-grid,CN,score_common_neighbors,5,0.6886294973908267,0.010003344496013498,0.6797583081570997,0.7039274924471299,0.024169184290030232,0.014526453679250647,0.6886294973908267,0.010003344496013523,0.6797583081570997,0.7039274924471299,0.024169184290030232,0.014526453679250683,0.6209301473954042,0.022843568963021033,0.595166163141994,0.6435045317220544,0.048338368580060354,0.03678927341318862,0.6209301473954042,0.022843568963021033,0.595166163141994,0.6435045317220544,0.048338368580060354,0.03678927341318862,0.6209301473954042,0.022843568963021033,0.595166163141994,0.6435045317220544,0.048338368580060354,0.03678927341318862,0.6209301473954042,0.022843568963021033,0.595166163141994,0.6435045317220544,0.048338368580060354,0.03678927341318862,0.6844061744951988,0.01844489797027725,0.6625626721059866,0.7031180072085187,0.040555335102532064,0.02695022145859767,1.2418602947908084,0.045687137926042065,1.190332326283988,1.2870090634441087,0.09667673716012071,0.03678927341318862
power-grid,FSW,score_functional_similarity_weight,5,0.6886294973908267,0.010003344496013498,0.6797583081570997,0.7039274924471299,0.024169184290030232,0.014526453679250647,0.6886294973908266,0.010003344496013403,0.6797583081570997,0.7039274924471296,0.0241691842900299,0.014526453679250512,0.6209301473954042,0.022843568963021033,0.595166163141994,0.6435045317220544,0.048338368580060354,0.03678927341318862,0.6209301473954042,0.022843568963021033,0.595166163141994,0.6435045317220544,0.048338368580060354,0.03678927341318862,0.6209301473954042,0.022843568963021033,0.595166163141994,0.6435045317220544,0.048338368580060354,0.03678927341318862,0.6209301473954042,0.022843568963021033,0.595166163141994,0.6435045317220544,0.048338368580060354,0.03678927341318862,0.6844061744951988,0.01844489797027725,0.6625626721059866,0.7031180072085187,0.040555335102532064,0.02695022145859767,1.2418602947908084,0.045687137926042065,1.190332326283988,1.2870090634441087,0.09667673716012071,0.03678927341318862
power-grid,HDI,score_hub_depressed,5,0.6886294973908267,0.010003344496013498,0.6797583081570997,0.7039274924471299,0.024169184290030232,0.014526453679250647,0.6886294973908267,0.01000334449601345,0.6797583081570997,0.7039274924471298,0.02416918429003012,0.014526453679250578,0.6209301473954042,0.022843568963021033,0.595166163141994,0.6435045317220544,0.048338368580060354,0.03678927341318862,0.6209301473954042,0.022843568963021033,0.595166163141994,0.6435045317220544,0.048338368580060354,0.03678927341318862,0.6209301473954042,0.022843568963021033,0.595166163141994,0.6435045317220544,0.048338368580060354,0.03678927341318862,0.6209301473954042,0.022843568963021033,0.595166163141994,0.6435045317220544,0.048338368580060354,0.03678927341318862,0.6844061744951988,0.01844489797027725,0.6625626721059866,0.7031180072085187,0.040555335102532064,0.02695022145859767,1.2418602947908084,0.045687137926042065,1.190332326283988,1.2870090634441087,0.09667673716012071,0.03678927341318862
power-grid,HPI,score_hub_promoted,5,0.6886294973908267,0.010003344496013498,0.6797583081570997,0.7039274924471299,0.024169184290030232,0.014526453679250647,0.6886294973908266,0.010003344496013481,0.6797583081570996,0.7039274924471298,0.024169184290030232,0.014526453679250624,0.6209301473954042,0.022843568963021033,0.595166163141994,0.6435045317220544,0.048338368580060354,0.03678927341318862,0.6209301473954042,0.022843568963021033,0.595166163141994,0.6435045317220544,0.048338368580060354,0.03678927341318862,0.6209301473954042,0.022843568963021033,0.595166163141994,0.6435045317220544,0.048338368580060354,0.03678927341318862,0.6209301473954042,0.022843568963021033,0.595166163141994,0.6435045317220544,0.048338368580060354,0.03678927341318862,0.6844061744951988,0.01844489797027725,0.6625626721059866,0.7031180072085187,0.040555335102532064,0.02695022145859767,1.2418602947908084,0.045687137926042065,1.190332326283988,1.2870090634441087,0.09667673716012071,0.03678927341318862
power-grid,IA2,score_individual_attraction_2,5,0.6886294973908267,0.010003344496013498,0.6797583081570997,0.7039274924471299,0.024169184290030232,0.014526453679250647,0.6886294973908267,0.01000334449601351,0.6797583081570997,0.7039274924471299,0.024169184290030232,0.014526453679250664,0.6209301473954042,0.022843568963021033,0.595166163141994,0.6435045317220544,0.048338368580060354,0.03678927341318862,0.6209301473954042,0.022843568963021033,0.595166163141994,0.6435045317220544,0.048338368580060354,0.03678927341318862,0.6209301473954042,0.022843568963021033,0.595166163141994,0.6435045317220544,0.048338368580060354,0.03678927341318862,0.6209301473954042,0.022843568963021033,0.595166163141994,0.6435045317220544,0.048338368580060354,0.03678927341318862,0.6844061744951988,0.01844489797027725,0.6625626721059866,0.7031180072085187,0.040555335102532064,0.02695022145859767,1.2418602947908084,0.045687137926042065,1.190332326283988,1.2870090634441087,0.09667673716012071,0.03678927341318862
power-grid,JA,score_jaccard,5,0.6886294973908267,0.010003344496013498,0.6797583081570997,0.7039274924471299,0.024169184290030232,0.014526453679250647,0.6886294973908266,0.010003344496013476,0.6797583081570995,0.7039274924471297,0.024169184290030232,0.014526453679250617,0.6209301473954042,0.022843568963021033,0.595166163141994,0.6435045317220544,0.048338368580060354,0.03678927341318862,0.6209301473954042,0.022843568963021033,0.595166163141994,0.6435045317220544,0.048338368580060354,0.03678927341318862,0.6209301473954042,0.022843568963021033,0.595166163141994,0.6435045317220544,0.048338368580060354,0.03678927341318862,0.6209301473954042,0.022843568963021033,0.595166163141994,0.6435045317220544,0.048338368580060354,0.03678927341318862,0.6844061744951988,0.01844489797027725,0.6625626721059866,0.7031180072085187,0.040555335102532064,0.02695022145859767,1.2418602947908084,0.045687137926042065,1.190332326283988,1.2870090634441087,0.09667673716012071,0.03678927341318862
power-grid,LLHN,score_local_leicht_holme_newman,5,0.6886294973908267,0.010003344496013498,0.6797583081570997,0.7039274924471299,0.024169184290030232,0.014526453679250647,0.6886294973908267,0.01000334449601353,0.6797583081570997,0.7039274924471299,0.024169184290030232,0.014526453679250692,0.6209301473954042,0.022843568963021033,0.595166163141994,0.6435045317220544,0.048338368580060354,0.03678927341318862,0.6209301473954042,0.022843568963021033,0.595166163141994,0.6435045317220544,0.048338368580060354,0.03678927341318862,0.6209301473954042,0.022843568963021033,0.595166163141994,0.6435045317220544,0.048338368580060354,0.03678927341318862,0.6209301473954042,0.022843568963021033,0.595166163141994,0.6435045317220544,0.048338368580060354,0.03678927341318862,0.6844061744951988,0.01844489797027725,0.6625626721059866,0.7031180072085187,0.040555335102532064,0.02695022145859767,1.2418602947908084,0.045687137926042065,1.190332326283988,1.2870090634441087,0.09667673716012071,0.03678927341318862
power-grid,LNB-RA,score_lnb_resource_allocation,5,0.6886294973908267,0.010003344496013498,0.6797583081570997,0.7039274924471299,0.024169184290030232,0.014526453679250647,0.6886294973908266,0.010003344496013523,0.6797583081570996,0.7039274924471298,0.024169184290030232,0.014526453679250685,0.6209301473954042,0.022843568963021033,0.595166163141994,0.6435045317220544,0.048338368580060354,0.03678927341318862,0.6209301473954042,0.022843568963021033,0.595166163141994,0.6435045317220544,0.048338368580060354,0.03678927341318862,0.6209301473954042,0.022843568963021033,0.595166163141994,0.6435045317220544,0.048338368580060354,0.03678927341318862,0.6209301473954042,0.022843568963021033,0.595166163141994,0.6435045317220544,0.048338368580060354,0.03678927341318862,0.6844061744951988,0.01844489797027725,0.6625626721059866,0.7031180072085187,0.040555335102532064,0.02695022145859767,1.2418602947908084,0.045687137926042065,1.190332326283988,1.2870090634441087,0.09667673716012071,0.03678927341318862
power-grid,LPI-beta-0.001,score_local_path_beta_0_001,5,0.7789070192637653,0.009658051903747387,0.7657483930211203,0.7921614443095628,0.026413051288442513,0.01239949270565866,0.7789923861900008,0.00960401478516374,0.76587913028591,0.7921527616391664,0.026273631353256333,0.012328765923035948,0.6934669962464525,0.013364672786544265,0.6737160120845922,0.7069486404833837,0.033232628398791486,0.01927225500115159,0.6934669962464525,0.013364672786544265,0.6737160120845922,0.7069486404833837,0.033232628398791486,0.01927225500115159,0.6934669962464525,0.013364672786544265,0.6737160120845922,0.7069486404833837,0.033232628398791486,0.01927225500115159,0.6934669962464525,0.013364672786544265,0.6737160120845922,0.7069486404833837,0.033232628398791486,0.01927225500115159,0.7518995035365352,0.011011412300260518,0.7359273876840915,0.763426992950174,0.027499605266082527,0.014644792619849717,1.386933992492905,0.02672934557308853,1.3474320241691844,1.4138972809667674,0.06646525679758297,0.01927225500115159
power-grid,LRW-l3,score_lrw_l3,5,0.6940454103042789,0.006200185782713118,0.6844315039110632,0.6997791184819415,0.015347614570878299,0.008933400741019053,0.6943843066345435,0.006275930407054723,0.6844187560925775,0.7002606382840793,0.015841882191501733,0.009038122473522092,0.6191137965760322,0.016439660312103636,0.5921450151057401,0.6333333333333333,0.04118831822759317,0.026553535719963096,0.6191137965760322,0.016439660312103636,0.5921450151057401,0.6333333333333333,0.04118831822759317,0.026553535719963096,0.6191137965760322,0.016439660312103636,0.5921450151057401,0.6333333333333333,0.04118831822759317,0.026553535719963096,0.6191137965760322,0.016439660312103636,0.5921450151057401,0.6333333333333333,0.04118831822759317,0.026553535719963096,0.6834930724416914,0.014107115912765809,0.6601276225346332,0.6948328637286744,0.03470524119404117,0.02063973503399229,1.2382275931520643,0.03287932062420727,1.1842900302114803,1.2666666666666666,0.08237663645518634,0.026553535719963096
power-grid,PA,score_preferential_attachment,5,0.5767632884638049,0.020959346851436595,0.5406075154480153,0.5916567026587929,0.05104918721077756,0.03633959940006118,0.6106058476570579,0.01958483476595677,0.5872107708540578,0.627496491201994,0.040285720347936205,0.03207443040564597,0.5398938020690287,0.012415075919779384,0.5242424242424243,0.5498489425981873,0.025606518355762997,0.02299540367420636,0.5398938020690287,0.012415075919779384,0.5242424242424243,0.5498489425981873,0.025606518355762997,0.02299540367420636,0.5398938020690287,0.012415075919779384,0.5242424242424243,0.5498489425981873,0.025606518355762997,0.02299540367420636,0.5398938020690287,0.012415075919779384,0.5242424242424243,0.5498489425981873,0.025606518355762997,0.02299540367420636,0.5862257709734446,0.016188864241732624,0.5646282838565553,0.5981161093909595,0.033487825534404214,0.02761540867582562,1.0797876041380574,0.024830151839558768,1.0484848484848486,1.0996978851963746,0.051213036711525994,0.02299540367420636
power-grid,PFP-l3,score_propflow_l3,5,0.7787767421311242,0.009577942474389109,0.7659504132231405,0.7920656072872647,0.026115194064124214,0.012298701227490497,0.7789443187330829,0.009430760912757945,0.7666495463105635,0.7923416056184199,0.025692059307856452,0.012107105329552495,0.6934669962464525,0.013364672786544265,0.6737160120845922,0.7069486404833837,0.033232628398791486,0.01927225500115159,0.6934669962464525,0.013364672786544265,0.6737160120845922,0.7069486404833837,0.033232628398791486,0.01927225500115159,0.6934669962464525,0.013364672786544265,0.6737160120845922,0.7069486404833837,0.033232628398791486,0.01927225500115159,0.6934669962464525,0.013364672786544265,0.6737160120845922,0.7069486404833837,0.033232628398791486,0.01927225500115159,0.7518214639259064,0.011106201358167665,0.7356297311626353,0.7633820525601374,0.027752321397502056,0.014772391972121462,1.386933992492905,0.02672934557308853,1.3474320241691844,1.4138972809667674,0.06646525679758297,0.01927225500115159
power-grid,RA,score_resource_allocation,5,0.6886294973908267,0.010003344496013498,0.6797583081570997,0.7039274924471299,0.024169184290030232,0.014526453679250647,0.6886294973908267,0.010003344496013486,0.6797583081570997,0.7039274924471299,0.024169184290030232,0.01452645367925063,0.6209301473954042,0.022843568963021033,0.595166163141994,0.6435045317220544,0.048338368580060354,0.03678927341318862,0.6209301473954042,0.022843568963021033,0.595166163141994,0.6435045317220544,0.048338368580060354,0.03678927341318862,0.6209301473954042,0.022843568963021033,0.595166163141994,0.6435045317220544,0.048338368580060354,0.03678927341318862,0.6209301473954042,0.022843568963021033,0.595166163141994,0.6435045317220544,0.048338368580060354,0.03678927341318862,0.6844061744951988,0.01844489797027725,0.6625626721059866,0.7031180072085187,0.040555335102532064,0.02695022145859767,1.2418602947908084,0.045687137926042065,1.190332326283988,1.2870090634441087,0.09667673716012071,0.03678927341318862
power-grid,RA-CNI,score_ra_cni,5,0.7685321239169639,0.013441919134552121,0.7462029384756657,0.7816330628599593,0.035430124384293604,0.017490380318838115,0.7688822729958923,0.013236083338437114,0.7469696969696971,0.7821049918640802,0.03513529489438316,0.017214707378886113,0.6837883365375813,0.013185671310999876,0.6696969696969697,0.6978851963746223,0.02818822667765264,0.019283264434966252,0.6837883365375813,0.013185671310999876,0.6696969696969697,0.6978851963746223,0.02818822667765264,0.019283264434966252,0.6837883365375813,0.013185671310999876,0.6696969696969697,0.6978851963746223,0.02818822667765264,0.019283264434966252,0.6837883365375813,0.013185671310999876,0.6696969696969697,0.6978851963746223,0.02818822667765264,0.019283264434966252,0.7432978775501123,0.011163362993409118,0.7304915997732174,0.755500424722606,0.02500882494938861,0.01501869348827314,1.3675766730751626,0.026371342621999753,1.3393939393939394,1.3957703927492446,0.05637645335530528,0.019283264434966252
power-grid,SA,score_salton,5,0.6886294973908267,0.010003344496013498,0.6797583081570997,0.7039274924471299,0.024169184290030232,0.014526453679250647,0.6886294973908267,0.01000334449601342,0.6797583081570997,0.7039274924471297,0.02416918429003001,0.014526453679250534,0.6209301473954042,0.022843568963021033,0.595166163141994,0.6435045317220544,0.048338368580060354,0.03678927341318862,0.6209301473954042,0.022843568963021033,0.595166163141994,0.6435045317220544,0.048338368580060354,0.03678927341318862,0.6209301473954042,0.022843568963021033,0.595166163141994,0.6435045317220544,0.048338368580060354,0.03678927341318862,0.6209301473954042,0.022843568963021033,0.595166163141994,0.6435045317220544,0.048338368580060354,0.03678927341318862,0.6844061744951988,0.01844489797027725,0.6625626721059866,0.7031180072085187,0.040555335102532064,0.02695022145859767,1.2418602947908084,0.045687137926042065,1.190332326283988,1.2870090634441087,0.09667673716012071,0.03678927341318862
power-grid,SO,score_sorensen,5,0.6886294973908267,0.010003344496013498,0.6797583081570997,0.7039274924471299,0.024169184290030232,0.014526453679250647,0.6886294973908266,0.010003344496013476,0.6797583081570995,0.7039274924471297,0.024169184290030232,0.014526453679250617,0.6209301473954042,0.022843568963021033,0.595166163141994,0.6435045317220544,0.048338368580060354,0.03678927341318862,0.6209301473954042,0.022843568963021033,0.595166163141994,0.6435045317220544,0.048338368580060354,0.03678927341318862,0.6209301473954042,0.022843568963021033,0.595166163141994,0.6435045317220544,0.048338368580060354,0.03678927341318862,0.6209301473954042,0.022843568963021033,0.595166163141994,0.6435045317220544,0.048338368580060354,0.03678927341318862,0.6844061744951988,0.01844489797027725,0.6625626721059866,0.7031180072085187,0.040555335102532064,0.02695022145859767,1.2418602947908084,0.045687137926042065,1.190332326283988,1.2870090634441087,0.09667673716012071,0.03678927341318862
power-grid,SRW-l3,score_srw_l3,5,0.778982997752052,0.009634547658247384,0.7659320477502296,0.7922937906736887,0.026361742923459053,0.012368110325963792,0.7794252168459442,0.009527940434657229,0.7666150126623934,0.7927939357526312,0.026178923090237838,0.012224316366377526,0.6934669962464525,0.013364672786544265,0.6737160120845922,0.7069486404833837,0.033232628398791486,0.01927225500115159,0.6934669962464525,0.013364672786544265,0.6737160120845922,0.7069486404833837,0.033232628398791486,0.01927225500115159,0.6934669962464525,0.013364672786544265,0.6737160120845922,0.7069486404833837,0.033232628398791486,0.01927225500115159,0.6934669962464525,0.013364672786544265,0.6737160120845922,0.7069486404833837,0.033232628398791486,0.01927225500115159,0.751908788744602,0.011025827795504269,0.7359122013718169,0.7634560581731147,0.027543856801297784,0.014663783640450796,1.386933992492905,0.02672934557308853,1.3474320241691844,1.4138972809667674,0.06646525679758297,0.01927225500115159
