benchmark,network_id,network,domain,fold,family,method_id,average_precision,roc_auc,precision,recall,f1,ndcg,cutoff,positive_count,negative_count,candidate_count,method,family_scoring_seconds
revision,ego_facebook,ego-Facebook,social,1,quasi_local_walk,lrw,0.9944506141526925,0.995198816512545,0.973396674584323,0.973396674584323,0.973396674584323,0.9761667961388251,16840,16840,16840,33680,LRW-l3,32.88523009605706
revision,ego_facebook,ego-Facebook,social,1,quasi_local_walk,srw,0.995554220858211,0.9961823043906319,0.9761282660332542,0.9761282660332542,0.9761282660332542,0.9786493077936171,16840,16840,16840,33680,SRW-l3,32.88523009605706
revision,ego_facebook,ego-Facebook,social,1,quasi_local_walk,pfp,0.9848031114865106,0.9898938662611922,0.9614608076009501,0.9614608076009501,0.9614608076009501,0.9646170226403127,16840,16840,16840,33680,PFP-l3,32.88523009605706
revision,ego_facebook,ego-Facebook,social,2,quasi_local_walk,lrw,0.995014678143835,0.9956767670778713,0.9739889542134331,0.9739889542134331,0.9739889542134331,0.9767290278984254,16839,16839,16839,33678,LRW-l3,33.15831731213257
revision,ego_facebook,ego-Facebook,social,2,quasi_local_walk,srw,0.9960675178161966,0.9965986388080228,0.9768988657283687,0.9768988657283687,0.9768988657283687,0.9793717931643768,16839,16839,16839,33678,SRW-l3,33.15831731213257
revision,ego_facebook,ego-Facebook,social,2,quasi_local_walk,pfp,0.9858571773622331,0.9905321378513954,0.9637745709365164,0.9637745709365164,0.9637745709365164,0.9667592613584669,16839,16839,16839,33678,PFP-l3,33.15831731213257
revision,ego_facebook,ego-Facebook,social,3,quasi_local_walk,lrw,0.9953170667558764,0.9958846496405855,0.9747609715541303,0.9747609715541303,0.9747609715541303,0.9774430245842712,16839,16839,16839,33678,LRW-l3,33.37727181566879
revision,ego_facebook,ego-Facebook,social,3,quasi_local_walk,srw,0.9962117854055104,0.9966779276378098,0.9777302690183503,0.9777302690183503,0.9777302690183503,0.9801208764738425,16839,16839,16839,33678,SRW-l3,33.37727181566879
revision,ego_facebook,ego-Facebook,social,3,quasi_local_walk,pfp,0.9847867325120107,0.9904094442724652,0.9630025535958192,0.9630025535958192,0.9630025535958192,0.965888393620671,16839,16839,16839,33678,PFP-l3,33.37727181566879
revision,ego_facebook,ego-Facebook,social,4,quasi_local_walk,lrw,0.9951347797607372,0.9959599392028099,0.9754736029455431,0.9754736029455431,0.9754736029455431,0.9780272582982525,16839,16839,16839,33678,LRW-l3,32.9659926192835
revision,ego_facebook,ego-Facebook,social,4,quasi_local_walk,srw,0.9959924379060716,0.9966845331300013,0.9780271987647723,0.9780271987647723,0.9780271987647723,0.9803423044143245,16839,16839,16839,33678,SRW-l3,32.9659926192835
revision,ego_facebook,ego-Facebook,social,4,quasi_local_walk,pfp,0.984785129132222,0.990266019040654,0.9644872023279292,0.9644872023279292,0.9644872023279292,0.9672468776762719,16839,16839,16839,33678,PFP-l3,32.9659926192835
revision,ego_facebook,ego-Facebook,social,5,quasi_local_walk,lrw,0.9942603227147259,0.9950342639364451,0.9717916740899103,0.9717916740899103,0.9717916740899103,0.974739249286229,16839,16839,16839,33678,LRW-l3,32.84316343907267
revision,ego_facebook,ego-Facebook,social,5,quasi_local_walk,srw,0.9954464271538837,0.9960633505988484,0.974404655858424,0.974404655858424,0.974404655858424,0.9771281198217195,16839,16839,16839,33678,SRW-l3,32.84316343907267
revision,ego_facebook,ego-Facebook,social,5,quasi_local_walk,pfp,0.9838689597826238,0.9895852477754858,0.9612803610665717,0.9612803610665717,0.9612803610665717,0.9643284852505912,16839,16839,16839,33678,PFP-l3,32.84316343907267
revision,socfb_middlebury45,socfb-Middlebury45,social,1,quasi_local_walk,lrw,0.9304066010635507,0.9376045552714167,0.8645713345400691,0.8645713345400691,0.8645713345400691,0.8749731315989346,24308,24308,24308,48616,LRW-l3,120.52799590304494
revision,socfb_middlebury45,socfb-Middlebury45,social,1,quasi_local_walk,srw,0.9504193520918426,0.9543010705828869,0.8880204048050024,0.8880204048050024,0.8880204048050024,0.8974059527423389,24308,24308,24308,48616,SRW-l3,120.52799590304494
revision,socfb_middlebury45,socfb-Middlebury45,social,1,quasi_local_walk,pfp,0.916354474018338,0.9336333038983096,0.8617739015961823,0.8617739015961823,0.8617739015961824,0.870108726547821,24308,24308,24308,48616,PFP-l3,120.52799590304494
revision,socfb_middlebury45,socfb-Middlebury45,social,2,quasi_local_walk,lrw,0.931753570211876,0.9389550071975498,0.8682738193187428,0.8682738193187428,0.8682738193187428,0.8783345669640023,24308,24308,24308,48616,LRW-l3,123.69988579908386
revision,socfb_middlebury45,socfb-Middlebury45,social,2,quasi_local_walk,srw,0.9514356840327405,0.9556655118400037,0.8921342767813065,0.8921342767813065,0.8921342767813064,0.9010943388567664,24308,24308,24308,48616,SRW-l3,123.69988579908386
revision,socfb_middlebury45,socfb-Middlebury45,social,2,quasi_local_walk,pfp,0.9171367787758797,0.9346774739263647,0.8640365311831496,0.8640365311831496,0.8640365311831496,0.8722169765495743,24308,24308,24308,48616,PFP-l3,123.69988579908386
revision,socfb_middlebury45,socfb-Middlebury45,social,3,quasi_local_walk,lrw,0.9314157382334295,0.9379893524165724,0.8650238604574626,0.8650238604574626,0.8650238604574626,0.8754969994452286,24308,24308,24308,48616,LRW-l3,121.54518053727224
revision,socfb_middlebury45,socfb-Middlebury45,social,3,quasi_local_walk,srw,0.950588893699126,0.954545528472313,0.8888431792002632,0.8888431792002632,0.8888431792002632,0.8981418701410538,24308,24308,24308,48616,SRW-l3,121.54518053727224
revision,socfb_middlebury45,socfb-Middlebury45,social,3,quasi_local_walk,pfp,0.9169811300850251,0.9333616771575705,0.8616916241566562,0.8616916241566562,0.8616916241566562,0.870416958243342,24308,24308,24308,48616,PFP-l3,121.54518053727224
revision,socfb_middlebury45,socfb-Middlebury45,social,4,quasi_local_walk,lrw,0.9324329187490897,0.939354900499538,0.8673276287641929,0.8673276287641929,0.8673276287641929,0.8775870014558028,24308,24308,24308,48616,LRW-l3,120.95207819715142
revision,socfb_middlebury45,socfb-Middlebury45,social,4,quasi_local_walk,srw,0.9517961498077983,0.9561519448764714,0.8922576929405956,0.8922576929405956,0.8922576929405956,0.9012253213554254,24308,24308,24308,48616,SRW-l3,120.95207819715142
revision,socfb_middlebury45,socfb-Middlebury45,social,4,quasi_local_walk,pfp,0.9177710384566016,0.9352688032516933,0.86539410893533,0.86539410893533,0.86539410893533,0.8734715111423468,24308,24308,24308,48616,PFP-l3,120.95207819715142
revision,socfb_middlebury45,socfb-Middlebury45,social,5,quasi_local_walk,lrw,0.9330922453799496,0.9393876878162342,0.8664170814991566,0.8664170814991566,0.8664170814991566,0.876901537061979,24307,24307,24307,48614,LRW-l3,123.60225408198312
revision,socfb_middlebury45,socfb-Middlebury45,social,5,quasi_local_walk,srw,0.9528339679603965,0.9563696373981692,0.8912658904842227,0.8912658904842227,0.8912658904842227,0.9004948921945618,24307,24307,24307,48614,SRW-l3,123.60225408198312
revision,socfb_middlebury45,socfb-Middlebury45,social,5,quasi_local_walk,pfp,0.9224589364109408,0.9371761295857416,0.8668696260336528,0.8668696260336528,0.8668696260336528,0.8756656194840479,24307,24307,24307,48614,PFP-l3,123.60225408198312
revision,ca_grqc,ca-GrQc,scientific_collaboration,1,quasi_local_walk,lrw,0.9511676215190323,0.950026488164494,0.9125742039935241,0.9125742039935241,0.9125742039935241,0.926457063215057,1853,1853,1853,3706,LRW-l3,0.608079344034195
revision,ca_grqc,ca-GrQc,scientific_collaboration,1,quasi_local_walk,srw,0.9835198941765215,0.9831024732286059,0.9681597409606044,0.9681597409606044,0.9681597409606044,0.9733327195787719,1853,1853,1853,3706,SRW-l3,0.608079344034195
revision,ca_grqc,ca-GrQc,scientific_collaboration,1,quasi_local_walk,pfp,0.9826593777567698,0.9824419437390803,0.9681597409606044,0.9681597409606044,0.9681597409606044,0.9732291492532076,1853,1853,1853,3706,PFP-l3,0.608079344034195
revision,ca_grqc,ca-GrQc,scientific_collaboration,2,quasi_local_walk,lrw,0.9573550632980099,0.9566444519454603,0.9190501888828926,0.9190501888828926,0.9190501888828926,0.9319624387050628,1853,1853,1853,3706,LRW-l3,0.5919713201001287
revision,ca_grqc,ca-GrQc,scientific_collaboration,2,quasi_local_walk,srw,0.9827043533035479,0.9823739394904895,0.9670804101457097,0.9670804101457097,0.9670804101457097,0.9724256855917317,1853,1853,1853,3706,SRW-l3,0.5919713201001287
revision,ca_grqc,ca-GrQc,scientific_collaboration,2,quasi_local_walk,pfp,0.9812420816206702,0.9813052388900425,0.9670804101457097,0.9670804101457097,0.9670804101457097,0.9722471927474021,1853,1853,1853,3706,PFP-l3,0.5919713201001287
revision,ca_grqc,ca-GrQc,scientific_collaboration,3,quasi_local_walk,lrw,0.9585698443693752,0.9576850480063397,0.922288181327577,0.922288181327577,0.922288181327577,0.9347313072497219,1853,1853,1853,3706,LRW-l3,0.6035716719925404
revision,ca_grqc,ca-GrQc,scientific_collaboration,3,quasi_local_walk,srw,0.9875438827639411,0.9872824774166192,0.9762547220723151,0.9762547220723151,0.9762547220723151,0.9801045396131535,1853,1853,1853,3706,SRW-l3,0.6035716719925404
revision,ca_grqc,ca-GrQc,scientific_collaboration,3,quasi_local_walk,pfp,0.985925863163323,0.9863235738256745,0.9751753912574204,0.9751753912574204,0.9751753912574204,0.9789879186974125,1853,1853,1853,3706,PFP-l3,0.6035716719925404
revision,ca_grqc,ca-GrQc,scientific_collaboration,4,quasi_local_walk,lrw,0.9462390352737606,0.9449593707379029,0.9007015650296816,0.9007015650296816,0.9007015650296816,0.9163757990929574,1853,1853,1853,3706,LRW-l3,0.6060254629701376
revision,ca_grqc,ca-GrQc,scientific_collaboration,4,quasi_local_walk,srw,0.9799015561095394,0.9794925688976235,0.9627630868861305,0.9627630868861305,0.9627630868861305,0.9687040253926907,1853,1853,1853,3706,SRW-l3,0.6060254629701376
revision,ca_grqc,ca-GrQc,scientific_collaboration,4,quasi_local_walk,pfp,0.9751098846587521,0.9773771562225052,0.9627630868861305,0.9627630868861305,0.9627630868861305,0.9679724543956194,1853,1853,1853,3706,PFP-l3,0.6060254629701376
revision,ca_grqc,ca-GrQc,scientific_collaboration,5,quasi_local_walk,lrw,0.9537869610737677,0.9528143711179695,0.9141932002158661,0.9141932002158661,0.9141932002158661,0.9278746218216825,1853,1853,1853,3706,LRW-l3,0.6344250221736729
revision,ca_grqc,ca-GrQc,scientific_collaboration,5,quasi_local_walk,srw,0.9814835825990207,0.9810920521235819,0.9643820831084727,0.9643820831084727,0.9643820831084727,0.9701509746681309,1853,1853,1853,3706,SRW-l3,0.6344250221736729
revision,ca_grqc,ca-GrQc,scientific_collaboration,5,quasi_local_walk,pfp,0.9805138403500606,0.9804079322951448,0.9643820831084727,0.9643820831084727,0.9643820831084727,0.9700315802117366,1853,1853,1853,3706,PFP-l3,0.6344250221736729
revision,ca_hepth,ca-HepTh,scientific_collaboration,1,quasi_local_walk,lrw,0.9267235078580254,0.9253655979736022,0.873222016079159,0.873222016079159,0.873222016079159,0.8912222618675326,3234,3234,3234,6468,LRW-l3,1.7852269858121872
revision,ca_hepth,ca-HepTh,scientific_collaboration,1,quasi_local_walk,srw,0.9688390067054711,0.9683014404389967,0.9418676561533704,0.9418676561533704,0.9418676561533704,0.9503757046589691,3234,3234,3234,6468,SRW-l3,1.7852269858121872
revision,ca_hepth,ca-HepTh,scientific_collaboration,1,quasi_local_walk,pfp,0.9679949369452936,0.9677701631054401,0.9418676561533704,0.9418676561533704,0.9418676561533704,0.9502684702231587,3234,3234,3234,6468,PFP-l3,1.7852269858121872
revision,ca_hepth,ca-HepTh,scientific_collaboration,2,quasi_local_walk,lrw,0.929777366026417,0.9284744285075588,0.878169449598021,0.878169449598021,0.878169449598021,0.8954852960419284,3234,3234,3234,6468,LRW-l3,1.746306132990867
revision,ca_hepth,ca-HepTh,scientific_collaboration,2,quasi_local_walk,srw,0.9705254055467031,0.969879974253152,0.9443413729128015,0.9443413729128015,0.9443413729128015,0.9525244888231705,3234,3234,3234,6468,SRW-l3,1.746306132990867
revision,ca_hepth,ca-HepTh,scientific_collaboration,2,quasi_local_walk,pfp,0.9689731493106148,0.9690113241001129,0.9443413729128015,0.9443413729128015,0.9443413729128015,0.9523181918326119,3234,3234,3234,6468,PFP-l3,1.746306132990867
revision,ca_hepth,ca-HepTh,scientific_collaboration,3,quasi_local_walk,lrw,0.9250914530947142,0.9239685388969777,0.8710575139146568,0.8710575139146568,0.8710575139146568,0.8893534835658022,3234,3234,3234,6468,LRW-l3,1.7109018852934241
revision,ca_hepth,ca-HepTh,scientific_collaboration,3,quasi_local_walk,srw,0.9707289038444228,0.9702673052129718,0.9455782312925171,0.9455782312925171,0.9455782312925171,0.9535655461080431,3234,3234,3234,6468,SRW-l3,1.7109018852934241
revision,ca_hepth,ca-HepTh,scientific_collaboration,3,quasi_local_walk,pfp,0.9698725962771784,0.9698295858513193,0.9455782312925171,0.9455782312925171,0.9455782312925171,0.9534531993877503,3234,3234,3234,6468,PFP-l3,1.7109018852934241
revision,ca_hepth,ca-HepTh,scientific_collaboration,4,quasi_local_walk,lrw,0.9256687568666091,0.9246427108539486,0.8701298701298701,0.8701298701298701,0.8701298701298701,0.888594459152571,3234,3234,3234,6468,LRW-l3,1.6750714192166924
revision,ca_hepth,ca-HepTh,scientific_collaboration,4,quasi_local_walk,srw,0.9664953773155858,0.9660080510531082,0.9381570810142239,0.9381570810142239,0.9381570810142239,0.9472261989851968,3234,3234,3234,6468,SRW-l3,1.6750714192166924
revision,ca_hepth,ca-HepTh,scientific_collaboration,4,quasi_local_walk,pfp,0.9658124508866269,0.9655928965165648,0.9381570810142239,0.9381570810142239,0.9381570810142239,0.9471410910410734,3234,3234,3234,6468,PFP-l3,1.6750714192166924
revision,ca_hepth,ca-HepTh,scientific_collaboration,5,quasi_local_walk,lrw,0.9227326223191933,0.9213831056527425,0.8666872873492113,0.8666872873492113,0.8666872873492113,0.8855952793354198,3233,3233,3233,6466,LRW-l3,1.6716621750965714
revision,ca_hepth,ca-HepTh,scientific_collaboration,5,quasi_local_walk,srw,0.9670621725725173,0.9664685888421188,0.9381379523662233,0.9381379523662233,0.9381379523662233,0.9472116734629458,3233,3233,3233,6466,SRW-l3,1.6716621750965714
revision,ca_hepth,ca-HepTh,scientific_collaboration,5,quasi_local_walk,pfp,0.9660481227659738,0.9657964872574802,0.9381379523662233,0.9381379523662233,0.9381379523662233,0.9470909579377249,3233,3233,3233,6466,PFP-l3,1.6716621750965714
revision,email_eu_core,email-Eu-core,communication,1,quasi_local_walk,lrw,0.9493322454010683,0.9545494322059538,0.8879310344827587,0.8879310344827587,0.8879310344827587,0.898122705028219,3016,3016,3016,6032,LRW-l3,5.150399814825505
revision,email_eu_core,email-Eu-core,communication,1,quasi_local_walk,srw,0.9553281655838237,0.9595528094196117,0.8958885941644562,0.8958885941644562,0.8958885941644562,0.9065231158297434,3016,3016,3016,6032,SRW-l3,5.150399814825505
revision,email_eu_core,email-Eu-core,communication,1,quasi_local_walk,pfp,0.9208893926808875,0.9336398403914754,0.8610742705570292,0.8610742705570292,0.8610742705570292,0.8739402007875787,3016,3016,3016,6032,PFP-l3,5.150399814825505
revision,email_eu_core,email-Eu-core,communication,2,quasi_local_walk,lrw,0.9457841930347337,0.9493325605611804,0.879973474801061,0.879973474801061,0.879973474801061,0.8937603975847679,3016,3016,3016,6032,LRW-l3,5.136047286912799
revision,email_eu_core,email-Eu-core,communication,2,quasi_local_walk,srw,0.9537679033266595,0.9560002488936107,0.8875994694960212,0.8875994694960212,0.8875994694960212,0.9010611027811912,3016,3016,3016,6032,SRW-l3,5.136047286912799
revision,email_eu_core,email-Eu-core,communication,2,quasi_local_walk,pfp,0.9119556074898807,0.9266018898324762,0.8524535809018567,0.8524535809018567,0.8524535809018567,0.8631581686135817,3016,3016,3016,6032,PFP-l3,5.136047286912799
revision,email_eu_core,email-Eu-core,communication,3,quasi_local_walk,lrw,0.9500786167365034,0.9525337677391665,0.8826259946949602,0.8826259946949602,0.8826259946949603,0.8965520191305015,3016,3016,3016,6032,LRW-l3,5.34107777196914
revision,email_eu_core,email-Eu-core,communication,3,quasi_local_walk,srw,0.9564793411875098,0.9588159678003785,0.8942307692307693,0.8942307692307693,0.8942307692307693,0.9069028773322811,3016,3016,3016,6032,SRW-l3,5.34107777196914
revision,email_eu_core,email-Eu-core,communication,3,quasi_local_walk,pfp,0.91826406204562,0.9310904398468997,0.8570954907161804,0.8570954907161804,0.8570954907161804,0.8706920699498661,3016,3016,3016,6032,PFP-l3,5.34107777196914
revision,email_eu_core,email-Eu-core,communication,4,quasi_local_walk,lrw,0.9509048613974754,0.9546991641396195,0.8895888594164456,0.8895888594164456,0.8895888594164456,0.9023740676184024,3016,3016,3016,6032,LRW-l3,5.127138276118785
revision,email_eu_core,email-Eu-core,communication,4,quasi_local_walk,srw,0.9575068858983056,0.9600163517825355,0.8968832891246684,0.8968832891246684,0.8968832891246684,0.9092313483368973,3016,3016,3016,6032,SRW-l3,5.127138276118785
revision,email_eu_core,email-Eu-core,communication,4,quasi_local_walk,pfp,0.9236469614900286,0.9312473725453637,0.8544429708222812,0.8544429708222812,0.8544429708222812,0.8697927499191591,3016,3016,3016,6032,PFP-l3,5.127138276118785
revision,email_eu_core,email-Eu-core,communication,5,quasi_local_walk,lrw,0.9514582253722554,0.9540775943389739,0.8849087893864013,0.8849087893864013,0.8849087893864013,0.898554123112588,3015,3015,3015,6030,LRW-l3,5.141200318932533
revision,email_eu_core,email-Eu-core,communication,5,quasi_local_walk,srw,0.9591029218005587,0.9605893693500438,0.8965174129353234,0.8965174129353234,0.8965174129353234,0.9091347404696062,3015,3015,3015,6030,SRW-l3,5.141200318932533
revision,email_eu_core,email-Eu-core,communication,5,quasi_local_walk,pfp,0.9204171498422745,0.9326997956596235,0.8623548922056384,0.8623548922056384,0.8623548922056384,0.87549987930514,3015,3015,3015,6030,PFP-l3,5.141200318932533
revision,email_univ,email-univ,communication,1,quasi_local_walk,lrw,0.9285409033029908,0.9233673053840876,0.8553240740740741,0.8553240740740741,0.8553240740740741,0.8778455186474652,864,864,864,1728,LRW-l3,0.6516469451598823
revision,email_univ,email-univ,communication,1,quasi_local_walk,srw,0.9382599643186673,0.9336413055126886,0.8703703703703703,0.8703703703703703,0.8703703703703703,0.8907919994872888,864,864,864,1728,SRW-l3,0.6516469451598823
revision,email_univ,email-univ,communication,1,quasi_local_walk,pfp,0.9265069794476403,0.9247377079046639,0.8611111111111112,0.8611111111111112,0.8611111111111112,0.8817003109892765,864,864,864,1728,PFP-l3,0.6516469451598823
revision,email_univ,email-univ,communication,2,quasi_local_walk,lrw,0.9310370946571269,0.9232574588477366,0.8668981481481481,0.8668981481481481,0.8668981481481481,0.8876875382289,864,864,864,1728,LRW-l3,0.6353962770663202
revision,email_univ,email-univ,communication,2,quasi_local_walk,srw,0.9359464132694195,0.9306787980109739,0.875,0.875,0.875,0.894252912775633,864,864,864,1728,SRW-l3,0.6353962770663202
revision,email_univ,email-univ,communication,2,quasi_local_walk,pfp,0.9095010536123938,0.916652600951646,0.8611111111111112,0.8611111111111112,0.8611111111111112,0.872042704126541,864,864,864,1728,PFP-l3,0.6353962770663202
revision,email_univ,email-univ,communication,3,quasi_local_walk,lrw,0.9345600361722586,0.9320023148148149,0.8680555555555556,0.8680555555555556,0.8680555555555556,0.8882258971518496,864,864,864,1728,LRW-l3,0.6616341890767217
revision,email_univ,email-univ,communication,3,quasi_local_walk,srw,0.9466416498435377,0.9430613158007544,0.8773148148148148,0.8773148148148148,0.8773148148148148,0.896801028136573,864,864,864,1728,SRW-l3,0.6616341890767217
revision,email_univ,email-univ,communication,3,quasi_local_walk,pfp,0.9233570460264102,0.9306848261745542,0.8657407407407407,0.8657407407407407,0.8657407407407407,0.8833105968099967,864,864,864,1728,PFP-l3,0.6616341890767217
revision,email_univ,email-univ,communication,4,quasi_local_walk,lrw,0.9307541951553877,0.9244229038065844,0.8703703703703703,0.8703703703703703,0.8703703703703703,0.8903032108612641,864,864,864,1728,LRW-l3,0.6733807022683322
revision,email_univ,email-univ,communication,4,quasi_local_walk,srw,0.9364217840909121,0.9301342539008917,0.8807870370370371,0.8807870370370371,0.8807870370370371,0.8991574519447161,864,864,864,1728,SRW-l3,0.6733807022683322
revision,email_univ,email-univ,communication,4,quasi_local_walk,pfp,0.9173619640290551,0.9198669517318243,0.8703703703703703,0.8703703703703703,0.8703703703703703,0.8876860433718667,864,864,864,1728,PFP-l3,0.6733807022683322
revision,email_univ,email-univ,communication,5,quasi_local_walk,lrw,0.9270045058767816,0.923264126192148,0.8597914252607184,0.8597914252607184,0.8597914252607184,0.8811099339075663,863,863,863,1726,LRW-l3,0.6555114570073783
revision,email_univ,email-univ,communication,5,quasi_local_walk,srw,0.936345639485023,0.9323494936013718,0.86558516801854,0.86558516801854,0.8655851680185399,0.8865858958114942,863,863,863,1726,SRW-l3,0.6555114570073783
revision,email_univ,email-univ,communication,5,quasi_local_walk,pfp,0.9180439924579151,0.9249606253751165,0.8609501738122828,0.8609501738122828,0.8609501738122827,0.8726039741150898,863,863,863,1726,PFP-l3,0.6555114570073783
revision,power_grid,power-grid,infrastructure,1,quasi_local_walk,lrw,0.6895079642847228,0.6906015826799682,0.6102719033232629,0.6102719033232629,0.6102719033232629,0.6738155295655583,331,331,331,662,LRW-l3,0.04202108830213547
revision,power_grid,power-grid,infrastructure,1,quasi_local_walk,srw,0.7739288683812824,0.7753215103914715,0.6858006042296072,0.6858006042296072,0.6858006042296072,0.7440355374669496,331,331,331,662,SRW-l3,0.04202108830213547
revision,power_grid,power-grid,infrastructure,1,quasi_local_walk,pfp,0.7750030393337067,0.775335201394657,0.6858006042296072,0.6858006042296072,0.6858006042296072,0.7443877715754076,331,331,331,662,PFP-l3,0.04202108830213547
revision,power_grid,power-grid,infrastructure,2,quasi_local_walk,lrw,0.6949876256918157,0.6954345068044285,0.6163141993957704,0.6163141993957704,0.6163141993957704,0.6791404066437373,331,331,331,662,LRW-l3,0.04105024877935648
revision,power_grid,power-grid,infrastructure,2,quasi_local_walk,srw,0.7834679978406504,0.7825549237411122,0.6948640483383686,0.6948640483383686,0.6948640483383686,0.751998261834851,331,331,331,662,SRW-l3,0.04105024877935648
revision,power_grid,power-grid,infrastructure,2,quasi_local_walk,pfp,0.7807859656729408,0.7817927912304561,0.6948640483383686,0.6948640483383686,0.6948640483383686,0.7514040806928787,331,331,331,662,PFP-l3,0.04105024877935648
revision,power_grid,power-grid,infrastructure,3,quasi_local_walk,lrw,0.6873111782477341,0.6873111782477341,0.6314199395770392,0.6314199395770392,0.6314199395770392,0.6929330646524874,331,331,331,662,LRW-l3,0.04082763101905584
revision,power_grid,power-grid,infrastructure,3,quasi_local_walk,srw,0.768882175226586,0.7688821752265861,0.6888217522658611,0.6888217522658611,0.6888217522658611,0.7475620561700321,331,331,331,662,SRW-l3,0.04082763101905584
revision,power_grid,power-grid,infrastructure,3,quasi_local_walk,pfp,0.7688821752265859,0.7688821752265861,0.6888217522658611,0.6888217522658611,0.6888217522658611,0.7475620561700321,331,331,331,662,PFP-l3,0.04082763101905584
revision,power_grid,power-grid,infrastructure,4,quasi_local_walk,lrw,0.6906134290299852,0.6919250463212275,0.6283987915407855,0.6283987915407855,0.6283987915407855,0.6894309188091085,331,331,331,662,LRW-l3,0.04302437277510762
revision,power_grid,power-grid,infrastructure,4,quasi_local_walk,srw,0.7729397934150873,0.7751024543405044,0.6858006042296072,0.6858006042296072,0.6858006042296072,0.7445374974736055,331,331,331,662,SRW-l3,0.04302437277510762
revision,power_grid,power-grid,infrastructure,4,quasi_local_walk,pfp,0.7677680963617733,0.7748879619572658,0.6858006042296072,0.6858006042296072,0.6858006042296072,0.740723025133121,331,331,331,662,PFP-l3,0.04302437277510762
revision,power_grid,power-grid,infrastructure,5,quasi_local_walk,lrw,0.6908611802312591,0.6899540863177227,0.5969696969696969,0.5969696969696969,0.5969696969696969,0.6651525517395476,330,330,330,660,LRW-l3,0.040999121963977814
revision,power_grid,power-grid,infrastructure,5,quasi_local_walk,srw,0.7544230781293753,0.7539348025711662,0.6363636363636364,0.6363636363636364,0.6363636363636364,0.7042764889881564,330,330,330,660,SRW-l3,0.040999121963977814
revision,power_grid,power-grid,infrastructure,5,quasi_local_walk,pfp,0.7538402655433286,0.7537924701561065,0.6363636363636364,0.6363636363636364,0.6363636363636364,0.7041607112764601,330,330,330,660,PFP-l3,0.040999121963977814
revision,power_1138_bus,power-1138-bus,infrastructure,1,quasi_local_walk,lrw,0.6912799125488578,0.7130177514792899,0.6307692307692307,0.6307692307692307,0.6307692307692307,0.6981254500189176,65,65,65,130,LRW-l3,0.009369262959808111
revision,power_1138_bus,power-1138-bus,infrastructure,1,quasi_local_walk,srw,0.8110784439465826,0.8113609467455621,0.7230769230769231,0.7230769230769231,0.723076923076923,0.7940353655281661,65,65,65,130,SRW-l3,0.009369262959808111
revision,power_1138_bus,power-1138-bus,infrastructure,1,quasi_local_walk,pfp,0.791369836882106,0.805680473372781,0.7230769230769231,0.7230769230769231,0.723076923076923,0.7875377553377638,65,65,65,130,PFP-l3,0.009369262959808111
revision,power_1138_bus,power-1138-bus,infrastructure,2,quasi_local_walk,lrw,0.6664016477499743,0.665283203125,0.609375,0.609375,0.609375,0.6914866442822799,64,64,64,128,LRW-l3,0.009455270133912563
revision,power_1138_bus,power-1138-bus,infrastructure,2,quasi_local_walk,srw,0.8030738655533064,0.8009033203125,0.734375,0.734375,0.734375,0.8029202172910503,64,64,64,128,SRW-l3,0.009455270133912563
revision,power_1138_bus,power-1138-bus,infrastructure,2,quasi_local_walk,pfp,0.804296875,0.8013916015625,0.734375,0.734375,0.734375,0.8031856395751551,64,64,64,128,PFP-l3,0.009455270133912563
revision,power_1138_bus,power-1138-bus,infrastructure,3,quasi_local_walk,lrw,0.765625,0.765625,0.703125,0.703125,0.703125,0.7778602564198893,64,64,64,128,LRW-l3,0.00965379411354661
revision,power_1138_bus,power-1138-bus,infrastructure,3,quasi_local_walk,srw,0.8515625,0.8515625,0.8125,0.8125,0.8125,0.8636864482155262,64,64,64,128,SRW-l3,0.00965379411354661
revision,power_1138_bus,power-1138-bus,infrastructure,3,quasi_local_walk,pfp,0.8515625,0.8515625,0.8125,0.8125,0.8125,0.8636864482155262,64,64,64,128,PFP-l3,0.00965379411354661
revision,power_1138_bus,power-1138-bus,infrastructure,4,quasi_local_walk,lrw,0.7111753913386722,0.7315673828125,0.671875,0.671875,0.671875,0.743518113016861,64,64,64,128,LRW-l3,0.009484534151852131
revision,power_1138_bus,power-1138-bus,infrastructure,4,quasi_local_walk,srw,0.8335670270280038,0.836181640625,0.8125,0.8125,0.8125,0.8619554073571046,64,64,64,128,SRW-l3,0.009484534151852131
revision,power_1138_bus,power-1138-bus,infrastructure,4,quasi_local_walk,pfp,0.8423122682388671,0.84033203125,0.8125,0.8125,0.8125,0.8639109112376657,64,64,64,128,PFP-l3,0.009484534151852131
revision,power_1138_bus,power-1138-bus,infrastructure,5,quasi_local_walk,lrw,0.671875,0.671875,0.59375,0.59375,0.59375,0.6877162318142387,64,64,64,128,LRW-l3,0.00942409411072731
revision,power_1138_bus,power-1138-bus,infrastructure,5,quasi_local_walk,srw,0.7578125,0.7578125,0.6875,0.6875,0.6875,0.7672965026843697,64,64,64,128,SRW-l3,0.00942409411072731
revision,power_1138_bus,power-1138-bus,infrastructure,5,quasi_local_walk,pfp,0.7578125,0.7578125,0.6875,0.6875,0.6875,0.7672965026843697,64,64,64,128,PFP-l3,0.00942409411072731
