benchmark,network_id,network,domain,family,method_id,method,average_precision_mean,average_precision_std,roc_auc_mean,roc_auc_std,precision_mean,precision_std,recall_mean,recall_std,f1_mean,f1_std,ndcg_mean,ndcg_std,distinct_score_count_mean,distinct_score_count_std,tie_group_count_mean,tie_group_count_std,tied_candidate_count_mean,tied_candidate_count_std,tied_candidate_ratio_mean,tied_candidate_ratio_std,largest_tie_group_mean,largest_tie_group_std,cutoff_tie_size_mean,cutoff_tie_size_std,cutoff_tie_positive_count_mean,cutoff_tie_positive_count_std,cutoff_tie_negative_count_mean,cutoff_tie_negative_count_std,cutoff_slots_in_tie_mean,cutoff_slots_in_tie_std,cutoff_tie_crosses_boundary_mean,cutoff_tie_crosses_boundary_std
standard,ego_facebook,ego-Facebook,social,enhanced_local,ra_cni,RA-CNI,0.98916032619981,0.0007070246459514334,0.9905446274645369,0.0006179574010135043,0.9523849072796313,0.0021091106332868457,0.9523849072796313,0.0021091106332868457,0.9523849072796313,0.0021091106332868457,0.9573168049252263,0.0018911631294604124,20144.8,43.6256805104518,186.6,6.107372593840988,13720.2,45.76243000540958,0.4073887144691115,0.0013596844594762,11420.8,391.1472868370688,1.0,0.0,0.2,0.4472135954999579,0.8,0.4472135954999579,1.0,0.0,0.0,0.0
standard,ego_facebook,ego-Facebook,social,enhanced_local,ia1,IA1,0.9935481445872008,0.0005742646981767212,0.9942638874287685,0.00048360231775539954,0.9763528048717355,0.0012365174594085276,0.9763528048717355,0.0012365174594085276,0.9763528048717355,0.0012365174594085276,0.9788087852080032,0.0011213013434987656,17014.0,55.31726674375751,219.8,12.13260071048248,16884.2,61.41009688968098,0.5013361856221398,0.0018294324771220463,14768.0,57.33672470589865,1.0,0.0,0.6,0.5477225575051661,0.4,0.5477225575051661,1.0,0.0,0.0,0.0
standard,ego_facebook,ego-Facebook,social,enhanced_local,ia2,IA2,0.9935037047959672,0.0005680629078661474,0.9942268562815977,0.0004789861207641596,0.9765784644260531,0.0012367707199478983,0.9765784644260531,0.0012367707199478983,0.9765784644260531,0.0012367707199478983,0.9790029947179283,0.0011168825785907663,17010.4,53.6870561681305,221.0,13.038404810405298,16889.0,60.774172145739676,0.5014787083739407,0.0018099826726843422,14768.0,57.33672470589865,2.0,1.224744871391589,1.0,1.224744871391589,1.0,0.7071067811865476,1.4,0.5477225575051662,0.4,0.5477225575051661
standard,ego_facebook,ego-Facebook,social,enhanced_local,car_cn,CAR-CN,0.9813841097044282,0.0005122643119895792,0.9824016625317075,0.00048150948418891723,0.9700579563136644,0.0015137910853492815,0.9700579563136644,0.0015137910853492815,0.9700579563136644,0.0015137910853492815,0.9731092652215121,0.0013553768519441432,7735.8,48.65901766373824,2118.8,24.232209969377536,28061.4,35.047111150564625,0.8332165454332839,0.0010434953448376241,16736.4,61.10482795982696,403.6,37.79947089576784,227.2,34.92420364160076,176.4,16.920401886480118,300.8,66.33023443347686,1.0,0.0
standard,ego_facebook,ego-Facebook,social,enhanced_local,car_aa,CAR-AA,0.9818050886776742,0.0005061897184351495,0.9826606835372342,0.0004757918900486569,0.971887023098031,0.0009710058577015417,0.971887023098031,0.0009710058577015417,0.971887023098031,0.0009710058577015417,0.9747480113057,0.0008590828667368357,16718.0,69.84983894040145,155.6,8.532291603080617,17116.0,75.52483035399682,0.5082189342718852,0.00224717554864923,16736.4,61.10482795982696,2.8,2.4899799195977463,0.8,0.8366600265340756,2.0,2.23606797749979,2.0,1.7320508075688772,0.4,0.5477225575051661
standard,ego_facebook,ego-Facebook,social,enhanced_local,car_ra,CAR-RA,0.982843083021654,0.0005093378077467832,0.9833893885591589,0.000504272826834938,0.9718632715395025,0.0009402829674777117,0.9718632715395025,0.0009402829674777117,0.9718632715395025,0.0009402829674777117,0.9748311236218985,0.0008366735725206919,16714.0,69.0144912319143,159.2,9.148770409186145,17123.6,74.46677111302732,0.5084445977053326,0.002215685352397726,16736.4,61.10482795982696,3.8,2.280350850198276,0.4,0.5477225575051661,3.4,2.073644135332772,2.4,1.9493588689617927,0.8,0.4472135954999579
standard,ego_facebook,ego-Facebook,social,enhanced_local,fsw,FSW,0.9921097567114303,0.0006745559742294284,0.9930380551204344,0.0005451779458008567,0.9715782344994561,0.0015018234889465215,0.9715782344994561,0.0015018234889465215,0.9715782344994561,0.0015018234889465215,0.9745316578998235,0.001360958845398996,12029.6,101.5125607991443,1583.4,21.755459085020505,23232.2,115.41750300539378,0.6898249920054663,0.003441921477870938,14768.0,57.33672470589865,6.6,1.51657508881031,4.8,1.3038404810405297,1.8,2.04939015319192,3.2,2.04939015319192,1.0,0.0
standard,ego_facebook,ego-Facebook,social,enhanced_local,lit,LIT-i2,0.9917346536091138,0.000684422791928287,0.9924061003175702,0.0005958111377289547,0.9670174387333781,0.001745304186824847,0.9670174387333781,0.001745304186824847,0.9670174387333781,0.001745304186824847,0.9704842343146556,0.00155448668133589,18366.2,40.79460748677448,248.4,13.575713609236162,15560.6,52.43376774560456,0.46203503869749263,0.0015661290168380085,14774.2,55.472515717245145,1.0,0.0,0.8,0.4472135954999579,0.2,0.447213595499958,1.0,0.0,0.0,0.0
standard,socfb_middlebury45,socfb-Middlebury45,social,enhanced_local,ra_cni,RA-CNI,0.9176871519877411,0.0009363495096198862,0.9278133293442072,0.0006555928985277005,0.8538000113178444,0.0011715163915607528,0.8538000113178444,0.0011715163915607528,0.8538000113178444,0.0011715163915607528,0.8642731270959725,0.0010729558018720735,46489.6,24.429490375364235,125.8,15.188811671753651,2251.8,33.811240734406624,0.046318471478452986,0.0006959651266955604,1942.6,31.14963884220811,1.0,0.0,0.4,0.5477225575051662,0.6,0.5477225575051662,1.0,0.0,0.0,0.0
standard,socfb_middlebury45,socfb-Middlebury45,social,enhanced_local,ia1,IA1,0.95559393214387,0.0009401902217072609,0.9575332649331155,0.00096909228104581,0.8956631208577835,0.0020817328771543775,0.8956631208577835,0.0020817328771543775,0.8956631208577834,0.002081732877154368,0.9047962041980467,0.001869915826571654,30848.2,70.41448714575736,430.8,18.75366630821824,18198.2,71.68821381510348,0.37432840900358566,0.0014758760623426387,13586.8,57.17254585900487,1.0,0.0,0.8,0.4472135954999579,0.2,0.4472135954999579,1.0,0.0,0.0,0.0
standard,socfb_middlebury45,socfb-Middlebury45,social,enhanced_local,ia2,IA2,0.9543983077191516,0.0010033417463629073,0.9562329432227008,0.0010593848420681975,0.8935897161805079,0.0019342352920987923,0.8935897161805079,0.0019342352920987923,0.8935897161805079,0.0019342352920987923,0.9029029683256773,0.0017568946442262183,30842.2,73.86609506397393,428.0,17.42125139018434,18201.4,76.25483591222255,0.3743942328169168,0.0015701259912721788,13586.8,57.17254585900487,1.0,0.0,0.8,0.4472135954999579,0.2,0.447213595499958,1.0,0.0,0.0,0.0
standard,socfb_middlebury45,socfb-Middlebury45,social,enhanced_local,car_cn,CAR-CN,0.9381759297250204,0.0007790987163971612,0.9408998691810831,0.0009556414489951758,0.8855017646677841,0.0019858266172262896,0.8855017646677841,0.0019858266172262896,0.8855017646677841,0.0019858266172262653,0.8952604091538973,0.001764863525387624,3818.2,44.91881565669337,2067.4,28.413025182123835,46864.8,53.274759502038556,0.9639868599066874,0.001086299980583594,19897.0,88.15611152949076,229.2,16.084153692376855,116.0,11.045361017187261,113.2,7.791020472312982,121.4,57.4699921698272,1.0,0.0
standard,socfb_middlebury45,socfb-Middlebury45,social,enhanced_local,car_aa,CAR-AA,0.9397982928556553,0.0008330430525068497,0.9417083769716552,0.0009657337622986684,0.8864232858686799,0.0018080247281301591,0.8864232858686799,0.0018080247281301591,0.8864232858686799,0.0018080247281301591,0.8961819901130937,0.0016201598594728387,28328.0,76.42316402766899,317.6,14.397916515940777,20605.2,78.17736245231112,0.4238392571521442,0.0016066174539110904,19897.0,88.15611152949076,1.0,0.0,0.6,0.5477225575051662,0.4,0.5477225575051662,1.0,0.0,0.0,0.0
standard,socfb_middlebury45,socfb-Middlebury45,social,enhanced_local,car_ra,CAR-RA,0.9434023869774025,0.0008248841678217364,0.9442866263188145,0.0009198642637808659,0.891606808901377,0.0013943340315805354,0.891606808901377,0.0013943340315805354,0.8916068089013771,0.001394334031580547,0.9011161481556715,0.0012599265208422623,28321.0,76.0756202735148,323.6,13.867227552759065,20618.2,76.48986861016293,0.4241066601845751,0.0015715894101317892,19897.0,88.15611152949076,1.0,0.0,0.8,0.4472135954999579,0.2,0.4472135954999579,1.0,0.0,0.0,0.0
standard,socfb_middlebury45,socfb-Middlebury45,social,enhanced_local,fsw,FSW,0.9529007079422576,0.0011815400542603868,0.9547623300940273,0.000980647841536144,0.8905865469877158,0.0026159653104369926,0.8905865469877158,0.0026159653104369926,0.890586546987716,0.002615965310436977,0.9001655454292585,0.002315660770972921,19322.6,71.0654627790464,3362.2,51.591665993646735,32655.2,115.1290580175135,0.6717020958369322,0.002371094199232932,13586.8,57.17254585900487,6.4,7.602631123499285,3.0,3.7416573867739418,3.4,4.277849927241488,5.2,6.572670690061994,0.6,0.5477225575051661
standard,socfb_middlebury45,socfb-Middlebury45,social,enhanced_local,lit,LIT-i2,0.9503963138409409,0.0011283124073998177,0.951942769099863,0.0010494873454214152,0.8858637833707421,0.002408318036600705,0.8858637833707421,0.002408318036600705,0.8858637833707421,0.0024083180366007138,0.8958255165467459,0.0021551883226975516,34766.6,42.735231367104305,105.6,4.277849927241489,13954.6,41.240756540102446,0.28703954768184947,0.0008468386335337543,13597.0,53.3713406239714,1.0,0.0,0.6,0.5477225575051661,0.4,0.5477225575051661,1.0,0.0,0.0,0.0
standard,ca_grqc,ca-GrQc,scientific_collaboration,enhanced_local,ra_cni,RA-CNI,0.9815997210819238,0.003175777422461048,0.981506018885668,0.0030986670799096694,0.9671883432271992,0.005223894242991951,0.9671883432271992,0.005223894242991951,0.9671883432271992,0.005223894242991951,0.9723512606200224,0.004441421608520953,1561.2,10.084641788382969,84.2,7.981227975693964,2229.0,8.45576726264388,0.6014570966001079,0.0022816425425374906,1865.6,9.370165420097992,1495.6,835.519479126609,52.0,29.317230428538096,1443.6,806.4557024412438,13.2,8.228000972289685,0.8,0.4472135954999579
standard,ca_grqc,ca-GrQc,scientific_collaboration,enhanced_local,ia1,IA1,0.9667321110171475,0.0037084768344434913,0.9666166124331571,0.003735351624889075,0.9382622773880194,0.005919123403430636,0.9382622773880194,0.005919123403430636,0.9382622773880194,0.005919123403430636,0.9482399043146916,0.005002605668252711,1228.4,10.597169433391137,128.2,10.986355173577817,2605.8,6.685805860178785,0.7031300593631948,0.0018040490718237224,1964.0,10.770329614269007,1964.0,10.770329614269007,121.6,13.049904214207858,1842.4,3.911521443121598,111.0,10.770329614269007,1.0,0.0
standard,ca_grqc,ca-GrQc,scientific_collaboration,enhanced_local,ia2,IA2,0.96669194102798,0.0037090520728800783,0.9665837024541816,0.0037356225835245543,0.9382622773880194,0.005919123403430636,0.9382622773880194,0.005919123403430636,0.9382622773880194,0.005919123403430636,0.9482353929010404,0.00500010728625985,1225.0,9.082951062292482,124.6,13.974977638622539,2605.6,9.60728889958033,0.7030760928224501,0.002592360739228406,1964.0,10.770329614269007,1964.0,10.770329614269007,121.6,13.049904214207858,1842.4,3.911521443121598,111.0,10.770329614269007,1.0,0.0
standard,ca_grqc,ca-GrQc,scientific_collaboration,enhanced_local,car_cn,CAR-CN,0.8504856860755581,0.008565048855124205,0.8504570555354437,0.00854971645048597,0.7729087965461414,0.01086323811340411,0.7729087965461414,0.01086323811340411,0.7729087965461414,0.010863238113404132,0.8062516477149126,0.009520794418081197,447.8,24.70222662028668,204.0,6.244997998398398,3462.2,28.154928520598265,0.9342147868321641,0.007597120485860302,2404.2,33.1767991222782,2404.2,33.1767991222782,553.2,32.06555784638715,1851.0,1.9999999999999893,551.2,33.176799122278226,1.0,0.0
standard,ca_grqc,ca-GrQc,scientific_collaboration,enhanced_local,car_aa,CAR-AA,0.8506057809214045,0.008656058133259679,0.8504962853953376,0.008577789566053151,0.7729087965461414,0.01086323811340411,0.7729087965461414,0.01086323811340411,0.7729087965461414,0.010863238113404132,0.8062599352675346,0.009526811827318207,1131.2,25.449950884039033,92.6,9.555103348473004,2667.4,21.40794245134271,0.7197517539125743,0.005776562992806964,2404.2,33.1767991222782,2404.2,33.1767991222782,553.2,32.06555784638715,1851.0,1.9999999999999893,551.2,33.176799122278226,1.0,0.0
standard,ca_grqc,ca-GrQc,scientific_collaboration,enhanced_local,car_ra,CAR-RA,0.8506555928706685,0.00866155962588055,0.8505251180317852,0.00858244424909574,0.7729087965461414,0.01086323811340411,0.7729087965461414,0.01086323811340411,0.7729087965461414,0.010863238113404132,0.8062663765787288,0.00952635450500402,1118.0,25.16942589730644,95.8,9.148770409186143,2683.8,20.6567180355448,0.7241770102536428,0.005573858077588992,2404.2,33.1767991222782,2404.2,33.1767991222782,553.2,32.06555784638715,1851.0,1.9999999999999893,551.2,33.176799122278226,1.0,0.0
standard,ca_grqc,ca-GrQc,scientific_collaboration,enhanced_local,fsw,FSW,0.966183580847157,0.0036798159223167468,0.9662230906314611,0.0037088809323991122,0.9382622773880194,0.005919123403430636,0.9382622773880194,0.005919123403430636,0.9382622773880194,0.005919123403430636,0.9481813986007109,0.005002438676116369,895.8,25.34166529650331,254.6,11.823705003085962,3064.8,35.590729129929365,0.8269832703723692,0.009603542668626376,1964.0,10.770329614269007,1964.0,10.770329614269007,121.6,13.049904214207858,1842.4,3.911521443121598,111.0,10.770329614269007,1.0,0.0
standard,ca_grqc,ca-GrQc,scientific_collaboration,enhanced_local,lit,LIT-i2,0.9331738985288535,0.0066746094441559635,0.9329805752489582,0.006748253968034779,0.8820291419320021,0.0091472888578127,0.8820291419320021,0.0091472888578127,0.8820291419320021,0.0091472888578127,0.9006164927716223,0.007816232936115362,1515.2,17.598295371995547,51.8,3.8987177379235862,2242.6,16.11831256676703,0.6051268213707501,0.004349247859354334,2087.6,20.887795479657488,2087.6,20.887795479657488,244.8,23.889328161335975,1842.8,3.898717737923566,234.6,20.887795479657495,1.0,0.0
standard,ca_hepth,ca-HepTh,scientific_collaboration,enhanced_local,ra_cni,RA-CNI,0.9674197609326866,0.0018213880936016522,0.9670660826970107,0.0018671682021976146,0.9406887575770966,0.003566739250573641,0.9406887575770966,0.003566739250573641,0.9406887575770966,0.003566739250573641,0.9492950335716435,0.0030352439965297723,2443.6,17.271363582531606,172.6,7.569676347110224,4196.6,16.14930339054908,0.6488650016708875,0.002459091139193303,3358.8,16.754103974847425,3358.8,16.754103974847425,199.2,12.67675037223657,3159.6,6.6932802122726605,125.0,16.92631087981076,1.0,0.0
standard,ca_hepth,ca-HepTh,scientific_collaboration,enhanced_local,ia1,IA1,0.9365502301068434,0.0025699701524496458,0.9364943256521325,0.0025638129396144604,0.8879335531980134,0.005040648512099952,0.8879335531980134,0.005040648512099952,0.8879335531980134,0.005040648512099952,0.9041058631202388,0.004348342258846886,1370.2,17.253985046939164,261.2,13.700364958642522,5358.6,21.030929603800224,0.8285298620193234,0.0032364748365752215,3631.2,16.961721610732862,3631.2,16.961721610732862,407.2,16.528762809115516,3224.0,1.224744871391589,397.4,17.12600362022617,1.0,0.0
standard,ca_hepth,ca-HepTh,scientific_collaboration,enhanced_local,ia2,IA2,0.9364120943953157,0.002623514845212958,0.9364088635666066,0.002585165814859129,0.8879335531980134,0.005040648512099952,0.8879335531980134,0.005040648512099952,0.8879335531980134,0.005040648512099952,0.904089964833538,0.004355616295850661,1366.8,19.81665965797465,257.2,14.652644812456211,5358.0,23.94786002965609,0.8284371263338167,0.0036989363518487445,3631.2,16.961721610732862,3631.2,16.961721610732862,407.2,16.528762809115516,3224.0,1.224744871391589,397.4,17.12600362022617,1.0,0.0
standard,ca_hepth,ca-HepTh,scientific_collaboration,enhanced_local,car_cn,CAR-CN,0.7404351195257061,0.00390981055524106,0.7404421553188911,0.003910770201190259,0.6573689960195196,0.003630696992598243,0.6573689960195196,0.003630696992598243,0.6573689960195196,0.003630696992598243,0.6971231621819577,0.003435800847074849,184.4,12.720062892926276,93.8,6.016643582596529,6377.0,15.858751527153705,0.9859915937243496,0.0023876579575321257,4910.4,24.027068069158975,4910.4,24.027068069158975,1677.8,24.75277762191549,3232.6,1.5165750888103138,1676.6,24.265201420964956,1.0,0.0
standard,ca_hepth,ca-HepTh,scientific_collaboration,enhanced_local,car_aa,CAR-AA,0.7405121719956682,0.003858339799907191,0.7404590183084541,0.0038962610980995327,0.6573689960195196,0.003630696992598243,0.6573689960195196,0.003630696992598243,0.6573689960195196,0.003630696992598243,0.6971291531671893,0.003432733096244645,1113.0,23.313086453749534,198.4,9.528903399657274,5553.0,30.04995840263354,0.8585873665609427,0.0046319905670091956,4910.4,24.027068069158975,4910.4,24.027068069158975,1677.8,24.75277762191549,3232.6,1.5165750888103138,1676.6,24.265201420964956,1.0,0.0
standard,ca_hepth,ca-HepTh,scientific_collaboration,enhanced_local,car_ra,CAR-RA,0.7405148813556999,0.0038597346842312295,0.7404595822042825,0.0038967463871271016,0.6573689960195196,0.003630696992598243,0.6573689960195196,0.003630696992598243,0.6573689960195196,0.003630696992598243,0.697129596340284,0.003432784106769627,1073.4,23.74447304111001,207.2,10.207840124139874,5601.4,32.508460437246164,0.8660708284100975,0.0050142869742850985,4910.4,24.027068069158975,4910.4,24.027068069158975,1677.8,24.75277762191549,3232.6,1.5165750888103138,1676.6,24.265201420964956,1.0,0.0
standard,ca_hepth,ca-HepTh,scientific_collaboration,enhanced_local,fsw,FSW,0.9359854343793182,0.002571915408705478,0.936189912537387,0.0025576607676619347,0.8879335531980134,0.005040648512099952,0.8879335531980134,0.005040648512099952,0.8879335531980134,0.005040648512099952,0.9040360053209355,0.004344641381961044,956.0,19.22238278674108,421.4,12.700393694685223,5933.0,24.5051015096856,0.91734206097027,0.0038570250152329217,3631.2,16.961721610732862,3631.2,16.961721610732862,407.2,16.528762809115516,3224.0,1.224744871391589,397.4,17.12600362022617,1.0,0.0
standard,ca_hepth,ca-HepTh,scientific_collaboration,enhanced_local,lit,LIT-i2,0.88777176085381,0.0032093062449428064,0.8877735339274819,0.003158511166761585,0.8179230840889626,0.0044184639588898435,0.8179230840889626,0.0044184639588898435,0.8179230840889626,0.004418463958889855,0.8431054463791672,0.0038889451076490836,2397.0,17.073371078963874,60.0,4.847679857416329,4130.6,19.269146322554057,0.6386605279009503,0.003012159513194113,3945.0,20.32240143290162,3945.0,20.32240143290162,720.6,20.019990009987527,3224.4,1.140175425099118,711.2,20.559669258040127,1.0,0.0
standard,email_eu_core,email-Eu-core,communication,enhanced_local,ra_cni,RA-CNI,0.9298161505142806,0.0029827732129131443,0.9371387519445975,0.0027955053987090825,0.8653092187163212,0.004548238892930065,0.8653092187163212,0.004548238892930065,0.8653092187163212,0.004548238892930065,0.8795261880942231,0.0039001868832720696,5694.4,9.889388252060897,19.2,1.9235384061671346,356.4,9.914635646356349,0.059088773638439104,0.0016425177073880204,318.0,11.000000000000007,1.0,0.0,0.4,0.5477225575051661,0.6,0.5477225575051661,1.0,0.0,0.0,0.0
standard,email_eu_core,email-Eu-core,communication,enhanced_local,ia1,IA1,0.9517081711157557,0.0019201102784763653,0.9522493957896969,0.0019428932964290573,0.8913721841719783,0.002450192943956553,0.8913721841719783,0.002450192943956553,0.8913721841719783,0.0024501929439564923,0.9045392198981869,0.002170546634231579,3549.6,31.895140695723576,128.2,5.2630789467763055,2610.2,31.49920633920797,0.43275378193031305,0.005182696899048594,1940.4,41.87839538473269,1.0,0.0,0.2,0.447213595499958,0.8,0.4472135954999579,1.0,0.0,0.0,0.0
standard,email_eu_core,email-Eu-core,communication,enhanced_local,ia2,IA2,0.9506721634668682,0.0022457523858117226,0.9514097889755885,0.002298525821625001,0.8905102911613462,0.003676606479071337,0.8905102911613462,0.003676606479071337,0.8905102911613462,0.003676606479071337,0.9037036176157425,0.003273407416751218,3548.0,32.80243893371343,128.8,5.215361924162118,2612.4,31.445190411253712,0.43311853640726516,0.005174536719040231,1940.4,41.87839538473269,1.6,1.3416407864998738,0.6,0.5477225575051661,1.0,1.7320508075688772,1.2,0.4472135954999579,0.2,0.4472135954999579
standard,email_eu_core,email-Eu-core,communication,enhanced_local,car_cn,CAR-CN,0.9221705173343449,0.002807458988475884,0.9251641479489517,0.002300946375739999,0.8785727419489643,0.002589570342980511,0.8785727419489643,0.002589570342980511,0.8785727419489643,0.0025895703429804793,0.892559522121546,0.0022532136949111803,930.4,11.674759098157018,402.4,17.994443586840912,5503.6,24.213632523849068,0.9124609270183125,0.00398015619805267,2734.4,22.96301373948988,75.6,32.11385993617086,39.8,19.21457779916072,35.8,13.809417076763234,39.6,43.04416336740674,1.0,0.0
standard,email_eu_core,email-Eu-core,communication,enhanced_local,car_aa,CAR-AA,0.9250879051329217,0.0026806305489729195,0.9265218543976677,0.002310543833968551,0.879700150881314,0.003364340518145541,0.879700150881314,0.003364340518145541,0.879700150881314,0.003364340518145569,0.8937946624514203,0.002915672538419509,3233.4,22.478878975607266,49.4,2.6076809620810595,2847.6,21.835750502329866,0.4721131631849594,0.003558856958198638,2734.4,22.96301373948988,1.4,0.8944271909999159,0.4,0.5477225575051661,1.0,1.224744871391589,1.2,0.4472135954999579,0.2,0.447213595499958
standard,email_eu_core,email-Eu-core,communication,enhanced_local,car_ra,CAR-RA,0.9303614283667718,0.0023878705338908845,0.9298279549283418,0.0022421314277944375,0.8850056085619646,0.0015292271156049804,0.8850056085619646,0.0015292271156049804,0.8850056085619646,0.0015292271156049843,0.8989738982859485,0.0013026429044705684,3233.0,22.638462845343543,49.8,2.8635642126552705,2848.4,22.244100341438855,0.4722457891796544,0.003626281138489014,2734.4,22.96301373948988,1.0,0.0,0.4,0.5477225575051662,0.6,0.5477225575051662,1.0,0.0,0.0,0.0
standard,email_eu_core,email-Eu-core,communication,enhanced_local,fsw,FSW,0.9399243951367581,0.0018429384686795664,0.9417941712951367,0.0013609450711917037,0.8730684992367956,0.0027082168556681035,0.8730684992367956,0.0027082168556681035,0.8730684992367956,0.0027082168556681035,0.8879763449377425,0.0023408068379924046,2734.2,36.23810149552539,475.8,14.411800720243114,3773.2,46.4187462131411,0.6255721612978432,0.0077125624907401855,1940.4,41.87839538473269,40.0,35.94440151122286,16.8,15.385057685949702,23.2,20.644611887851028,18.6,22.76620302114518,0.6,0.5477225575051661
standard,email_eu_core,email-Eu-core,communication,enhanced_local,lit,LIT-i2,0.9446596972819019,0.0014615002657886501,0.9465162617725777,0.00111091190675402,0.8809601638139981,0.0017483487882326977,0.8809601638139981,0.0017483487882326977,0.8809601638139981,0.0017483487882326673,0.894937387538968,0.0013803407936274575,4079.0,41.934472692523514,8.8,3.3466401061363023,1961.4,42.20544988505632,0.3251871940034575,0.006987951074086951,1945.0,42.154477816715996,1.0,0.0,1.0,0.0,0.0,0.0,1.0,0.0,0.0,0.0
standard,email_univ,email-univ,communication,enhanced_local,ra_cni,RA-CNI,0.9284111943659499,0.002980259236628146,0.9264964884170157,0.00408668591887941,0.8643185914767606,0.007951031504353074,0.8643185914767606,0.007951031504353074,0.8643185914767606,0.007951031504353074,0.8844606034324605,0.0063219275724454415,1086.2,15.172343260024151,38.2,5.932958789676531,679.6,15.725775020646829,0.39337930775503194,0.009164288548013072,596.0,15.508062419270823,1.6,1.3416407864998738,1.2,1.0954451150103321,0.4,0.5477225575051661,1.6,1.3416407864998738,0.0,0.0
standard,email_univ,email-univ,communication,enhanced_local,ia1,IA1,0.8600924151747336,0.0032981898001905575,0.8576810159315984,0.003168436946666926,0.7893030342045406,0.004979394148668466,0.7893030342045406,0.004979394148668466,0.7893030342045406,0.004979394148668418,0.8234244505984736,0.004126346053311859,469.8,14.096098751072939,60.8,4.08656334834051,1318.6,11.17139203501517,0.763256137075662,0.006563701344651217,1022.2,9.284395510748137,1022.2,9.284395510748137,216.0,4.847679857416329,806.2,6.870225614927067,158.4,9.316651759081696,1.0,0.0
standard,email_univ,email-univ,communication,enhanced_local,ia2,IA2,0.8552034107988001,0.004137220554493998,0.855663864651415,0.003532444586813186,0.7893030342045406,0.004979394148668466,0.7893030342045406,0.004979394148668466,0.7893030342045406,0.004979394148668418,0.8224892870255388,0.003959954731598939,467.8,13.84557691105719,60.4,2.701851217221259,1320.2,11.166915420114893,0.7641817947727565,0.006490282534738327,1022.2,9.284395510748137,1022.2,9.284395510748137,216.0,4.847679857416329,806.2,6.870225614927067,158.4,9.316651759081696,1.0,0.0
standard,email_univ,email-univ,communication,enhanced_local,car_cn,CAR-CN,0.6909390133370124,0.011705585562012377,0.6916191713863213,0.012499700210979773,0.6242202587871766,0.011346794211446385,0.6242202587871766,0.011346794211446385,0.6242202587871766,0.011346794211446385,0.6751511739843051,0.010361019774626532,55.8,2.4899799195977472,34.2,2.6832815729997477,1706.0,4.69041575982343,0.9874963789107764,0.0023064568828715703,1385.8,23.910248848558634,1385.8,23.910248848558634,527.8,22.731036052058872,858.0,1.5811388300841898,522.0,23.864199127563452,1.0,0.0
standard,email_univ,email-univ,communication,enhanced_local,car_aa,CAR-AA,0.6916405792667384,0.011609772948176375,0.6916946848421603,0.012439450281381778,0.6242202587871766,0.011346794211446385,0.6242202587871766,0.011346794211446385,0.6242202587871766,0.011346794211446385,0.6752282954512921,0.010362622586059729,313.8,17.18138527593162,24.2,4.868264577855234,1438.0,13.133925536563684,0.8323690506845199,0.007649522658614251,1385.8,23.910248848558634,1385.8,23.910248848558634,527.8,22.731036052058872,858.0,1.5811388300841898,522.0,23.864199127563452,1.0,0.0
standard,email_univ,email-univ,communication,enhanced_local,car_ra,CAR-RA,0.6921969042649125,0.011911001616895551,0.6917919547460836,0.012484325671701046,0.6242202587871766,0.011346794211446385,0.6242202587871766,0.011346794211446385,0.6242202587871766,0.011346794211446385,0.6753576936838618,0.01041823092414452,312.8,16.84339633209407,24.8,4.919349550499537,1439.6,12.641202474448404,0.833295378953693,0.007392963992836826,1385.8,23.910248848558634,1385.8,23.910248848558634,527.8,22.731036052058872,858.0,1.5811388300841898,522.0,23.864199127563452,1.0,0.0
standard,email_univ,email-univ,communication,enhanced_local,fsw,FSW,0.8548110812060253,0.003955711412729858,0.8542993415026956,0.0035381387198451116,0.7893030342045406,0.004979394148668466,0.7893030342045406,0.004979394148668466,0.7893030342045406,0.004979394148668418,0.8226828248658592,0.004118866808782926,438.4,9.289779329994879,109.8,8.814760348415604,1399.0,15.684387141358119,0.8097922299472126,0.00887666313139836,1022.2,9.284395510748137,1022.2,9.284395510748137,216.0,4.847679857416329,806.2,6.870225614927067,158.4,9.316651759081696,1.0,0.0
standard,email_univ,email-univ,communication,enhanced_local,lit,LIT-i2,0.8457098480242907,0.004608905163614752,0.8442847959433282,0.004873362060798599,0.7733283979228359,0.005134328434316761,0.7733283979228359,0.005134328434316761,0.7733283979228359,0.005134328434316833,0.8094963969716357,0.00429693321034396,668.6,7.334848328356898,6.6,1.6733200530681511,1065.6,8.294576541331088,0.6168096326337926,0.004819326931125432,1053.2,6.300793600809345,1053.2,6.300793600809345,239.4,5.41294744108974,813.8,6.723094525588636,189.4,6.348228099241551,1.0,0.0
standard,power_grid,power-grid,infrastructure,enhanced_local,ra_cni,RA-CNI,0.7594331589153438,0.008604773011949809,0.760136347858394,0.009530549945386156,0.6680545637645336,0.021677129102645656,0.6680545637645336,0.021677129102645656,0.6680545637645336,0.021677129102645656,0.729203168580656,0.017434716113368998,77.0,5.431390245600108,22.6,2.6076809620810595,607.2,6.418722614352482,0.9177817449418658,0.010386455538716078,486.2,6.942621983083915,486.2,6.942621983083915,157.2,6.685805860178716,329.0,1.2247448713915934,155.4,7.231873892705817,1.0,0.0
standard,power_grid,power-grid,infrastructure,enhanced_local,ia1,IA1,0.681123934560253,0.01323890084190403,0.6812384775792201,0.013002026470459232,0.610625286093564,0.014625786521945029,0.610625286093564,0.014625786521945029,0.610625286093564,0.014625786521945029,0.6741392027756375,0.012706218963628172,40.6,4.335896677735761,14.8,2.949576240750525,635.8,4.549725266430936,0.9610088803442277,0.007631759757816603,540.2,7.694153624668528,540.2,7.694153624668528,210.2,8.16700679563817,330.0,0.70710678118655,209.4,7.987490219086342,1.0,0.0
standard,power_grid,power-grid,infrastructure,enhanced_local,ia2,IA2,0.6807162740465162,0.013404860353623777,0.6811791055779511,0.013029050321776453,0.610625286093564,0.014625786521945029,0.610625286093564,0.014625786521945029,0.610625286093564,0.014625786521945029,0.6739914129249406,0.012656173961145274,39.0,3.8078865529319543,13.6,3.2093613071762426,636.2,4.266145801540302,0.9616131099514785,0.007187078501521117,540.2,7.694153624668528,540.2,7.694153624668528,210.2,8.16700679563817,330.0,0.70710678118655,209.4,7.987490219086342,1.0,0.0
standard,power_grid,power-grid,infrastructure,enhanced_local,car_cn,CAR-CN,0.5359782111141627,0.005535801283272078,0.5359782111141629,0.005535801283271983,0.5272049803167628,0.0030029608565397426,0.5272049803167628,0.0030029608565397426,0.5272049803167628,0.0030029608565397426,0.5666685365124391,0.0046976617872061055,7.2,1.0954451150103324,4.4,0.5477225575051662,658.8,0.8366600265340772,0.9957685617504349,0.001261653181065394,637.8,4.381780460041313,637.8,4.381780460041313,307.0,4.000000000000003,330.8,0.4472135954999611,307.0,4.000000000000003,1.0,0.0
standard,power_grid,power-grid,infrastructure,enhanced_local,car_aa,CAR-AA,0.5359782111141628,0.00553580128327212,0.5359782111141629,0.005535801283271983,0.5272049803167628,0.0030029608565397426,0.5272049803167628,0.0030029608565397426,0.5272049803167628,0.0030029608565397426,0.5666685365124391,0.0046976617872061055,21.0,2.738612787525831,3.8,0.8366600265340756,644.4,3.2093613071762466,0.9740025633983338,0.00470353533977261,637.8,4.381780460041313,637.8,4.381780460041313,307.0,4.000000000000003,330.8,0.4472135954999611,307.0,4.000000000000003,1.0,0.0
standard,power_grid,power-grid,infrastructure,enhanced_local,car_ra,CAR-RA,0.5359782111141628,0.005535801283272134,0.5359782111141629,0.005535801283271983,0.5272049803167628,0.0030029608565397426,0.5272049803167628,0.0030029608565397426,0.5272049803167628,0.0030029608565397426,0.5666685365124391,0.0046976617872061055,20.8,2.3874672772626644,4.0,0.7071067811865476,644.8,2.588435821108956,0.9746067930055846,0.003608243206739189,637.8,4.381780460041313,637.8,4.381780460041313,307.0,4.000000000000003,330.8,0.4472135954999611,307.0,4.000000000000003,1.0,0.0
standard,power_grid,power-grid,infrastructure,enhanced_local,fsw,FSW,0.6800965665115702,0.012672921591569759,0.6810226070940485,0.012854585670132548,0.610625286093564,0.014625786521945029,0.610625286093564,0.014625786521945029,0.610625286093564,0.014625786521945029,0.6739107792277078,0.012821582945627916,50.8,4.658325879540846,23.0,1.0,633.8,4.60434577328855,0.9579877323079741,0.007988119221704145,540.2,7.694153624668528,540.2,7.694153624668528,210.2,8.16700679563817,330.0,0.70710678118655,209.4,7.987490219086342,1.0,0.0
standard,power_grid,power-grid,infrastructure,enhanced_local,lit,LIT-i2,0.5910268667549531,0.006937431089698193,0.5912908707561002,0.00660570966856615,0.5544117916323354,0.00602321245164818,0.5544117916323354,0.00602321245164818,0.5544117916323354,0.00602321245164818,0.6106267723855059,0.0038192716020480303,59.6,4.03732584763727,3.0,1.4142135623730951,605.0,4.183300132670378,0.9144493271079372,0.006106253724323131,600.4,3.9749213828703613,600.4,3.9749213828703613,270.0,4.123105625617661,330.4,0.54772255750517,269.6,3.7815340802378064,1.0,0.0
standard,power_1138_bus,power-1138-bus,infrastructure,enhanced_local,ra_cni,RA-CNI,0.7954230185661394,0.03528282081016108,0.7939689060188609,0.035321707792464394,0.7322115384615385,0.054772624999486014,0.7322115384615385,0.054772624999486014,0.7322115384615385,0.054772624999486014,0.8015315799003522,0.04226848295335782,24.8,3.3466401061363027,8.2,1.3038404810405297,111.8,4.08656334834051,0.8706490384615385,0.0287997172304777,89.4,4.827007354458866,89.4,4.827007354458866,26.0,4.636809247747852,63.4,0.547722557505166,25.2,4.919349550499538,1.0,0.0
standard,power_1138_bus,power-1138-bus,infrastructure,enhanced_local,ia1,IA1,0.7025480769230769,0.035283188402917054,0.702548076923077,0.03528318840291703,0.6357211538461538,0.051459042030111736,0.6357211538461538,0.051459042030111736,0.6357211538461538,0.051459042030111736,0.720972333841381,0.04299114156306007,13.8,2.3874672772626644,7.0,0.7071067811865476,121.6,3.5071355833500357,0.9469711538461538,0.023158378627338973,102.4,4.774934554525327,102.4,4.774934554525327,38.2,4.604345773288535,64.2,0.44721359549995715,38.2,4.604345773288535,1.0,0.0
standard,power_1138_bus,power-1138-bus,infrastructure,enhanced_local,ia2,IA2,0.702548076923077,0.03528318840291703,0.702548076923077,0.03528318840291703,0.6357211538461538,0.051459042030111736,0.6357211538461538,0.051459042030111736,0.6357211538461538,0.051459042030111736,0.720972333841381,0.04299114156306007,12.8,1.9235384061671346,7.0,0.7071067811865476,122.6,3.0495901363953806,0.9547596153846154,0.018758203641730885,102.4,4.774934554525327,102.4,4.774934554525327,38.2,4.604345773288535,64.2,0.44721359549995715,38.2,4.604345773288535,1.0,0.0
standard,power_1138_bus,power-1138-bus,infrastructure,enhanced_local,car_cn,CAR-CN,0.5109134615384615,0.004301306382244229,0.5109134615384615,0.004301306382244229,0.5110576923076924,0.04913499171916692,0.5110576923076924,0.04913499171916692,0.5110576923076924,0.04913499171916692,0.5319558858048711,0.05662531640089367,2.4,0.5477225575051661,1.0,0.0,127.0,1.2247448713915883,0.9890865384615385,0.004301306382244229,127.0,1.2247448713915883,127.0,1.2247448713915883,62.8,0.8366600265340757,64.2,0.44721359549995715,62.8,0.8366600265340757,1.0,0.0
standard,power_1138_bus,power-1138-bus,infrastructure,enhanced_local,car_aa,CAR-AA,0.5109134615384615,0.004301306382244229,0.5109134615384615,0.004301306382244229,0.5110576923076924,0.04913499171916692,0.5110576923076924,0.04913499171916692,0.5110576923076924,0.04913499171916692,0.5319558858048711,0.05662531640089367,2.2,0.4472135954999579,1.2,0.4472135954999579,127.4,1.1401754250991383,0.9922115384615384,0.005524533225817888,127.0,1.2247448713915883,127.0,1.2247448713915883,62.8,0.8366600265340757,64.2,0.44721359549995715,62.8,0.8366600265340757,1.0,0.0
standard,power_1138_bus,power-1138-bus,infrastructure,enhanced_local,car_ra,CAR-RA,0.5109134615384615,0.004301306382244229,0.5109134615384615,0.004301306382244229,0.5110576923076924,0.04913499171916692,0.5110576923076924,0.04913499171916692,0.5110576923076924,0.04913499171916692,0.5319558858048711,0.05662531640089367,2.2,0.4472135954999579,1.2,0.4472135954999579,127.4,1.1401754250991383,0.9922115384615384,0.005524533225817888,127.0,1.2247448713915883,127.0,1.2247448713915883,62.8,0.8366600265340757,64.2,0.44721359549995715,62.8,0.8366600265340757,1.0,0.0
standard,power_1138_bus,power-1138-bus,infrastructure,enhanced_local,fsw,FSW,0.702548076923077,0.03528318840291703,0.702548076923077,0.03528318840291703,0.6357211538461538,0.051459042030111736,0.6357211538461538,0.051459042030111736,0.6357211538461538,0.051459042030111736,0.720972333841381,0.04299114156306007,17.4,3.781534080237807,7.0,1.8708286933869707,118.0,4.47213595499958,0.9189182692307692,0.03123573546478277,102.4,4.774934554525327,102.4,4.774934554525327,38.2,4.604345773288535,64.2,0.44721359549995715,38.2,4.604345773288535,1.0,0.0
standard,power_1138_bus,power-1138-bus,infrastructure,enhanced_local,lit,LIT-i2,0.5918990384615384,0.030447062623695603,0.5918990384615385,0.030447062623695606,0.5390384615384616,0.034081503235565455,0.5390384615384616,0.034081503235565455,0.5390384615384616,0.034081503235565455,0.6216831416141898,0.02134314293189487,12.4,3.7815340802378077,1.4,0.5477225575051661,117.4,3.71483512420134,0.9143509615384616,0.029142309849646105,116.6,3.9749213828703587,116.6,3.9749213828703587,52.4,3.911521443121589,64.2,0.44721359549995715,52.4,3.911521443121589,1.0,0.0
