benchmark,network_id,network,domain,family,method_id,method,parameter,parameter_value,is_primary,average_precision_mean,average_precision_std,roc_auc_mean,roc_auc_std,precision_mean,precision_std,recall_mean,recall_std,f1_mean,f1_std,ndcg_mean,ndcg_std
standard,ego_facebook,ego-Facebook,social,quasi_local_path,lpi,LPI-beta-0.1,beta,0.1,False,0.9867908536107077,0.0008290698321555172,0.9886946768228416,0.0006615234043449324,0.9473371580141621,0.001711903839623527,0.9473371580141621,0.001711903839623527,0.9473371580141621,0.001711903839623527,0.9526664215299119,0.0015478796246472545
standard,ego_facebook,ego-Facebook,social,quasi_local_path,lpi,LPI-beta-0.01,beta,0.01,False,0.9913060904066752,0.000696541590647097,0.9927806548441669,0.0005329912226689595,0.9669461636041996,0.0015012075811461655,0.9669461636041996,0.0015012075811461655,0.9669461636041996,0.0015012075811461655,0.9702403769484865,0.001341532665254114
standard,ego_facebook,ego-Facebook,social,quasi_local_path,lpi,LPI-beta-0.001,beta,0.001,True,0.992660597056271,0.0005984758377195425,0.9938178353383392,0.00044824145655825566,0.9683001554896243,0.0014961589942514729,0.9683001554896243,0.0014961589942514729,0.9683001554896243,0.0014961589942514195,0.9715555388215062,0.0013457753731549095
standard,ego_facebook,ego-Facebook,social,quasi_local_path,ora_cni,ORA-CNI-beta-0.1,beta,0.1,False,0.9892147959814863,0.0007056743256546571,0.990596093030371,0.0006168154800457812,0.9525868159807166,0.0021320914148009354,0.9525868159807166,0.0021320914148009354,0.9525868159807166,0.0021320914148009354,0.9574981123889353,0.0019114323583341245
standard,ego_facebook,ego-Facebook,social,quasi_local_path,ora_cni,ORA-CNI-beta-0.01,beta,0.01,False,0.9891658513038912,0.000706815412059568,0.9905498542500899,0.000617766503398543,0.952408661659345,0.0021162806679626512,0.952408661659345,0.0021162806679626512,0.952408661659345,0.0021162806679626512,0.95733807451834,0.0018979281157861542
standard,ego_facebook,ego-Facebook,social,quasi_local_path,ora_cni,ORA-CNI-beta-0.001,beta,0.001,True,0.9891608980727001,0.0007070432165979338,0.990545150462086,0.0006179719491773102,0.9523849072796313,0.0021091106332868457,0.9523849072796313,0.0021091106332868457,0.9523849072796313,0.0021091106332868457,0.957316844776049,0.0018911629236653832
standard,ego_facebook,ego-Facebook,social,enhanced_local,lit,LIT-i2,iterations,2.0,True,0.9917346536091138,0.000684422791928287,0.9924061003175702,0.0005958111377289547,0.9670174387333781,0.001745304186824847,0.9670174387333781,0.001745304186824847,0.9670174387333781,0.001745304186824847,0.9704842343146556,0.00155448668133589
standard,ego_facebook,ego-Facebook,social,enhanced_local,lit,LIT-i4,iterations,4.0,False,0.9889692280370106,0.0006813700781838695,0.989523531424837,0.0006290260403887886,0.9509240305596428,0.0016932100660668559,0.9509240305596428,0.0016932100660668559,0.9509240305596428,0.0016932100660668559,0.9562121363292402,0.0014802659104716427
standard,ego_facebook,ego-Facebook,social,enhanced_local,lit,LIT-i6,iterations,6.0,False,0.9875834870911158,0.0006480859429343507,0.9880714356491562,0.0006009681188989263,0.9404484683009511,0.0021909125383919995,0.9404484683009511,0.0021909125383919995,0.9404484683009511,0.0021909125383919995,0.946928442090367,0.001914203553638214
standard,ego_facebook,ego-Facebook,social,quasi_local_walk,lrw,LRW-l3,steps,3.0,True,0.9948354923055733,0.0004562197243207621,0.9955508872740515,0.00041395048520697123,0.973882375477468,0.0014073230437234622,0.973882375477468,0.0014073230437234622,0.973882375477468,0.0014073230437234622,0.9766210712412006,0.0012661204243965116
standard,ego_facebook,ego-Facebook,social,quasi_local_walk,srw,SRW-l3,steps,3.0,True,0.9958544778279746,0.00033494302695099497,0.9964413509130627,0.0002957342377700685,0.976637851080634,0.001452466041376812,0.976637851080634,0.001452466041376812,0.976637851080634,0.001452466041376812,0.9791224803335761,0.001298873418803606
standard,ego_facebook,ego-Facebook,social,quasi_local_walk,pfp,PFP-l3,steps,3.0,True,0.9848202220551201,0.0007040635721151072,0.9901373430402385,0.00039068838601743366,0.9628010991055573,0.0014089181039321046,0.9628010991055573,0.0014089181039321046,0.9628010991055573,0.0014089181039321046,0.9657680081092627,0.0012826851213385223
standard,ego_facebook,ego-Facebook,social,quasi_local_walk,lrw,LRW-l5,steps,5.0,False,0.9932592560401048,0.000546802897758949,0.9942285041978213,0.00046530137651167334,0.967409378945692,0.0015635324827826672,0.967409378945692,0.0015635324827826672,0.967409378945692,0.0015635324827826672,0.970799043704643,0.0014080319100466684
standard,ego_facebook,ego-Facebook,social,quasi_local_walk,srw,SRW-l5,steps,5.0,False,0.9951915757157703,0.00040056057093538415,0.995909558091738,0.00034553864767614725,0.9749988221551626,0.0014921354245847943,0.9749988221551626,0.0014921354245847943,0.9749988221551626,0.0014921354245847943,0.977622680253889,0.001340078171092631
standard,ego_facebook,ego-Facebook,social,quasi_local_walk,pfp,PFP-l5,steps,5.0,False,0.9840091590313721,0.0006757132301618088,0.9896042520641128,0.0003769258204448416,0.9613283437851192,0.0013892826026897797,0.9613283437851192,0.0013892826026897797,0.9613283437851192,0.0013892826026897797,0.9643956530190178,0.0012714375326375556
standard,ego_facebook,ego-Facebook,social,quasi_local_walk,lrw,LRW-l7,steps,7.0,False,0.9916648230528138,0.0006087725888139525,0.9927328407022321,0.0005164960724726702,0.9609363873509903,0.0014217656415531639,0.9609363873509903,0.0014217656415531639,0.9609363873509903,0.0014217656415531639,0.9650028679252785,0.0012917703481528902
standard,ego_facebook,ego-Facebook,social,quasi_local_walk,srw,SRW-l7,steps,7.0,False,0.9945869992308278,0.0004448003848412486,0.9953943389739776,0.00037548899330920257,0.9725877765942906,0.0013321489034575967,0.9725877765942906,0.0013321489034575967,0.9725877765942906,0.0013321489034575967,0.9754551172219494,0.0011979724594514028
standard,ego_facebook,ego-Facebook,social,quasi_local_walk,pfp,PFP-l7,steps,7.0,False,0.9840093444193705,0.0006750300919973366,0.9896046509162758,0.0003756438771484033,0.9613283437851192,0.0013892826026897797,0.9613283437851192,0.0013892826026897797,0.9613283437851192,0.0013892826026897797,0.9643956396520711,0.0012714210987906625
standard,socfb_middlebury45,socfb-Middlebury45,social,quasi_local_path,lpi,LPI-beta-0.1,beta,0.1,False,0.9105585292516194,0.0008026863525667958,0.9189819613220525,0.0007344462181875061,0.8410139838204108,0.0012673557913477455,0.8410139838204108,0.0012673557913477455,0.8410139838204108,0.0012673557913477971,0.8526191778365657,0.001165801087276028
standard,socfb_middlebury45,socfb-Middlebury45,social,quasi_local_path,lpi,LPI-beta-0.01,beta,0.01,False,0.9356972720875358,0.0005301551062054889,0.9413929916640456,0.0006778330018775735,0.8698689252385151,0.0017447873238583347,0.8698689252385151,0.0017447873238583347,0.8698689252385151,0.0017447873238583347,0.880185658730244,0.0015564725384608344
standard,socfb_middlebury45,socfb-Middlebury45,social,quasi_local_path,lpi,LPI-beta-0.001,beta,0.001,True,0.9467272601170965,0.000516758567143736,0.9502320335800217,0.0006983208325608201,0.8812644440368841,0.0020586902809294058,0.8812644440368841,0.0020586902809294058,0.8812644440368841,0.002058690280929434,0.8912239256608224,0.0018185774656005625
standard,socfb_middlebury45,socfb-Middlebury45,social,quasi_local_path,ora_cni,ORA-CNI-beta-0.1,beta,0.1,False,0.9177265803727345,0.0009361097828914583,0.9278441938962059,0.0006556205322308361,0.8538411503761003,0.0011500107241850328,0.8538411503761003,0.0011500107241850328,0.8538411503761004,0.001150010724185004,0.8643131730157163,0.0010527487709286808
standard,socfb_middlebury45,socfb-Middlebury45,social,quasi_local_path,ora_cni,ORA-CNI-beta-0.01,beta,0.01,False,0.9176911282752697,0.0009361810611534493,0.9278163812897502,0.0006555495901959095,0.8538082390617971,0.001163627248243653,0.8538082390617971,0.001163627248243653,0.8538082390617971,0.001163627248243653,0.8642807771975054,0.0010646966074292791
standard,socfb_middlebury45,socfb-Middlebury45,social,quasi_local_path,ora_cni,ORA-CNI-beta-0.001,beta,0.001,True,0.9176875283155731,0.0009363450451412612,0.9278135962400464,0.0006555901840484687,0.8538000113178444,0.0011715163915607528,0.8538000113178444,0.0011715163915607528,0.8538000113178444,0.0011715163915607528,0.8642731613326811,0.0010729561722801228
standard,socfb_middlebury45,socfb-Middlebury45,social,enhanced_local,lit,LIT-i2,iterations,2.0,True,0.9503963138409409,0.0011283124073998177,0.951942769099863,0.0010494873454214152,0.8858637833707421,0.002408318036600705,0.8858637833707421,0.002408318036600705,0.8858637833707421,0.0024083180366007138,0.8958255165467459,0.0021551883226975516
standard,socfb_middlebury45,socfb-Middlebury45,social,enhanced_local,lit,LIT-i4,iterations,4.0,False,0.9469150057466932,0.001171637890571245,0.9483849054407232,0.0011218070738864636,0.8804169752395039,0.0019420471318664769,0.8804169752395039,0.0019420471318664769,0.8804169752395037,0.0019420471318664905,0.8907822060620413,0.0017546820214470141
standard,socfb_middlebury45,socfb-Middlebury45,social,enhanced_local,lit,LIT-i6,iterations,6.0,False,0.9461138315689464,0.0011754269816010422,0.9475292428157192,0.001127140850086875,0.8788948317765023,0.0017671663796460008,0.8788948317765023,0.0017671663796460008,0.8788948317765023,0.0017671663796460008,0.8893868132683916,0.0016080963738344682
standard,socfb_middlebury45,socfb-Middlebury45,social,quasi_local_walk,lrw,LRW-l3,steps,3.0,True,0.9318202147275791,0.0010197811671464332,0.9386583006402622,0.0008159599907308222,0.8663227449159248,0.001547572405888284,0.8663227449159248,0.001547572405888284,0.8663227449159248,0.001547572405888284,0.8766586473051895,0.0014071187327561348
standard,socfb_middlebury45,socfb-Middlebury45,social,quasi_local_walk,srw,SRW-l3,steps,3.0,True,0.9514148095183808,0.0009788946922131404,0.9554067386339689,0.000937237260229134,0.8905042888422781,0.0019519406258782129,0.8905042888422781,0.0019519406258782129,0.8905042888422781,0.0019519406258781925,0.8996724750580294,0.0017740682802072445
standard,socfb_middlebury45,socfb-Middlebury45,social,quasi_local_walk,pfp,PFP-l3,steps,3.0,True,0.9181404715493571,0.002466114279895209,0.9348234775639359,0.0015254488969208607,0.8639531583809943,0.0022612369554727953,0.8639531583809943,0.0022612369554727953,0.8639531583809943,0.0022612369554727884,0.8723759583934264,0.0022926732744357695
standard,socfb_middlebury45,socfb-Middlebury45,social,quasi_local_walk,lrw,LRW-l5,steps,5.0,False,0.8783302323441717,0.0008484321569329441,0.8921734282634677,0.0006359682180252817,0.8099457775865909,0.0011077027466087836,0.8099457775865909,0.0011077027466087836,0.8099457775865911,0.0011077027466087712,0.8221564462338279,0.0009933700835744767
standard,socfb_middlebury45,socfb-Middlebury45,social,quasi_local_walk,srw,SRW-l5,steps,5.0,False,0.936897985693888,0.0009736267612548862,0.9432814534354126,0.0008885106084219914,0.8732258874212692,0.0018818746655009664,0.8732258874212692,0.0018818746655009664,0.8732258874212692,0.0018818746655009694,0.8831620370274873,0.0017178172004070505
standard,socfb_middlebury45,socfb-Middlebury45,social,quasi_local_walk,pfp,PFP-l5,steps,5.0,False,0.9083249539491371,0.0026068867172166455,0.926262787557134,0.0016581173317191042,0.8540797891384966,0.002404927075086624,0.8540797891384966,0.002404927075086624,0.8540797891384966,0.002404927075086623,0.8627693061824738,0.0024669606367145884
standard,socfb_middlebury45,socfb-Middlebury45,social,quasi_local_walk,lrw,LRW-l7,steps,7.0,False,0.8407514393490784,0.0005878244246322708,0.8586764774927331,0.000685904443432878,0.7750845434794278,0.0013555749928295003,0.7750845434794278,0.0013555749928295003,0.7750845434794278,0.0013555749928295003,0.7878866853067323,0.0012026758569672685
standard,socfb_middlebury45,socfb-Middlebury45,social,quasi_local_walk,srw,SRW-l7,steps,7.0,False,0.922801634386755,0.0009061614965744292,0.9313312044367482,0.0007958308259794999,0.8572474708987435,0.0005111199333140176,0.8572474708987435,0.0005111199333140176,0.8572474708987435,0.0005111199333140176,0.8678301177369491,0.0005061935229168998
standard,socfb_middlebury45,socfb-Middlebury45,social,quasi_local_walk,pfp,PFP-l7,steps,7.0,False,0.908323030583073,0.002606665278909764,0.9262597794294238,0.0016574952646083289,0.8540797891384966,0.002404927075086624,0.8540797891384966,0.002404927075086624,0.8540797891384966,0.002404927075086623,0.8627692393252298,0.002466974950812258
standard,ca_grqc,ca-GrQc,scientific_collaboration,quasi_local_path,lpi,LPI-beta-0.1,beta,0.1,False,0.9816902513377901,0.0033042901584623345,0.9817792299589149,0.0032044937233099272,0.9676200755531571,0.005004651103883274,0.9676200755531571,0.005004651103883274,0.9676200755531571,0.005004651103883274,0.972709309909213,0.0042708042880810464
standard,ca_grqc,ca-GrQc,scientific_collaboration,quasi_local_path,lpi,LPI-beta-0.01,beta,0.01,False,0.9820193407837634,0.0031763078666339995,0.9819806215559197,0.0031336234007191713,0.9676200755531571,0.005004651103883274,0.9676200755531571,0.005004651103883274,0.9676200755531571,0.005004651103883274,0.9727513564843016,0.004256034143356847
standard,ca_grqc,ca-GrQc,scientific_collaboration,quasi_local_path,lpi,LPI-beta-0.001,beta,0.001,True,0.9820305938209868,0.0031636655250474564,0.981985630862454,0.0031281722276434716,0.9676200755531571,0.005004651103883274,0.9676200755531571,0.005004651103883274,0.9676200755531571,0.005004651103883274,0.9727529013024458,0.0042544106318682775
standard,ca_grqc,ca-GrQc,scientific_collaboration,quasi_local_path,ora_cni,ORA-CNI-beta-0.1,beta,0.1,False,0.9818708130277874,0.003170054404710944,0.9817642311631871,0.0031051940356104897,0.9676200755531571,0.005004651103883274,0.9676200755531571,0.005004651103883274,0.9676200755531571,0.005004651103883274,0.9727138316309667,0.004258069440649823
standard,ca_grqc,ca-GrQc,scientific_collaboration,quasi_local_path,ora_cni,ORA-CNI-beta-0.01,beta,0.01,False,0.9818548618885978,0.003176296854875417,0.9817550862663745,0.0031067201348598653,0.9676200755531571,0.005004651103883274,0.9676200755531571,0.005004651103883274,0.9676200755531571,0.005004651103883274,0.9727116838906976,0.0042590862621680005
standard,ca_grqc,ca-GrQc,scientific_collaboration,quasi_local_path,ora_cni,ORA-CNI-beta-0.001,beta,0.001,True,0.9818539636455805,0.0031765953260335083,0.9817546785321218,0.003106651737546931,0.9676200755531571,0.005004651103883274,0.9676200755531571,0.005004651103883274,0.9676200755531571,0.005004651103883274,0.9727115512794082,0.004259144889836275
standard,ca_grqc,ca-GrQc,scientific_collaboration,enhanced_local,lit,LIT-i2,iterations,2.0,True,0.9331738985288535,0.0066746094441559635,0.9329805752489582,0.006748253968034779,0.8820291419320021,0.0091472888578127,0.8820291419320021,0.0091472888578127,0.8820291419320021,0.0091472888578127,0.9006164927716223,0.007816232936115362
standard,ca_grqc,ca-GrQc,scientific_collaboration,enhanced_local,lit,LIT-i4,iterations,4.0,False,0.9329038067648625,0.006802336295797751,0.9327977646843306,0.0068304170957591195,0.8820291419320021,0.0091472888578127,0.8820291419320021,0.0091472888578127,0.8820291419320021,0.0091472888578127,0.9005826971589294,0.007835465015252834
standard,ca_grqc,ca-GrQc,scientific_collaboration,enhanced_local,lit,LIT-i6,iterations,6.0,False,0.9327796394505296,0.006886412294237291,0.9327083543874682,0.006893199074114321,0.8820291419320021,0.0091472888578127,0.8820291419320021,0.0091472888578127,0.8820291419320021,0.0091472888578127,0.9005675786260152,0.007847098093161942
standard,ca_grqc,ca-GrQc,scientific_collaboration,quasi_local_walk,lrw,LRW-l3,steps,3.0,True,0.9534237051067892,0.004969398233179982,0.9524259459944332,0.005174745511766024,0.9137614678899082,0.008258820479784672,0.9137614678899082,0.008258820479784672,0.9137614678899082,0.008258820479784672,0.9274802460168964,0.007021024090259118
standard,ca_grqc,ca-GrQc,scientific_collaboration,quasi_local_walk,srw,SRW-l3,steps,3.0,True,0.9830306537905141,0.0028679149873342786,0.9826687022313839,0.0029212844917775403,0.9677280086346466,0.0052238942429918955,0.9677280086346466,0.0052238942429918955,0.9677280086346466,0.0052238942429918955,0.9729435889688958,0.004400893506398309
standard,ca_grqc,ca-GrQc,scientific_collaboration,quasi_local_walk,pfp,PFP-l3,steps,3.0,True,0.9810902095099152,0.0039359048233712475,0.9815711689944895,0.0032541197698459333,0.9675121424716675,0.00478753483350607,0.9675121424716675,0.00478753483350607,0.9675121424716675,0.00478753483350607,0.9724936590610757,0.004161737124625949
standard,ca_grqc,ca-GrQc,scientific_collaboration,quasi_local_walk,lrw,LRW-l5,steps,5.0,False,0.9880458695254756,0.0018782517934154174,0.9858312929631767,0.0021061069183355464,0.9617916891527253,0.005548327323248764,0.9617916891527253,0.005548327323248764,0.9617916891527253,0.005548327323248764,0.9678273258480511,0.004703209032681511
standard,ca_grqc,ca-GrQc,scientific_collaboration,quasi_local_walk,srw,SRW-l5,steps,5.0,False,0.9922052495862103,0.0016717224544398187,0.990659070383378,0.0019639590777472283,0.9694549379384781,0.004443645731298139,0.9694549379384781,0.004443645731298139,0.9694549379384781,0.004443645731298139,0.9743764485525755,0.003757460133847261
standard,ca_grqc,ca-GrQc,scientific_collaboration,quasi_local_walk,pfp,PFP-l5,steps,5.0,False,0.9895838399066783,0.0027949949651872126,0.988928442347396,0.002176387208859445,0.9662169454937939,0.00390279217091516,0.9662169454937939,0.00390279217091516,0.9662169454937939,0.00390279217091516,0.971356311962626,0.00356551625053098
standard,ca_grqc,ca-GrQc,scientific_collaboration,quasi_local_walk,lrw,LRW-l7,steps,7.0,False,0.9918316583449561,0.0015951222130383895,0.9899693005231521,0.0019213499018285115,0.9621154883971939,0.005792296973555866,0.9621154883971939,0.005792296973555866,0.9621154883971939,0.005792296973555866,0.9680880584908627,0.0049111157083684565
standard,ca_grqc,ca-GrQc,scientific_collaboration,quasi_local_walk,srw,SRW-l7,steps,7.0,False,0.9941182771787634,0.0012989429116159164,0.9925686937563363,0.0015784542608845056,0.969670804101457,0.004117049351918062,0.969670804101457,0.004117049351918062,0.969670804101457,0.004117049351918062,0.9745465480551069,0.00348480256719226
standard,ca_grqc,ca-GrQc,scientific_collaboration,quasi_local_walk,pfp,PFP-l7,steps,7.0,False,0.9912694606937954,0.00278369151952723,0.9904157112822107,0.002111839791890201,0.9663248785752833,0.0039027921709151605,0.9663248785752833,0.0039027921709151605,0.9663248785752833,0.0039027921709151605,0.9714435887860619,0.003572758459618935
standard,ca_hepth,ca-HepTh,scientific_collaboration,quasi_local_path,lpi,LPI-beta-0.1,beta,0.1,False,0.9678274306772844,0.0019187989103525334,0.967716844481313,0.0019162115450514978,0.9416164587478273,0.0034369754141358165,0.9416164587478273,0.0034369754141358165,0.9416164587478273,0.0034369754141358165,0.9501034890894408,0.002934836154745355
standard,ca_hepth,ca-HepTh,scientific_collaboration,quasi_local_path,lpi,LPI-beta-0.01,beta,0.01,False,0.9678464769819755,0.0019264698168619115,0.9677248014786739,0.0019197329516751423,0.9416164587478273,0.0034369754141358165,0.9416164587478273,0.0034369754141358165,0.9416164587478273,0.0034369754141358165,0.9501044336204376,0.002935635684504437
standard,ca_hepth,ca-HepTh,scientific_collaboration,quasi_local_path,lpi,LPI-beta-0.001,beta,0.001,True,0.9678464769819755,0.0019264698168619115,0.9677248014786739,0.0019197329516751787,0.9416164587478273,0.0034369754141358165,0.9416164587478273,0.0034369754141358165,0.9416164587478273,0.0034369754141358165,0.9501044336204376,0.002935635684504437
standard,ca_hepth,ca-HepTh,scientific_collaboration,quasi_local_path,ora_cni,ORA-CNI-beta-0.1,beta,0.1,False,0.9678960758258786,0.0018173047888030071,0.9675403992222569,0.0018591895149577353,0.9416164587478273,0.0034369754141358165,0.9416164587478273,0.0034369754141358165,0.9416164587478273,0.0034369754141358165,0.9500857672708362,0.0029246346648378494
standard,ca_hepth,ca-HepTh,scientific_collaboration,quasi_local_path,ora_cni,ORA-CNI-beta-0.01,beta,0.01,False,0.967891941669848,0.0018167005065875875,0.9675377505225802,0.0018592531646107427,0.9416164587478273,0.0034369754141358165,0.9416164587478273,0.0034369754141358165,0.9416164587478273,0.0034369754141358165,0.9500852539730126,0.0029244992073442313
standard,ca_hepth,ca-HepTh,scientific_collaboration,quasi_local_path,ora_cni,ORA-CNI-beta-0.001,beta,0.001,True,0.9678914960794941,0.0018166892075026483,0.9675374445233553,0.0018592376072024616,0.9416164587478273,0.0034369754141358165,0.9416164587478273,0.0034369754141358165,0.9416164587478273,0.0034369754141358165,0.9500852009094981,0.0029244984702662936
standard,ca_hepth,ca-HepTh,scientific_collaboration,enhanced_local,lit,LIT-i2,iterations,2.0,True,0.88777176085381,0.0032093062449428064,0.8877735339274819,0.003158511166761585,0.8179230840889626,0.0044184639588898435,0.8179230840889626,0.0044184639588898435,0.8179230840889626,0.004418463958889855,0.8431054463791672,0.0038889451076490836
standard,ca_hepth,ca-HepTh,scientific_collaboration,enhanced_local,lit,LIT-i4,iterations,4.0,False,0.8876508614183276,0.003235522082188697,0.8877070667988601,0.0031685161135084944,0.8179230840889626,0.0044184639588898435,0.8179230840889626,0.0044184639588898435,0.8179230840889626,0.004418463958889855,0.8430903688190876,0.0038950650147537005
standard,ca_hepth,ca-HepTh,scientific_collaboration,enhanced_local,lit,LIT-i6,iterations,6.0,False,0.887611514975448,0.0032277670067457844,0.8876829505950681,0.003162307939151458,0.8179230840889626,0.0044184639588898435,0.8179230840889626,0.0044184639588898435,0.8179230840889626,0.004418463958889855,0.8430856731703804,0.003894657717102136
standard,ca_hepth,ca-HepTh,scientific_collaboration,quasi_local_walk,lrw,LRW-l3,steps,3.0,True,0.9259987412329919,0.0025691869432390288,0.924766876376966,0.002559642283333407,0.8718532274141836,0.004244358082872361,0.8718532274141836,0.004244358082872361,0.8718532274141836,0.004244358082872361,0.8900501559926507,0.0036525645555173123
standard,ca_hepth,ca-HepTh,scientific_collaboration,quasi_local_walk,srw,SRW-l3,steps,3.0,True,0.96873017319694,0.0019368896998664244,0.9681850719600694,0.001930522277068609,0.9416164587478273,0.0034369754141358165,0.9416164587478273,0.0034369754141358165,0.9416164587478273,0.0034369754141358165,0.950180722407665,0.0029382286696863743
standard,ca_hepth,ca-HepTh,scientific_collaboration,quasi_local_walk,pfp,PFP-l3,steps,3.0,True,0.9677402512371375,0.0017826602868789882,0.9676000913661834,0.0018889790119484048,0.9416164587478273,0.0034369754141358165,0.9416164587478273,0.0034369754141358165,0.9416164587478273,0.0034369754141358165,0.9500543820844639,0.002915123271194275
standard,ca_hepth,ca-HepTh,scientific_collaboration,quasi_local_walk,lrw,LRW-l5,steps,5.0,False,0.982847598475263,0.0010790158592172221,0.9794758159197364,0.0014562847126927355,0.9489763399665746,0.0025523227095108005,0.9489763399665746,0.0025523227095108005,0.9489763399665746,0.002552322709510788,0.9562631005836479,0.002166001631480152
standard,ca_hepth,ca-HepTh,scientific_collaboration,quasi_local_walk,srw,SRW-l5,steps,5.0,False,0.987100867315756,0.001218551307888116,0.9842874521133116,0.0015776621576162747,0.9551610144381122,0.0025984408699306753,0.9551610144381122,0.0025984408699306753,0.9551610144381122,0.0025984408699306753,0.9617037920078776,0.002217419561240876
standard,ca_hepth,ca-HepTh,scientific_collaboration,quasi_local_walk,pfp,PFP-l5,steps,5.0,False,0.9852115740280153,0.0011901485423560063,0.9827686929104289,0.0015616133470929237,0.9507698228744582,0.0024136409131357297,0.9507698228744582,0.0024136409131357297,0.9507698228744582,0.0024136409131357652,0.9577973465866417,0.0020499271154538023
standard,ca_hepth,ca-HepTh,scientific_collaboration,quasi_local_walk,lrw,LRW-l7,steps,7.0,False,0.9875070905989947,0.0007048600077437007,0.9843634782969156,0.0010586438910154576,0.9498422173469674,0.0029947251329321425,0.9498422173469674,0.0029947251329321425,0.9498422173469674,0.0029947251329321425,0.9569807469749394,0.00253980255024561
standard,ca_hepth,ca-HepTh,scientific_collaboration,quasi_local_walk,srw,SRW-l7,steps,7.0,False,0.9899974033618667,0.0006086283562737559,0.9869207392811041,0.0008295741760901048,0.9549136427621692,0.0023097701714177225,0.9549136427621692,0.0023097701714177225,0.9549136427621692,0.0023097701714177225,0.9614876756426238,0.0019691627193941085
standard,ca_hepth,ca-HepTh,scientific_collaboration,quasi_local_walk,pfp,PFP-l7,steps,7.0,False,0.9876898055665754,0.0006475517588059472,0.9847294544894861,0.0009377262026697168,0.949718474123052,0.00236438633435954,0.949718474123052,0.00236438633435954,0.949718474123052,0.00236438633435954,0.9568976573283587,0.002005570542396202
standard,email_eu_core,email-Eu-core,communication,quasi_local_path,lpi,LPI-beta-0.1,beta,0.1,False,0.9231959738743631,0.0028766609824465096,0.9310465475853629,0.0025338448939817783,0.8568871381377814,0.0035718107773719866,0.8568871381377814,0.0035718107773719866,0.8568871381377814,0.0035718107773719866,0.8718359671185164,0.0031919057400686414
standard,email_eu_core,email-Eu-core,communication,quasi_local_path,lpi,LPI-beta-0.01,beta,0.01,False,0.9393671340700902,0.0023073048761224945,0.9446516356757491,0.0017796796626052154,0.875721261068662,0.004630412869671106,0.875721261068662,0.004630412869671106,0.8757212610686619,0.004630412869671164,0.8894312286892518,0.0041248074546118944
standard,email_eu_core,email-Eu-core,communication,quasi_local_path,lpi,LPI-beta-0.001,beta,0.001,True,0.94318227132825,0.0022028763209659954,0.9470129401040375,0.0015923515857207123,0.8765170830199137,0.003190525947006103,0.8765170830199137,0.003190525947006103,0.8765170830199137,0.003190525947006103,0.8905739775916649,0.0028830112564336213
standard,email_eu_core,email-Eu-core,communication,quasi_local_path,ora_cni,ORA-CNI-beta-0.1,beta,0.1,False,0.929898304520426,0.0029834040612038526,0.9372083502125328,0.0027966968339715077,0.8653755317136687,0.0046357859016482395,0.8653755317136687,0.0046357859016482395,0.8653755317136687,0.0046357859016482395,0.8795910124414528,0.003964537307207439
standard,email_eu_core,email-Eu-core,communication,quasi_local_path,ora_cni,ORA-CNI-beta-0.01,beta,0.01,False,0.9298250128580691,0.0029822660505292578,0.9371462282260673,0.0027949431265362266,0.8653092187163212,0.004548238892930065,0.8653092187163212,0.004548238892930065,0.8653092187163212,0.004548238892930065,0.879527090744927,0.003900200149346506
standard,email_eu_core,email-Eu-core,communication,quasi_local_path,ora_cni,ORA-CNI-beta-0.001,beta,0.001,True,0.9298167080432911,0.0029829276308542944,0.9371391257466362,0.0027954989764956573,0.8653092187163212,0.004548238892930065,0.8653092187163212,0.004548238892930065,0.8653092187163212,0.004548238892930065,0.8795262470860251,0.003900193452294923
standard,email_eu_core,email-Eu-core,communication,enhanced_local,lit,LIT-i2,iterations,2.0,True,0.9446596972819019,0.0014615002657886501,0.9465162617725777,0.00111091190675402,0.8809601638139981,0.0017483487882326977,0.8809601638139981,0.0017483487882326977,0.8809601638139981,0.0017483487882326673,0.894937387538968,0.0013803407936274575
standard,email_eu_core,email-Eu-core,communication,enhanced_local,lit,LIT-i4,iterations,4.0,False,0.9420307078810216,0.0014741512170843361,0.943934464966224,0.0011932431181370326,0.876782181048779,0.001522221752314777,0.876782181048779,0.001522221752314777,0.8767821810487793,0.0015222217523147663,0.8911824812331671,0.0011456023972692873
standard,email_eu_core,email-Eu-core,communication,enhanced_local,lit,LIT-i6,iterations,6.0,False,0.9415132868903582,0.0014667704712440078,0.9433990776811407,0.0012282742778171253,0.8764506160620418,0.0013474401749177102,0.8764506160620418,0.0013474401749177102,0.8764506160620418,0.0013474401749177102,0.89086675723106,0.0009348099650850627
standard,email_eu_core,email-Eu-core,communication,quasi_local_walk,lrw,LRW-l3,steps,3.0,True,0.9495116283884073,0.002234824735517467,0.9530385037969789,0.002242163037122082,0.8850056305563253,0.003890970685675957,0.8850056305563253,0.003890970685675957,0.8850056305563253,0.0038909706856759168,0.8978726624948958,0.003140238028989838
standard,email_eu_core,email-Eu-core,communication,quasi_local_walk,srw,SRW-l3,steps,3.0,True,0.9564370435593714,0.0020375953022432097,0.958994949449236,0.0017956134844113658,0.8942239069902478,0.0038401460079731027,0.8942239069902478,0.0038401460079731027,0.8942239069902478,0.0038401460079731027,0.9065706369499438,0.00332120537717042
standard,email_eu_core,email-Eu-core,communication,quasi_local_walk,pfp,PFP-l3,steps,3.0,True,0.9190346347097382,0.004396914888918923,0.9310558676551677,0.0027044039172363765,0.8574842410405973,0.004222545070435395,0.8574842410405973,0.004222545070435395,0.8574842410405973,0.004222545070435395,0.8706166137150652,0.00477507493085725
standard,email_eu_core,email-Eu-core,communication,quasi_local_walk,lrw,LRW-l5,steps,5.0,False,0.9256772071207768,0.003714146649998748,0.9320536412443581,0.00358878577463714,0.8554286041059072,0.007703903253041644,0.8554286041059072,0.007703903253041644,0.8554286041059072,0.007703903253041644,0.870473221587506,0.006423132418422386
standard,email_eu_core,email-Eu-core,communication,quasi_local_walk,srw,SRW-l5,steps,5.0,False,0.9494092930131096,0.0023743361144425816,0.9531571312829547,0.0022950481136717574,0.8858016064681016,0.0037788072310557105,0.8858016064681016,0.0037788072310557105,0.8858016064681016,0.0037788072310557105,0.8987288195497543,0.0030987063921880113
standard,email_eu_core,email-Eu-core,communication,quasi_local_walk,pfp,PFP-l5,steps,5.0,False,0.9095760334785201,0.004462669882140108,0.9227764219993781,0.0031608540654385685,0.8498576305035389,0.004989853126700134,0.8498576305035389,0.004989853126700134,0.8498576305035389,0.004989853126700134,0.8630992195127964,0.004898652640708381
standard,email_eu_core,email-Eu-core,communication,quasi_local_walk,lrw,LRW-l7,steps,7.0,False,0.904175002757794,0.004870018027372705,0.9120469361820731,0.004532452353133091,0.8318858404705034,0.007646796972641879,0.8318858404705034,0.007646796972641879,0.8318858404705034,0.007646796972641863,0.848419236012702,0.006334932690492395
standard,email_eu_core,email-Eu-core,communication,quasi_local_walk,srw,SRW-l7,steps,7.0,False,0.9419426202602713,0.002901970336291745,0.9467518425217454,0.002775605834173283,0.8765171709973563,0.00505410986036926,0.8765171709973563,0.00505410986036926,0.8765171709973563,0.005054109860369282,0.8901303840103253,0.004260495556494092
standard,email_eu_core,email-Eu-core,communication,quasi_local_walk,pfp,PFP-l7,steps,7.0,False,0.9095762150587967,0.004465282271742539,0.9227758275170501,0.0031581479216836643,0.8498576305035389,0.004989853126700134,0.8498576305035389,0.004989853126700134,0.8498576305035389,0.004989853126700134,0.8630992195127964,0.004898652640708381
standard,email_univ,email-univ,communication,quasi_local_path,lpi,LPI-beta-0.1,beta,0.1,False,0.9282186240259753,0.00417978976149357,0.9290667484976673,0.006205596641791181,0.8684876722029097,0.0039921044719378705,0.8684876722029097,0.0039921044719378705,0.8684876722029097,0.00399210447193789,0.8880754948646683,0.0032262759134763686
standard,email_univ,email-univ,communication,quasi_local_path,lpi,LPI-beta-0.01,beta,0.01,False,0.9290820504174946,0.004908182292945313,0.9291380173498466,0.006493296779332048,0.8684876722029097,0.0039921044719378705,0.8684876722029097,0.0039921044719378705,0.8684876722029097,0.00399210447193789,0.8882126885947844,0.003267967637039816
standard,email_univ,email-univ,communication,quasi_local_path,lpi,LPI-beta-0.001,beta,0.001,True,0.9290820504174946,0.004908182292945313,0.9291380173498466,0.006493296779332048,0.8684876722029097,0.0039921044719378705,0.8684876722029097,0.0039921044719378705,0.8684876722029097,0.00399210447193789,0.8882126885947844,0.003267967637039816
standard,email_univ,email-univ,communication,quasi_local_path,ora_cni,ORA-CNI-beta-0.1,beta,0.1,False,0.9288559420276403,0.002832030460886914,0.9269540711903762,0.003904577322668264,0.8645500729582422,0.00826611148793728,0.8645500729582422,0.00826611148793728,0.8645500729582422,0.00826611148793728,0.8846648536460178,0.0065789004501271495
standard,email_univ,email-univ,communication,quasi_local_path,ora_cni,ORA-CNI-beta-0.01,beta,0.01,False,0.9287517920884054,0.0028556779909906797,0.9268794310707795,0.0039312111188252105,0.8643185914767606,0.007951031504353074,0.8643185914767606,0.007951031504353074,0.8643185914767606,0.007951031504353074,0.8844624347750936,0.006322861108370065
standard,email_univ,email-univ,communication,quasi_local_path,ora_cni,ORA-CNI-beta-0.001,beta,0.001,True,0.928739058859885,0.0028631203858520016,0.9268711224946588,0.003936518247006404,0.8643185914767606,0.007951031504353074,0.8643185914767606,0.007951031504353074,0.8643185914767606,0.007951031504353074,0.8844604846203896,0.00632198254339311
standard,email_univ,email-univ,communication,enhanced_local,lit,LIT-i2,iterations,2.0,True,0.8457098480242907,0.004608905163614752,0.8442847959433282,0.004873362060798599,0.7733283979228359,0.005134328434316761,0.7733283979228359,0.005134328434316761,0.7733283979228359,0.005134328434316833,0.8094963969716357,0.00429693321034396
standard,email_univ,email-univ,communication,enhanced_local,lit,LIT-i4,iterations,4.0,False,0.8454486588356345,0.004546059332823264,0.8440712029451186,0.004983206311539027,0.7733283979228359,0.005134328434316761,0.7733283979228359,0.005134328434316761,0.7733283979228359,0.005134328434316833,0.8094741207295163,0.0042892134505061325
standard,email_univ,email-univ,communication,enhanced_local,lit,LIT-i6,iterations,6.0,False,0.8451261972028398,0.004576691954424935,0.8438878262478766,0.005007106629663774,0.7733283979228359,0.005134328434316761,0.7733283979228359,0.005134328434316761,0.7733283979228359,0.005134328434316833,0.809424663321536,0.00428538774283354
standard,email_univ,email-univ,communication,quasi_local_walk,lrw,LRW-l3,steps,3.0,True,0.9303793470329091,0.00286446910042387,0.9252628218090744,0.003799193187985857,0.8640879146817733,0.006292327853434295,0.8640879146817733,0.006292327853434295,0.8640879146817733,0.006292327853434295,0.885034419759409,0.005293075987391968
standard,email_univ,email-univ,communication,quasi_local_walk,srw,SRW-l3,steps,3.0,True,0.9387230902015119,0.004515979652769481,0.933973033365336,0.0052661897208963705,0.8738114780481524,0.005955203079901544,0.8738114780481524,0.005955203079901544,0.8738114780481524,0.005955203079901563,0.893517857631141,0.004965051257145761
standard,email_univ,email-univ,communication,quasi_local_walk,pfp,PFP-l3,steps,3.0,True,0.9189542071146828,0.006502983936222506,0.9233805424275611,0.005368930000253508,0.8638567014291233,0.0041683906480819,0.8638567014291233,0.0041683906480819,0.8638567014291232,0.0041683906480819094,0.8794687258825542,0.006883583132742741
standard,email_univ,email-univ,communication,quasi_local_walk,lrw,LRW-l5,steps,5.0,False,0.9393299778835139,0.0031130123892434626,0.9379884476026555,0.0039351245442653246,0.865478144714819,0.004798730589216564,0.865478144714819,0.004798730589216564,0.865478144714819,0.004798730589216563,0.8856676361216348,0.00401884414934708
standard,email_univ,email-univ,communication,quasi_local_walk,srw,SRW-l5,steps,5.0,False,0.9490058931840757,0.0028736052223776957,0.9458265505031271,0.0038797457136115223,0.8770538281618816,0.0061184531443701975,0.8770538281618816,0.0061184531443701975,0.8770538281618816,0.0061184531443701975,0.896252031010784,0.005083901767796877
standard,email_univ,email-univ,communication,quasi_local_walk,pfp,PFP-l5,steps,5.0,False,0.9196628127715047,0.006497217470516134,0.9232501266716945,0.0039745695827389325,0.8536677610402987,0.006934295888913665,0.8536677610402987,0.006934295888913665,0.8536677610402987,0.006934295888913665,0.8705154098875052,0.009384966612321568
standard,email_univ,email-univ,communication,quasi_local_walk,lrw,LRW-l7,steps,7.0,False,0.929226293571286,0.0032389862223769755,0.93000435737397,0.004058225939710363,0.8557532402042831,0.004316131127328662,0.8557532402042831,0.004316131127328662,0.8557532402042831,0.004316131127328662,0.8764815069214599,0.0034022085821308144
standard,email_univ,email-univ,communication,quasi_local_walk,srw,SRW-l7,steps,7.0,False,0.9481105209025003,0.0024911233121341627,0.9453785697691635,0.0035686583232286658,0.8747382086605725,0.0041759287472438456,0.8747382086605725,0.0041759287472438456,0.8747382086605725,0.0041759287472438456,0.8942400286860508,0.0035314533149344773
standard,email_univ,email-univ,communication,quasi_local_walk,pfp,PFP-l7,steps,7.0,False,0.9188036081743318,0.006502436429034725,0.9217697031186439,0.0038316749761167336,0.8529733165958543,0.006291472800971048,0.8529733165958543,0.006291472800971048,0.8529733165958543,0.006291472800971048,0.8699219320768877,0.009144204954213028
standard,power_grid,power-grid,infrastructure,quasi_local_path,lpi,LPI-beta-0.1,beta,0.1,False,0.7698922947811839,0.010355796488170489,0.7709223929989432,0.010700511397769594,0.6783301290854161,0.023749985010262337,0.6783301290854161,0.023749985010262337,0.6783301290854161,0.023749985010262337,0.7383937281401394,0.019370849937131195
standard,power_grid,power-grid,infrastructure,quasi_local_path,lpi,LPI-beta-0.01,beta,0.01,False,0.7698922947811839,0.010355796488170489,0.7709223929989432,0.010700511397769594,0.6783301290854161,0.023749985010262337,0.6783301290854161,0.023749985010262337,0.6783301290854161,0.023749985010262337,0.7383937281401394,0.019370849937131195
standard,power_grid,power-grid,infrastructure,quasi_local_path,lpi,LPI-beta-0.001,beta,0.001,True,0.7698922947811839,0.010355796488170489,0.7709223929989432,0.010700511397769594,0.6783301290854161,0.023749985010262337,0.6783301290854161,0.023749985010262337,0.6783301290854161,0.023749985010262337,0.7383937281401394,0.019370849937131195
standard,power_grid,power-grid,infrastructure,quasi_local_path,ora_cni,ORA-CNI-beta-0.1,beta,0.1,False,0.7699923811620094,0.009088360497418086,0.7709522375838882,0.010367432998800285,0.6783301290854161,0.023749985010262337,0.6783301290854161,0.023749985010262337,0.6783301290854161,0.023749985010262337,0.7383116932528553,0.01914520824665665
standard,power_grid,power-grid,infrastructure,quasi_local_path,ora_cni,ORA-CNI-beta-0.01,beta,0.01,False,0.7700491469762134,0.009139000489998323,0.7709595172918544,0.010380655363725878,0.6783301290854161,0.023749985010262337,0.6783301290854161,0.023749985010262337,0.6783301290854161,0.023749985010262337,0.7383287581463673,0.019155089512032604
standard,power_grid,power-grid,infrastructure,quasi_local_path,ora_cni,ORA-CNI-beta-0.001,beta,0.001,True,0.7700491469762134,0.009139000489998323,0.7709595172918544,0.010380655363725878,0.6783301290854161,0.023749985010262337,0.6783301290854161,0.023749985010262337,0.6783301290854161,0.023749985010262337,0.7383287581463673,0.019155089512032604
standard,power_grid,power-grid,infrastructure,enhanced_local,lit,LIT-i2,iterations,2.0,True,0.5910268667549531,0.006937431089698193,0.5912908707561002,0.00660570966856615,0.5544117916323354,0.00602321245164818,0.5544117916323354,0.00602321245164818,0.5544117916323354,0.00602321245164818,0.6106267723855059,0.0038192716020480303
standard,power_grid,power-grid,infrastructure,enhanced_local,lit,LIT-i4,iterations,4.0,False,0.5910965165136023,0.006946822897335652,0.5912981726244657,0.006606909938527405,0.5544117916323354,0.00602321245164818,0.5544117916323354,0.00602321245164818,0.5544117916323354,0.00602321245164818,0.6106513511134002,0.0037706778199083717
standard,power_grid,power-grid,infrastructure,enhanced_local,lit,LIT-i6,iterations,6.0,False,0.5911421349882238,0.006849413361515342,0.5913018235586486,0.00659912910516947,0.5544117916323354,0.00602321245164818,0.5544117916323354,0.00602321245164818,0.5544117916323354,0.00602321245164818,0.6106698657632824,0.003795226007296078
standard,power_grid,power-grid,infrastructure,quasi_local_walk,lrw,LRW-l3,steps,3.0,True,0.6906562754971034,0.0027978880663491116,0.6910452800742162,0.0029736504325912454,0.6166749061613109,0.014002583001200419,0.6166749061613109,0.014002583001200419,0.6166749061613109,0.014002583001200419,0.6800944942820879,0.011353358976334986
standard,power_grid,power-grid,infrastructure,quasi_local_walk,srw,SRW-l3,steps,3.0,True,0.7707283825985962,0.01056767097158248,0.771159173254168,0.010777306142703183,0.6783301290854161,0.023749985010262337,0.6783301290854161,0.023749985010262337,0.6783301290854161,0.023749985010262337,0.7384819683867189,0.0193821087969369
standard,power_grid,power-grid,infrastructure,quasi_local_walk,pfp,PFP-l3,steps,3.0,True,0.769255908427667,0.010074311893584934,0.7709381199930143,0.010617905646602843,0.6783301290854161,0.023749985010262337,0.6783301290854161,0.023749985010262337,0.6783301290854161,0.023749985010262337,0.7376475289695799,0.019129800516301268
standard,power_grid,power-grid,infrastructure,quasi_local_walk,lrw,LRW-l5,steps,5.0,False,0.8104977177240278,0.011941060393954303,0.8107014329053385,0.011102437924266564,0.7261191980225213,0.015765952382493887,0.7261191980225213,0.015765952382493887,0.7261191980225213,0.015765952382493887,0.7790197058664438,0.013489673796708184
standard,power_grid,power-grid,infrastructure,quasi_local_walk,srw,SRW-l5,steps,5.0,False,0.8737779167520314,0.009778689970221879,0.8740111134570625,0.009292670257835272,0.8028984711159938,0.01204334787023162,0.8028984711159938,0.01204334787023162,0.8028984711159938,0.012043347870231633,0.8430183933129681,0.010206830607999437
standard,power_grid,power-grid,infrastructure,quasi_local_walk,pfp,PFP-l5,steps,5.0,False,0.8723999468448372,0.009880821108236452,0.873718020726997,0.009207891494511377,0.8028984711159938,0.01204334787023162,0.8028984711159938,0.01204334787023162,0.8028984711159938,0.012043347870231633,0.8424575518452901,0.010533329329922422
standard,power_grid,power-grid,infrastructure,quasi_local_walk,lrw,LRW-l7,steps,7.0,False,0.8947587081401499,0.014194045158557394,0.8957901144486566,0.013760390615436754,0.8343403826787512,0.011191395151507032,0.8343403826787512,0.011191395151507032,0.8343403826787512,0.011191395151507032,0.8677997009933586,0.009766715914403017
standard,power_grid,power-grid,infrastructure,quasi_local_walk,srw,SRW-l7,steps,7.0,False,0.9323993551526811,0.008453043614109366,0.9329838346004783,0.008247028037088017,0.8869339924929049,0.012648015091517993,0.8869339924929049,0.012648015091517993,0.8869339924929049,0.012648015091517986,0.9103637564578275,0.010280217949552395
standard,power_grid,power-grid,infrastructure,quasi_local_walk,pfp,PFP-l7,steps,7.0,False,0.9310297302395609,0.007756063965206994,0.9327551193644685,0.007959075763948517,0.8869339924929049,0.012648015091517993,0.8869339924929049,0.012648015091517993,0.8869339924929049,0.012648015091517986,0.9097932585028309,0.010113532647396114
standard,power_1138_bus,power-1138-bus,infrastructure,quasi_local_path,lpi,LPI-beta-0.1,beta,0.1,False,0.8125898407148406,0.0366536501006167,0.8127876814441567,0.03676901113963352,0.7539903846153846,0.05614295781554535,0.7539903846153846,0.05614295781554535,0.7539903846153846,0.05614295781554539,0.818371967715166,0.04321074896113296
standard,power_1138_bus,power-1138-bus,infrastructure,quasi_local_path,lpi,LPI-beta-0.01,beta,0.01,False,0.8125898407148406,0.0366536501006167,0.8127876814441567,0.03676901113963352,0.7539903846153846,0.05614295781554535,0.7539903846153846,0.05614295781554535,0.7539903846153846,0.05614295781554539,0.818371967715166,0.04321074896113296
standard,power_1138_bus,power-1138-bus,infrastructure,quasi_local_path,lpi,LPI-beta-0.001,beta,0.001,True,0.8125898407148406,0.0366536501006167,0.8127876814441567,0.03676901113963352,0.7539903846153846,0.05614295781554535,0.7539903846153846,0.05614295781554535,0.7539903846153846,0.05614295781554539,0.818371967715166,0.04321074896113296
standard,power_1138_bus,power-1138-bus,infrastructure,quasi_local_path,ora_cni,ORA-CNI-beta-0.1,beta,0.1,False,0.8134572618604997,0.03645191810934667,0.812454084227071,0.03652846844621462,0.7539903846153846,0.05614295781554535,0.7539903846153846,0.05614295781554535,0.7539903846153846,0.05614295781554539,0.8185141071690547,0.043147909046201756
standard,power_1138_bus,power-1138-bus,infrastructure,quasi_local_path,ora_cni,ORA-CNI-beta-0.01,beta,0.01,False,0.8134572618604997,0.03645191810934667,0.812454084227071,0.03652846844621462,0.7539903846153846,0.05614295781554535,0.7539903846153846,0.05614295781554535,0.7539903846153846,0.05614295781554539,0.8185141071690547,0.043147909046201756
standard,power_1138_bus,power-1138-bus,infrastructure,quasi_local_path,ora_cni,ORA-CNI-beta-0.001,beta,0.001,True,0.8134572618604997,0.03645191810934667,0.812454084227071,0.03652846844621462,0.7539903846153846,0.05614295781554535,0.7539903846153846,0.05614295781554535,0.7539903846153846,0.05614295781554539,0.8185141071690547,0.043147909046201756
standard,power_1138_bus,power-1138-bus,infrastructure,enhanced_local,lit,LIT-i2,iterations,2.0,True,0.5918990384615384,0.030447062623695603,0.5918990384615385,0.030447062623695606,0.5390384615384616,0.034081503235565455,0.5390384615384616,0.034081503235565455,0.5390384615384616,0.034081503235565455,0.6216831416141898,0.02134314293189487
standard,power_1138_bus,power-1138-bus,infrastructure,enhanced_local,lit,LIT-i4,iterations,4.0,False,0.5918990384615384,0.030447062623695603,0.5918990384615385,0.030447062623695606,0.5390384615384616,0.034081503235565455,0.5390384615384616,0.034081503235565455,0.5390384615384616,0.034081503235565455,0.6216831416141898,0.02134314293189487
standard,power_1138_bus,power-1138-bus,infrastructure,enhanced_local,lit,LIT-i6,iterations,6.0,False,0.5918990384615384,0.030447062623695603,0.5918990384615385,0.030447062623695606,0.5390384615384616,0.034081503235565455,0.5390384615384616,0.034081503235565455,0.5390384615384616,0.034081503235565455,0.6216831416141898,0.02134314293189487
standard,power_1138_bus,power-1138-bus,infrastructure,quasi_local_walk,lrw,LRW-l3,steps,3.0,True,0.7012713903275009,0.04006043139377223,0.709473667483358,0.04189308376254162,0.6417788461538462,0.045130699106585,0.6417788461538462,0.045130699106585,0.6417788461538462,0.045130699106585,0.7197413391104373,0.03947887240348414
standard,power_1138_bus,power-1138-bus,infrastructure,quasi_local_walk,srw,SRW-l3,steps,3.0,True,0.8114188673055786,0.035515664793876724,0.8115641815366125,0.036086089100581684,0.7539903846153846,0.05614295781554535,0.7539903846153846,0.05614295781554535,0.7539903846153846,0.05614295781554539,0.8179787882152434,0.04298800800436615
standard,power_1138_bus,power-1138-bus,infrastructure,quasi_local_walk,pfp,PFP-l3,steps,3.0,True,0.8094707960241946,0.03831862331023066,0.8113558212370562,0.036927565110831215,0.7539903846153846,0.05614295781554535,0.7539903846153846,0.05614295781554535,0.7539903846153846,0.05614295781554539,0.8171234514100961,0.04446762839067805
standard,power_1138_bus,power-1138-bus,infrastructure,quasi_local_walk,lrw,LRW-l5,steps,5.0,False,0.8271259517922053,0.028044313289437545,0.8346215040218196,0.020465666674149504,0.7725480769230769,0.02407413218802515,0.7725480769230769,0.02407413218802515,0.7725480769230769,0.02407413218802519,0.8266071276241032,0.01407065516668766
standard,power_1138_bus,power-1138-bus,infrastructure,quasi_local_walk,srw,SRW-l5,steps,5.0,False,0.9076125379062276,0.01731765996760851,0.906365321052145,0.01809510078937603,0.850576923076923,0.04442909913808622,0.850576923076923,0.04442909913808622,0.850576923076923,0.04442909913808622,0.8916338715203102,0.031397062765724924
standard,power_1138_bus,power-1138-bus,infrastructure,quasi_local_walk,pfp,PFP-l5,steps,5.0,False,0.905406066906386,0.027186233818546977,0.9058455413276627,0.02229425953777324,0.850576923076923,0.04442909913808622,0.850576923076923,0.04442909913808622,0.850576923076923,0.04442909913808622,0.890710749923285,0.03406723545105495
standard,power_1138_bus,power-1138-bus,infrastructure,quasi_local_walk,lrw,LRW-l7,steps,7.0,False,0.8952982343560423,0.025454928036336096,0.899922799556213,0.020972877199799626,0.8536538461538461,0.016903500204300995,0.8536538461538461,0.016903500204300995,0.8536538461538461,0.016903500204300995,0.886868805831836,0.014981162924338199
standard,power_1138_bus,power-1138-bus,infrastructure,quasi_local_walk,srw,SRW-l7,steps,7.0,False,0.9406498136322122,0.0197008372797416,0.9379668142104289,0.02268887616926741,0.8973076923076924,0.027677342210182067,0.8973076923076924,0.027677342210182067,0.8973076923076923,0.027677342210182077,0.92452864629668,0.01944428173313821
standard,power_1138_bus,power-1138-bus,infrastructure,quasi_local_walk,pfp,PFP-l7,steps,7.0,False,0.9375935959229402,0.02976657631344806,0.9364550030048078,0.026264455888595255,0.8879326923076925,0.02253046404939463,0.8879326923076925,0.02253046404939463,0.8879326923076922,0.022530464049394634,0.9170081081498592,0.01893387606792363
