benchmark,network_id,network,domain,family,analysis_family,method_id,method,fold_count,mean_distinct_score_count,mean_tie_group_count,mean_tied_candidate_count,mean_tied_candidate_ratio,mean_largest_tie_group,mean_cutoff_tie_size,cutoff_boundary_tie_count,cutoff_boundary_tie_rate
standard,ca_grqc,ca-GrQc,scientific_collaboration,degree_based,standard_local,pa,PA,5,496.0,306.2,3516.2,0.9487857528332434,198.2,47.4,5,1.0
standard,ca_grqc,ca-GrQc,scientific_collaboration,enhanced_local,enhanced_local,car_aa,CAR-AA,5,1131.2,92.6,2667.4,0.7197517539125743,2404.2,2404.2,5,1.0
standard,ca_grqc,ca-GrQc,scientific_collaboration,enhanced_local,enhanced_local,car_cn,CAR-CN,5,447.8,204.0,3462.2,0.9342147868321641,2404.2,2404.2,5,1.0
standard,ca_grqc,ca-GrQc,scientific_collaboration,enhanced_local,enhanced_local,car_ra,CAR-RA,5,1118.0,95.8,2683.8,0.7241770102536428,2404.2,2404.2,5,1.0
standard,ca_grqc,ca-GrQc,scientific_collaboration,enhanced_local,enhanced_local,fsw,FSW,5,895.8,254.6,3064.8,0.8269832703723692,1964.0,1964.0,5,1.0
standard,ca_grqc,ca-GrQc,scientific_collaboration,enhanced_local,enhanced_local,ia1,IA1,5,1228.4,128.2,2605.8,0.7031300593631948,1964.0,1964.0,5,1.0
standard,ca_grqc,ca-GrQc,scientific_collaboration,enhanced_local,enhanced_local,ia2,IA2,5,1225.0,124.6,2605.6,0.7030760928224501,1964.0,1964.0,5,1.0
standard,ca_grqc,ca-GrQc,scientific_collaboration,enhanced_local,enhanced_local,lit,LIT-i2,5,1515.2,51.8,2242.6,0.6051268213707501,2087.6,2087.6,5,1.0
standard,ca_grqc,ca-GrQc,scientific_collaboration,enhanced_local,enhanced_local,ra_cni,RA-CNI,5,1561.2,84.2,2229.0,0.6014570966001079,1865.6,1495.6,4,0.8
standard,ca_grqc,ca-GrQc,scientific_collaboration,local_bayesian,local_bayesian,lnb_aa,LNB-AA,5,1423.2,138.4,2421.2,0.6533189422558014,1964.0,1964.0,5,1.0
standard,ca_grqc,ca-GrQc,scientific_collaboration,local_bayesian,local_bayesian,lnb_cn,LNB-CN,5,1414.4,138.0,2429.6,0.6555855369670804,1964.0,1964.0,5,1.0
standard,ca_grqc,ca-GrQc,scientific_collaboration,local_bayesian,local_bayesian,lnb_ra,LNB-RA,5,1423.2,138.4,2421.2,0.6533189422558014,1964.0,1964.0,5,1.0
standard,ca_grqc,ca-GrQc,scientific_collaboration,local_similarity,standard_local,aa,AA,5,1221.8,140.2,2624.4,0.7081489476524555,1964.0,1964.0,5,1.0
standard,ca_grqc,ca-GrQc,scientific_collaboration,local_similarity,standard_local,cn,CN,5,38.8,38.0,3705.2,0.9997841338370211,1964.0,1964.0,5,1.0
standard,ca_grqc,ca-GrQc,scientific_collaboration,local_similarity,standard_local,hdi,HDI,5,368.4,222.0,3559.6,0.9604964921748514,1964.0,1964.0,5,1.0
standard,ca_grqc,ca-GrQc,scientific_collaboration,local_similarity,standard_local,hpi,HPI,5,222.0,145.0,3629.0,0.9792228818132758,1964.0,1964.0,5,1.0
standard,ca_grqc,ca-GrQc,scientific_collaboration,local_similarity,standard_local,ja,JA,5,448.6,222.8,3480.2,0.9390717754991904,1964.0,1964.0,5,1.0
standard,ca_grqc,ca-GrQc,scientific_collaboration,local_similarity,standard_local,llhn,LLHN,5,704.2,243.8,3245.6,0.8757690232056126,1964.0,1964.0,5,1.0
standard,ca_grqc,ca-GrQc,scientific_collaboration,local_similarity,standard_local,ra,RA,5,1188.8,141.2,2658.4,0.717323259579061,1964.0,1964.0,5,1.0
standard,ca_grqc,ca-GrQc,scientific_collaboration,local_similarity,standard_local,sa,SA,5,861.4,265.4,3110.0,0.83917970858068,1964.0,1964.0,5,1.0
standard,ca_grqc,ca-GrQc,scientific_collaboration,local_similarity,standard_local,so,SO,5,448.6,222.8,3480.2,0.9390717754991904,1964.0,1964.0,5,1.0
standard,ca_grqc,ca-GrQc,scientific_collaboration,quasi_local_path,quasi_local_path,fl,FL-l3,5,890.6,168.4,2983.8,0.8051268213707502,1863.2,1504.0,5,1.0
standard,ca_grqc,ca-GrQc,scientific_collaboration,quasi_local_path,quasi_local_path,lpi,LPI-beta-0.001,5,890.6,168.4,2983.8,0.8051268213707502,1863.2,1504.0,5,1.0
standard,ca_grqc,ca-GrQc,scientific_collaboration,quasi_local_path,quasi_local_path,ora_cni,ORA-CNI-beta-0.001,5,1689.2,57.6,2074.4,0.5597409606044252,1863.2,1493.4,4,0.8
standard,ca_grqc,ca-GrQc,scientific_collaboration,quasi_local_walk,quasi_local_walk,lrw,LRW-l3,5,1589.6,68.0,2184.4,0.5894225580140313,1971.2,1971.2,5,1.0
standard,ca_grqc,ca-GrQc,scientific_collaboration,quasi_local_walk,quasi_local_walk,pfp,PFP-l3,5,1702.8,58.2,2061.4,0.5562331354560173,1863.2,1493.4,4,0.8
standard,ca_grqc,ca-GrQc,scientific_collaboration,quasi_local_walk,quasi_local_walk,srw,SRW-l3,5,1666.8,63.6,2102.8,0.5674042093901781,1863.2,1493.4,4,0.8
standard,ca_hepth,ca-HepTh,scientific_collaboration,degree_based,standard_local,pa,PA,5,406.2,293.4,6354.8,0.982559378670907,336.0,126.4,5,1.0
standard,ca_hepth,ca-HepTh,scientific_collaboration,enhanced_local,enhanced_local,car_aa,CAR-AA,5,1113.0,198.4,5553.0,0.8585873665609427,4910.4,4910.4,5,1.0
standard,ca_hepth,ca-HepTh,scientific_collaboration,enhanced_local,enhanced_local,car_cn,CAR-CN,5,184.4,93.8,6377.0,0.9859915937243496,4910.4,4910.4,5,1.0
standard,ca_hepth,ca-HepTh,scientific_collaboration,enhanced_local,enhanced_local,car_ra,CAR-RA,5,1073.4,207.2,5601.4,0.8660708284100975,4910.4,4910.4,5,1.0
standard,ca_hepth,ca-HepTh,scientific_collaboration,enhanced_local,enhanced_local,fsw,FSW,5,956.0,421.4,5933.0,0.91734206097027,3631.2,3631.2,5,1.0
standard,ca_hepth,ca-HepTh,scientific_collaboration,enhanced_local,enhanced_local,ia1,IA1,5,1370.2,261.2,5358.6,0.8285298620193234,3631.2,3631.2,5,1.0
standard,ca_hepth,ca-HepTh,scientific_collaboration,enhanced_local,enhanced_local,ia2,IA2,5,1366.8,257.2,5358.0,0.8284371263338167,3631.2,3631.2,5,1.0
standard,ca_hepth,ca-HepTh,scientific_collaboration,enhanced_local,enhanced_local,lit,LIT-i2,5,2397.0,60.0,4130.6,0.6386605279009503,3945.0,3945.0,5,1.0
standard,ca_hepth,ca-HepTh,scientific_collaboration,enhanced_local,enhanced_local,ra_cni,RA-CNI,5,2443.6,172.6,4196.6,0.6488650016708875,3358.8,3358.8,5,1.0
standard,ca_hepth,ca-HepTh,scientific_collaboration,local_bayesian,local_bayesian,lnb_aa,LNB-AA,5,1965.2,291.2,4793.6,0.7411718324537024,3631.2,3631.2,5,1.0
standard,ca_hepth,ca-HepTh,scientific_collaboration,local_bayesian,local_bayesian,lnb_cn,LNB-CN,5,1938.6,293.4,4822.4,0.7456247426001303,3631.2,3631.2,5,1.0
standard,ca_hepth,ca-HepTh,scientific_collaboration,local_bayesian,local_bayesian,lnb_ra,LNB-RA,5,1965.2,291.2,4793.6,0.7411718324537024,3631.2,3631.2,5,1.0
standard,ca_hepth,ca-HepTh,scientific_collaboration,local_similarity,standard_local,aa,AA,5,1356.6,280.8,5391.8,0.8336633312043148,3631.2,3631.2,5,1.0
standard,ca_hepth,ca-HepTh,scientific_collaboration,local_similarity,standard_local,cn,CN,5,26.8,25.4,6466.2,0.9997835402192259,3631.2,3631.2,5,1.0
standard,ca_hepth,ca-HepTh,scientific_collaboration,local_similarity,standard_local,hdi,HDI,5,245.8,177.0,6398.8,0.9893622336598785,3631.2,3631.2,5,1.0
standard,ca_hepth,ca-HepTh,scientific_collaboration,local_similarity,standard_local,hpi,HPI,5,167.6,117.4,6417.4,0.9922382354510851,3631.2,3631.2,5,1.0
standard,ca_hepth,ca-HepTh,scientific_collaboration,local_similarity,standard_local,ja,JA,5,315.8,208.2,6360.0,0.9833632983604261,3631.2,3631.2,5,1.0
standard,ca_hepth,ca-HepTh,scientific_collaboration,local_similarity,standard_local,llhn,LLHN,5,630.0,312.2,6149.8,0.9508626924605007,3631.2,3631.2,5,1.0
standard,ca_hepth,ca-HepTh,scientific_collaboration,local_similarity,standard_local,ra,RA,5,1263.0,282.4,5487.0,0.8483826536829054,3631.2,3631.2,5,1.0
standard,ca_hepth,ca-HepTh,scientific_collaboration,local_similarity,standard_local,sa,SA,5,844.0,378.8,6002.4,0.9280724195310383,3631.2,3631.2,5,1.0
standard,ca_hepth,ca-HepTh,scientific_collaboration,local_similarity,standard_local,so,SO,5,315.8,208.2,6360.0,0.9833632983604261,3631.2,3631.2,5,1.0
standard,ca_hepth,ca-HepTh,scientific_collaboration,quasi_local_path,quasi_local_path,fl,FL-l3,5,485.8,199.6,6181.4,0.9557485604257732,3354.6,3354.6,5,1.0
standard,ca_hepth,ca-HepTh,scientific_collaboration,quasi_local_path,quasi_local_path,lpi,LPI-beta-0.001,5,485.8,199.6,6181.4,0.9557485604257732,3354.6,3354.6,5,1.0
standard,ca_hepth,ca-HepTh,scientific_collaboration,quasi_local_path,quasi_local_path,ora_cni,ORA-CNI-beta-0.001,5,2743.4,118.0,3842.2,0.5940690096582457,3354.6,3354.6,5,1.0
standard,ca_hepth,ca-HepTh,scientific_collaboration,quasi_local_walk,quasi_local_walk,lrw,LRW-l3,5,2519.4,150.6,4098.8,0.6337436428329452,3625.8,3625.8,5,1.0
standard,ca_hepth,ca-HepTh,scientific_collaboration,quasi_local_walk,quasi_local_walk,pfp,PFP-l3,5,2762.0,113.0,3818.6,0.5904200574586329,3354.6,3354.6,5,1.0
standard,ca_hepth,ca-HepTh,scientific_collaboration,quasi_local_walk,quasi_local_walk,srw,SRW-l3,5,2693.8,136.2,3910.0,0.6045519008998308,3354.6,3354.6,5,1.0
standard,ego_facebook,ego-Facebook,social,degree_based,standard_local,pa,PA,5,6424.8,4230.8,31484.4,0.9348544144989738,131.0,7.2,2,0.4
standard,ego_facebook,ego-Facebook,social,enhanced_local,enhanced_local,car_aa,CAR-AA,5,16718.0,155.6,17116.0,0.5082189342718852,16736.4,2.8,2,0.4
standard,ego_facebook,ego-Facebook,social,enhanced_local,enhanced_local,car_cn,CAR-CN,5,7735.8,2118.8,28061.4,0.8332165454332839,16736.4,403.6,5,1.0
standard,ego_facebook,ego-Facebook,social,enhanced_local,enhanced_local,car_ra,CAR-RA,5,16714.0,159.2,17123.6,0.5084445977053326,16736.4,3.8,4,0.8
standard,ego_facebook,ego-Facebook,social,enhanced_local,enhanced_local,fsw,FSW,5,12029.6,1583.4,23232.2,0.6898249920054663,14768.0,6.6,5,1.0
standard,ego_facebook,ego-Facebook,social,enhanced_local,enhanced_local,ia1,IA1,5,17014.0,219.8,16884.2,0.5013361856221398,14768.0,1.0,0,0.0
standard,ego_facebook,ego-Facebook,social,enhanced_local,enhanced_local,ia2,IA2,5,17010.4,221.0,16889.0,0.5014787083739407,14768.0,2.0,2,0.4
standard,ego_facebook,ego-Facebook,social,enhanced_local,enhanced_local,lit,LIT-i2,5,18366.2,248.4,15560.6,0.46203503869749263,14774.2,1.0,0,0.0
standard,ego_facebook,ego-Facebook,social,enhanced_local,enhanced_local,ra_cni,RA-CNI,5,20144.8,186.6,13720.2,0.4073887144691114,11420.8,1.0,0,0.0
standard,ego_facebook,ego-Facebook,social,local_bayesian,local_bayesian,lnb_aa,LNB-AA,5,17162.2,163.6,16679.8,0.4952670131928495,14768.0,1.2,0,0.0
standard,ego_facebook,ego-Facebook,social,local_bayesian,local_bayesian,lnb_cn,LNB-CN,5,17159.8,165.6,16684.2,0.4953976608706826,14768.0,1.4,1,0.2
standard,ego_facebook,ego-Facebook,social,local_bayesian,local_bayesian,lnb_ra,LNB-RA,5,17162.2,163.6,16679.8,0.4952670131928495,14768.0,1.0,0,0.0
standard,ego_facebook,ego-Facebook,social,local_similarity,standard_local,aa,AA,5,16990.8,234.2,16921.8,0.5024526259521677,14768.0,1.8,1,0.2
standard,ego_facebook,ego-Facebook,social,local_similarity,standard_local,cn,CN,5,139.6,133.0,33671.8,0.9998040284832503,14768.0,558.6,5,1.0
standard,ego_facebook,ego-Facebook,social,local_similarity,standard_local,hdi,HDI,5,4603.2,2855.0,31930.2,0.948091348285333,14768.0,17.6,5,1.0
standard,ego_facebook,ego-Facebook,social,local_similarity,standard_local,hpi,HPI,5,2809.6,1903.2,32772.0,0.9730866118679646,14768.0,111.4,4,0.8
standard,ego_facebook,ego-Facebook,social,local_similarity,standard_local,ja,JA,5,5672.6,3032.2,31038.0,0.9215995943981982,14768.0,27.6,4,0.8
standard,ego_facebook,ego-Facebook,social,local_similarity,standard_local,llhn,LLHN,5,11501.8,2567.6,24744.2,0.7347202096592023,14768.0,2.4,2,0.4
standard,ego_facebook,ego-Facebook,social,local_similarity,standard_local,ra,RA,5,16977.0,240.4,16941.8,0.5030464769814559,14768.0,1.4,1,0.2
standard,ego_facebook,ego-Facebook,social,local_similarity,standard_local,sa,SA,5,14147.6,2359.8,21890.6,0.6499893454412962,14768.0,4.6,3,0.6
standard,ego_facebook,ego-Facebook,social,local_similarity,standard_local,so,SO,5,5672.6,3032.2,31038.0,0.9215995943981982,14768.0,27.6,4,0.8
standard,ego_facebook,ego-Facebook,social,quasi_local_path,quasi_local_path,fl,FL-l3,5,14982.0,1887.8,20584.2,0.6111988972269019,11420.4,4.4,3,0.6
standard,ego_facebook,ego-Facebook,social,quasi_local_path,quasi_local_path,lpi,LPI-beta-0.001,5,14599.4,2233.0,21312.0,0.6328091895595269,11420.4,4.4,3,0.6
standard,ego_facebook,ego-Facebook,social,quasi_local_path,quasi_local_path,ora_cni,ORA-CNI-beta-0.001,5,20159.4,187.0,13706.0,0.40696707775567376,11420.4,1.0,0,0.0
standard,ego_facebook,ego-Facebook,social,quasi_local_walk,quasi_local_walk,lrw,LRW-l3,5,20270.4,196.4,13604.4,0.40395030468095283,11425.0,1.0,0,0.0
standard,ego_facebook,ego-Facebook,social,quasi_local_walk,quasi_local_walk,pfp,PFP-l3,5,21549.4,407.2,12536.2,0.37223260982627276,11420.4,1.0,0,0.0
standard,ego_facebook,ego-Facebook,social,quasi_local_walk,quasi_local_walk,srw,SRW-l3,5,20275.2,195.8,13599.0,0.4037899636758294,11420.4,1.0,0,0.0
standard,email_eu_core,email-Eu-core,communication,degree_based,standard_local,pa,PA,5,2074.0,1086.4,5044.0,0.8362618384646178,42.4,7.0,4,0.8
standard,email_eu_core,email-Eu-core,communication,enhanced_local,enhanced_local,car_aa,CAR-AA,5,3233.4,49.4,2847.6,0.4721131631849593,2734.4,1.4,1,0.2
standard,email_eu_core,email-Eu-core,communication,enhanced_local,enhanced_local,car_cn,CAR-CN,5,930.4,402.4,5503.6,0.9124609270183125,2734.4,75.6,5,1.0
standard,email_eu_core,email-Eu-core,communication,enhanced_local,enhanced_local,car_ra,CAR-RA,5,3233.0,49.8,2848.4,0.47224578917965426,2734.4,1.0,0,0.0
standard,email_eu_core,email-Eu-core,communication,enhanced_local,enhanced_local,fsw,FSW,5,2734.2,475.8,3773.2,0.6255721612978432,1940.4,40.0,3,0.6
standard,email_eu_core,email-Eu-core,communication,enhanced_local,enhanced_local,ia1,IA1,5,3549.6,128.2,2610.2,0.43275378193031305,1940.4,1.0,0,0.0
standard,email_eu_core,email-Eu-core,communication,enhanced_local,enhanced_local,ia2,IA2,5,3548.0,128.8,2612.4,0.43311853640726516,1940.4,1.6,1,0.2
standard,email_eu_core,email-Eu-core,communication,enhanced_local,enhanced_local,lit,LIT-i2,5,4079.0,8.8,1961.4,0.3251871940034575,1945.0,1.0,0,0.0
standard,email_eu_core,email-Eu-core,communication,enhanced_local,enhanced_local,ra_cni,RA-CNI,5,5694.4,19.2,356.4,0.05908877363843908,318.0,1.0,0,0.0
standard,email_eu_core,email-Eu-core,communication,local_bayesian,local_bayesian,lnb_aa,LNB-AA,5,3655.8,133.4,2509.2,0.41600868337358304,1940.4,1.0,0,0.0
standard,email_eu_core,email-Eu-core,communication,local_bayesian,local_bayesian,lnb_cn,LNB-CN,5,3655.2,133.8,2510.2,0.41617446586695167,1940.4,1.0,0,0.0
standard,email_eu_core,email-Eu-core,communication,local_bayesian,local_bayesian,lnb_ra,LNB-RA,5,3655.8,133.4,2509.2,0.41600868337358304,1940.4,1.0,0,0.0
standard,email_eu_core,email-Eu-core,communication,local_similarity,standard_local,aa,AA,5,3544.8,133.0,2619.8,0.43434545882435743,1940.4,1.0,0,0.0
standard,email_eu_core,email-Eu-core,communication,local_similarity,standard_local,cn,CN,5,68.2,57.0,6020.4,0.9981431261024672,1940.4,260.6,5,1.0
standard,email_eu_core,email-Eu-core,communication,local_similarity,standard_local,hdi,HDI,5,1238.2,726.2,5519.6,0.9151140847486705,1940.4,17.6,4,0.8
standard,email_eu_core,email-Eu-core,communication,local_similarity,standard_local,hpi,HPI,5,813.6,474.0,5692.0,0.9436963502557945,1940.4,13.2,4,0.8
standard,email_eu_core,email-Eu-core,communication,local_similarity,standard_local,ja,JA,5,1625.0,714.8,5121.4,0.8490950200368627,1940.4,12.0,4,0.8
standard,email_eu_core,email-Eu-core,communication,local_similarity,standard_local,llhn,LLHN,5,2671.6,616.4,3976.4,0.6592609454935754,1940.4,2.4,1,0.2
standard,email_eu_core,email-Eu-core,communication,local_similarity,standard_local,ra,RA,5,3541.8,132.8,2622.6,0.43480971578887173,1940.4,1.0,0,0.0
standard,email_eu_core,email-Eu-core,communication,local_similarity,standard_local,sa,SA,5,3280.4,504.8,3256.0,0.5398231983319477,1940.4,5.4,2,0.4
standard,email_eu_core,email-Eu-core,communication,local_similarity,standard_local,so,SO,5,1625.0,714.8,5121.4,0.8490950200368627,1940.4,12.0,4,0.8
standard,email_eu_core,email-Eu-core,communication,quasi_local_path,quasi_local_path,fl,FL-l3,5,3239.6,618.0,3410.0,0.5653557587834479,316.4,2.4,1,0.2
standard,email_eu_core,email-Eu-core,communication,quasi_local_path,quasi_local_path,lpi,LPI-beta-0.001,5,3235.0,622.4,3419.0,0.5668478782040285,316.4,2.4,1,0.2
standard,email_eu_core,email-Eu-core,communication,quasi_local_path,quasi_local_path,ora_cni,ORA-CNI-beta-0.001,5,5697.6,18.0,352.0,0.05835927568171514,316.4,1.0,0,0.0
standard,email_eu_core,email-Eu-core,communication,quasi_local_walk,quasi_local_walk,lrw,LRW-l3,5,5698.2,15.6,349.0,0.057861906207248404,318.6,1.0,0,0.0
standard,email_eu_core,email-Eu-core,communication,quasi_local_walk,quasi_local_walk,pfp,PFP-l3,5,5714.0,3.2,320.8,0.05318650997884135,316.4,1.0,0,0.0
standard,email_eu_core,email-Eu-core,communication,quasi_local_walk,quasi_local_walk,srw,SRW-l3,5,5700.2,15.8,347.2,0.05756348672200442,316.4,1.0,0,0.0
standard,email_univ,email-univ,communication,degree_based,standard_local,pa,PA,5,328.6,224.2,1623.2,0.939569653662933,47.0,14.6,4,0.8
standard,email_univ,email-univ,communication,enhanced_local,enhanced_local,car_aa,CAR-AA,5,313.8,24.2,1438.0,0.8323690506845199,1385.8,1385.8,5,1.0
standard,email_univ,email-univ,communication,enhanced_local,enhanced_local,car_cn,CAR-CN,5,55.8,34.2,1706.0,0.9874963789107764,1385.8,1385.8,5,1.0
standard,email_univ,email-univ,communication,enhanced_local,enhanced_local,car_ra,CAR-RA,5,312.8,24.8,1439.6,0.833295378953693,1385.8,1385.8,5,1.0
standard,email_univ,email-univ,communication,enhanced_local,enhanced_local,fsw,FSW,5,438.4,109.8,1399.0,0.8097922299472126,1022.2,1022.2,5,1.0
standard,email_univ,email-univ,communication,enhanced_local,enhanced_local,ia1,IA1,5,469.8,60.8,1318.6,0.763256137075662,1022.2,1022.2,5,1.0
standard,email_univ,email-univ,communication,enhanced_local,enhanced_local,ia2,IA2,5,467.8,60.4,1320.2,0.7641817947727565,1022.2,1022.2,5,1.0
standard,email_univ,email-univ,communication,enhanced_local,enhanced_local,lit,LIT-i2,5,668.6,6.6,1065.6,0.6168096326337926,1053.2,1053.2,5,1.0
standard,email_univ,email-univ,communication,enhanced_local,enhanced_local,ra_cni,RA-CNI,5,1086.2,38.2,679.6,0.39337930775503194,596.0,1.6,0,0.0
standard,email_univ,email-univ,communication,local_bayesian,local_bayesian,lnb_aa,LNB-AA,5,598.8,70.2,1199.0,0.694026275696322,1022.2,1022.2,5,1.0
standard,email_univ,email-univ,communication,local_bayesian,local_bayesian,lnb_cn,LNB-CN,5,595.8,70.4,1202.2,0.695878529891421,1022.2,1022.2,5,1.0
standard,email_univ,email-univ,communication,local_bayesian,local_bayesian,lnb_ra,LNB-RA,5,598.8,70.2,1199.0,0.694026275696322,1022.2,1022.2,5,1.0
standard,email_univ,email-univ,communication,local_similarity,standard_local,aa,AA,5,467.0,66.6,1327.2,0.7682329889275138,1022.2,1022.2,5,1.0
standard,email_univ,email-univ,communication,local_similarity,standard_local,cn,CN,5,14.0,12.8,1726.4,0.99930542144114,1022.2,1022.2,5,1.0
standard,email_univ,email-univ,communication,local_similarity,standard_local,hdi,HDI,5,147.6,99.4,1679.4,0.9720999098751127,1022.2,1022.2,5,1.0
standard,email_univ,email-univ,communication,local_similarity,standard_local,hpi,HPI,5,111.4,71.8,1688.0,0.977078236985537,1022.2,1022.2,5,1.0
standard,email_univ,email-univ,communication,local_similarity,standard_local,ja,JA,5,199.0,117.0,1645.6,0.9525358353718725,1022.2,1022.2,5,1.0
standard,email_univ,email-univ,communication,local_similarity,standard_local,llhn,LLHN,5,360.4,136.8,1504.0,0.870571541993906,1022.2,1022.2,5,1.0
standard,email_univ,email-univ,communication,local_similarity,standard_local,ra,RA,5,459.8,69.0,1336.8,0.7737894832839792,1022.2,1022.2,5,1.0
standard,email_univ,email-univ,communication,local_similarity,standard_local,sa,SA,5,452.2,130.0,1405.4,0.8134972747950732,1022.2,1022.2,5,1.0
standard,email_univ,email-univ,communication,local_similarity,standard_local,so,SO,5,199.0,117.0,1645.6,0.9525358353718725,1022.2,1022.2,5,1.0
standard,email_univ,email-univ,communication,quasi_local_path,quasi_local_path,fl,FL-l3,5,281.4,142.6,1588.8,0.9196564793356508,591.8,42.6,5,1.0
standard,email_univ,email-univ,communication,quasi_local_path,quasi_local_path,lpi,LPI-beta-0.001,5,281.4,142.6,1588.8,0.9196564793356508,591.8,42.6,5,1.0
standard,email_univ,email-univ,communication,quasi_local_path,quasi_local_path,ora_cni,ORA-CNI-beta-0.001,5,1105.2,27.2,649.6,0.3760145755546972,591.8,1.2,0,0.0
standard,email_univ,email-univ,communication,quasi_local_walk,quasi_local_walk,lrw,LRW-l3,5,1087.2,31.2,671.6,0.3887487393244925,604.6,1.2,0,0.0
standard,email_univ,email-univ,communication,quasi_local_walk,quasi_local_walk,pfp,PFP-l3,5,1132.8,5.0,599.8,0.3471881571606369,591.8,1.0,0,0.0
standard,email_univ,email-univ,communication,quasi_local_walk,quasi_local_walk,srw,SRW-l3,5,1104.4,28.8,652.0,0.3774034644435861,591.8,1.0,0,0.0
standard,power_1138_bus,power-1138-bus,infrastructure,degree_based,standard_local,pa,PA,5,23.0,16.8,122.2,0.9517548076923077,18.6,13.4,5,1.0
standard,power_1138_bus,power-1138-bus,infrastructure,enhanced_local,enhanced_local,car_aa,CAR-AA,5,2.2,1.2,127.4,0.9922115384615384,127.0,127.0,5,1.0
standard,power_1138_bus,power-1138-bus,infrastructure,enhanced_local,enhanced_local,car_cn,CAR-CN,5,2.4,1.0,127.0,0.9890865384615385,127.0,127.0,5,1.0
standard,power_1138_bus,power-1138-bus,infrastructure,enhanced_local,enhanced_local,car_ra,CAR-RA,5,2.2,1.2,127.4,0.9922115384615384,127.0,127.0,5,1.0
standard,power_1138_bus,power-1138-bus,infrastructure,enhanced_local,enhanced_local,fsw,FSW,5,17.4,7.0,118.0,0.9189182692307692,102.4,102.4,5,1.0
standard,power_1138_bus,power-1138-bus,infrastructure,enhanced_local,enhanced_local,ia1,IA1,5,13.8,7.0,121.6,0.9469711538461538,102.4,102.4,5,1.0
standard,power_1138_bus,power-1138-bus,infrastructure,enhanced_local,enhanced_local,ia2,IA2,5,12.8,7.0,122.6,0.9547596153846154,102.4,102.4,5,1.0
standard,power_1138_bus,power-1138-bus,infrastructure,enhanced_local,enhanced_local,lit,LIT-i2,5,12.4,1.4,117.4,0.9143509615384616,116.6,116.6,5,1.0
standard,power_1138_bus,power-1138-bus,infrastructure,enhanced_local,enhanced_local,ra_cni,RA-CNI,5,24.8,8.2,111.8,0.8706490384615385,89.4,89.4,5,1.0
standard,power_1138_bus,power-1138-bus,infrastructure,local_bayesian,local_bayesian,lnb_aa,LNB-AA,5,18.2,6.4,116.6,0.9079567307692308,102.4,102.4,5,1.0
standard,power_1138_bus,power-1138-bus,infrastructure,local_bayesian,local_bayesian,lnb_cn,LNB-CN,5,18.2,6.4,116.6,0.9079567307692308,102.4,102.4,5,1.0
standard,power_1138_bus,power-1138-bus,infrastructure,local_bayesian,local_bayesian,lnb_ra,LNB-RA,5,18.2,6.4,116.6,0.9079567307692308,102.4,102.4,5,1.0
standard,power_1138_bus,power-1138-bus,infrastructure,local_similarity,standard_local,aa,AA,5,13.8,7.0,121.6,0.9469711538461538,102.4,102.4,5,1.0
standard,power_1138_bus,power-1138-bus,infrastructure,local_similarity,standard_local,cn,CN,5,4.0,3.2,127.6,0.99375,102.4,102.4,5,1.0
standard,power_1138_bus,power-1138-bus,infrastructure,local_similarity,standard_local,hdi,HDI,5,12.2,7.0,123.2,0.9594230769230769,102.4,102.4,5,1.0
standard,power_1138_bus,power-1138-bus,infrastructure,local_similarity,standard_local,hpi,HPI,5,7.2,5.4,126.6,0.985985576923077,102.4,102.4,5,1.0
standard,power_1138_bus,power-1138-bus,infrastructure,local_similarity,standard_local,ja,JA,5,14.2,7.0,121.2,0.9438942307692308,102.4,102.4,5,1.0
standard,power_1138_bus,power-1138-bus,infrastructure,local_similarity,standard_local,llhn,LLHN,5,16.6,7.4,119.2,0.9282932692307693,102.4,102.4,5,1.0
standard,power_1138_bus,power-1138-bus,infrastructure,local_similarity,standard_local,ra,RA,5,13.6,7.2,122.0,0.9500961538461539,102.4,102.4,5,1.0
standard,power_1138_bus,power-1138-bus,infrastructure,local_similarity,standard_local,sa,SA,5,17.0,8.0,119.4,0.9298557692307693,102.4,102.4,5,1.0
standard,power_1138_bus,power-1138-bus,infrastructure,local_similarity,standard_local,so,SO,5,14.2,7.0,121.2,0.9438942307692308,102.4,102.4,5,1.0
standard,power_1138_bus,power-1138-bus,infrastructure,quasi_local_path,quasi_local_path,fl,FL-l3,5,10.4,6.4,124.4,0.968798076923077,87.0,87.0,5,1.0
standard,power_1138_bus,power-1138-bus,infrastructure,quasi_local_path,quasi_local_path,lpi,LPI-beta-0.001,5,10.4,6.4,124.4,0.968798076923077,87.0,87.0,5,1.0
standard,power_1138_bus,power-1138-bus,infrastructure,quasi_local_path,quasi_local_path,ora_cni,ORA-CNI-beta-0.001,5,33.8,7.0,101.6,0.7912740384615384,87.0,87.0,5,1.0
standard,power_1138_bus,power-1138-bus,infrastructure,quasi_local_walk,quasi_local_walk,lrw,LRW-l3,5,24.2,4.6,108.8,0.8474519230769231,99.8,99.8,5,1.0
standard,power_1138_bus,power-1138-bus,infrastructure,quasi_local_walk,quasi_local_walk,pfp,PFP-l3,5,34.8,6.2,99.8,0.7773798076923077,87.0,87.0,5,1.0
standard,power_1138_bus,power-1138-bus,infrastructure,quasi_local_walk,quasi_local_walk,srw,SRW-l3,5,32.2,7.6,103.8,0.8084855769230769,87.0,87.0,5,1.0
standard,power_grid,power-grid,infrastructure,degree_based,standard_local,pa,PA,5,40.6,31.6,652.6,0.9864011718392384,104.2,64.2,5,1.0
standard,power_grid,power-grid,infrastructure,enhanced_local,enhanced_local,car_aa,CAR-AA,5,21.0,3.8,644.4,0.9740025633983338,637.8,637.8,5,1.0
standard,power_grid,power-grid,infrastructure,enhanced_local,enhanced_local,car_cn,CAR-CN,5,7.2,4.4,658.8,0.9957685617504348,637.8,637.8,5,1.0
standard,power_grid,power-grid,infrastructure,enhanced_local,enhanced_local,car_ra,CAR-RA,5,20.8,4.0,644.8,0.9746067930055846,637.8,637.8,5,1.0
standard,power_grid,power-grid,infrastructure,enhanced_local,enhanced_local,fsw,FSW,5,50.8,23.0,633.8,0.9579877323079741,540.2,540.2,5,1.0
standard,power_grid,power-grid,infrastructure,enhanced_local,enhanced_local,ia1,IA1,5,40.6,14.8,635.8,0.9610088803442277,540.2,540.2,5,1.0
standard,power_grid,power-grid,infrastructure,enhanced_local,enhanced_local,ia2,IA2,5,39.0,13.6,636.2,0.9616131099514785,540.2,540.2,5,1.0
standard,power_grid,power-grid,infrastructure,enhanced_local,enhanced_local,lit,LIT-i2,5,59.6,3.0,605.0,0.9144493271079372,600.4,600.4,5,1.0
standard,power_grid,power-grid,infrastructure,enhanced_local,enhanced_local,ra_cni,RA-CNI,5,77.0,22.6,607.2,0.9177817449418658,486.2,486.2,5,1.0
standard,power_grid,power-grid,infrastructure,local_bayesian,local_bayesian,lnb_aa,LNB-AA,5,61.6,19.0,619.0,0.9356193353474321,540.2,540.2,5,1.0
standard,power_grid,power-grid,infrastructure,local_bayesian,local_bayesian,lnb_cn,LNB-CN,5,61.2,19.0,619.4,0.9362235649546828,540.2,540.2,5,1.0
standard,power_grid,power-grid,infrastructure,local_bayesian,local_bayesian,lnb_ra,LNB-RA,5,61.6,19.0,619.0,0.9356193353474321,540.2,540.2,5,1.0
standard,power_grid,power-grid,infrastructure,local_similarity,standard_local,aa,AA,5,40.6,14.8,635.8,0.9610070493454179,540.2,540.2,5,1.0
standard,power_grid,power-grid,infrastructure,local_similarity,standard_local,cn,CN,5,5.8,4.8,660.6,0.9984885104824682,540.2,540.2,5,1.0
standard,power_grid,power-grid,infrastructure,local_similarity,standard_local,hdi,HDI,5,22.6,15.0,654.0,0.9885178064634257,540.2,540.2,5,1.0
standard,power_grid,power-grid,infrastructure,local_similarity,standard_local,hpi,HPI,5,15.0,10.4,657.0,0.9930486130184015,540.2,540.2,5,1.0
standard,power_grid,power-grid,infrastructure,local_similarity,standard_local,ja,JA,5,26.2,16.6,652.0,0.9854902499313376,540.2,540.2,5,1.0
standard,power_grid,power-grid,infrastructure,local_similarity,standard_local,llhn,LLHN,5,36.4,21.6,646.8,0.9776361805364827,540.2,540.2,5,1.0
standard,power_grid,power-grid,infrastructure,local_similarity,standard_local,ra,RA,5,38.8,14.8,637.6,0.9637279135768562,540.2,540.2,5,1.0
standard,power_grid,power-grid,infrastructure,local_similarity,standard_local,sa,SA,5,42.4,22.4,641.6,0.9697747871463884,540.2,540.2,5,1.0
standard,power_grid,power-grid,infrastructure,local_similarity,standard_local,so,SO,5,26.2,16.6,652.0,0.9854902499313376,540.2,540.2,5,1.0
standard,power_grid,power-grid,infrastructure,quasi_local_path,quasi_local_path,fl,FL-l3,5,28.6,16.2,649.2,0.9812569806829625,479.0,479.0,5,1.0
standard,power_grid,power-grid,infrastructure,quasi_local_path,quasi_local_path,lpi,LPI-beta-0.001,5,28.6,16.2,649.2,0.9812569806829625,479.0,479.0,5,1.0
standard,power_grid,power-grid,infrastructure,quasi_local_path,quasi_local_path,ora_cni,ORA-CNI-beta-0.001,5,108.4,24.4,577.6,0.8730486130184015,479.0,479.0,5,1.0
standard,power_grid,power-grid,infrastructure,quasi_local_walk,quasi_local_walk,lrw,LRW-l3,5,78.6,20.0,603.0,0.9114336720681132,532.2,532.2,5,1.0
standard,power_grid,power-grid,infrastructure,quasi_local_walk,quasi_local_walk,pfp,PFP-l3,5,114.0,27.0,574.6,0.8685022429735421,479.0,479.0,5,1.0
standard,power_grid,power-grid,infrastructure,quasi_local_walk,quasi_local_walk,srw,SRW-l3,5,104.6,27.0,584.0,0.882713540236199,479.0,479.0,5,1.0
standard,socfb_middlebury45,socfb-Middlebury45,social,degree_based,standard_local,pa,PA,5,9533.8,6703.6,45785.4,0.9417841329127367,48.4,25.6,5,1.0
standard,socfb_middlebury45,socfb-Middlebury45,social,enhanced_local,enhanced_local,car_aa,CAR-AA,5,28328.0,317.6,20605.2,0.4238392571521442,19897.0,1.0,0,0.0
standard,socfb_middlebury45,socfb-Middlebury45,social,enhanced_local,enhanced_local,car_cn,CAR-CN,5,3818.2,2067.4,46864.8,0.9639868599066874,19897.0,229.2,5,1.0
standard,socfb_middlebury45,socfb-Middlebury45,social,enhanced_local,enhanced_local,car_ra,CAR-RA,5,28321.0,323.6,20618.2,0.4241066601845751,19897.0,1.0,0,0.0
standard,socfb_middlebury45,socfb-Middlebury45,social,enhanced_local,enhanced_local,fsw,FSW,5,19322.6,3362.2,32655.2,0.6717020958369322,13586.8,6.4,3,0.6
standard,socfb_middlebury45,socfb-Middlebury45,social,enhanced_local,enhanced_local,ia1,IA1,5,30848.2,430.8,18198.2,0.37432840900358566,13586.8,1.0,0,0.0
standard,socfb_middlebury45,socfb-Middlebury45,social,enhanced_local,enhanced_local,ia2,IA2,5,30842.2,428.0,18201.4,0.3743942328169168,13586.8,1.0,0,0.0
standard,socfb_middlebury45,socfb-Middlebury45,social,enhanced_local,enhanced_local,lit,LIT-i2,5,34766.6,105.6,13954.6,0.2870395476818494,13597.0,1.0,0,0.0
standard,socfb_middlebury45,socfb-Middlebury45,social,enhanced_local,enhanced_local,ra_cni,RA-CNI,5,46489.6,125.8,2251.8,0.046318471478452916,1942.6,1.0,0,0.0
standard,socfb_middlebury45,socfb-Middlebury45,social,local_bayesian,local_bayesian,lnb_aa,LNB-AA,5,32080.0,882.8,17418.4,0.35828829438695226,13586.8,1.0,0,0.0
standard,socfb_middlebury45,socfb-Middlebury45,social,local_bayesian,local_bayesian,lnb_cn,LNB-CN,5,32077.8,883.0,17420.8,0.3583376613584071,13586.8,1.0,0,0.0
standard,socfb_middlebury45,socfb-Middlebury45,social,local_bayesian,local_bayesian,lnb_ra,LNB-RA,5,32080.0,882.8,17418.4,0.35828829438695226,13586.8,1.0,0,0.0
standard,socfb_middlebury45,socfb-Middlebury45,social,local_similarity,standard_local,aa,AA,5,30795.4,489.0,18309.2,0.376611626059798,13586.8,1.0,0,0.0
standard,socfb_middlebury45,socfb-Middlebury45,social,local_similarity,standard_local,cn,CN,5,99.6,87.6,48603.6,0.9997531654812187,13586.8,1457.4,5,1.0
standard,socfb_middlebury45,socfb-Middlebury45,social,local_similarity,standard_local,hdi,HDI,5,4591.0,3395.6,47420.2,0.975411192564283,13586.8,46.4,5,1.0
standard,socfb_middlebury45,socfb-Middlebury45,social,local_similarity,standard_local,hpi,HPI,5,3457.8,2413.4,47571.2,0.9785171808000749,13586.8,58.0,4,0.8
standard,socfb_middlebury45,socfb-Middlebury45,social,local_similarity,standard_local,ja,JA,5,6611.8,4149.4,46153.2,0.9493495922201198,13586.8,18.4,4,0.8
standard,socfb_middlebury45,socfb-Middlebury45,social,local_similarity,standard_local,llhn,LLHN,5,20243.6,5487.4,33859.4,0.6964719197324765,13586.8,8.0,4,0.8
standard,socfb_middlebury45,socfb-Middlebury45,social,local_similarity,standard_local,ra,RA,5,30767.6,495.2,18343.2,0.3773109898809005,13586.8,1.0,0,0.0
standard,socfb_middlebury45,socfb-Middlebury45,social,local_similarity,standard_local,sa,SA,5,26233.6,5050.0,27432.0,0.5642633076353905,13586.8,1.2,0,0.0
standard,socfb_middlebury45,socfb-Middlebury45,social,local_similarity,standard_local,so,SO,5,6611.8,4149.4,46153.2,0.9493495922201198,13586.8,18.4,4,0.8
standard,socfb_middlebury45,socfb-Middlebury45,social,quasi_local_path,quasi_local_path,fl,FL-l3,5,20710.0,6726.4,34632.0,0.7123639297113248,1937.2,3.4,2,0.4
standard,socfb_middlebury45,socfb-Middlebury45,social,quasi_local_path,quasi_local_path,lpi,LPI-beta-0.001,5,19678.2,7443.2,36380.6,0.7483317974110705,1937.2,3.4,2,0.4
standard,socfb_middlebury45,socfb-Middlebury45,social,quasi_local_path,quasi_local_path,ora_cni,ORA-CNI-beta-0.001,5,46501.2,119.8,2234.2,0.04595644786734954,1937.2,1.0,0,0.0
standard,socfb_middlebury45,socfb-Middlebury45,social,quasi_local_walk,quasi_local_walk,lrw,LRW-l3,5,46533.4,102.0,2184.2,0.04492796277938824,1940.4,1.0,0,0.0
standard,socfb_middlebury45,socfb-Middlebury45,social,quasi_local_walk,quasi_local_walk,pfp,PFP-l3,5,46659.2,20.4,1976.8,0.0406618499527995,1937.2,1.0,0,0.0
standard,socfb_middlebury45,socfb-Middlebury45,social,quasi_local_walk,quasi_local_walk,srw,SRW-l3,5,46537.2,101.6,2180.0,0.044841570621653906,1937.2,1.0,0,0.0
