benchmark,network_id,network,domain,fold,family,analysis_family,candidate_count,family_scoring_seconds,method_count,candidates_per_second
standard,ca_grqc,ca-GrQc,scientific_collaboration,1,degree_based,standard_local,3706,0.0095669338479638,1,387375.94080769934
standard,ca_grqc,ca-GrQc,scientific_collaboration,1,enhanced_local,enhanced_local,3706,0.8306599538773298,8,4461.512779930275
standard,ca_grqc,ca-GrQc,scientific_collaboration,1,local_bayesian,local_bayesian,3706,0.0834454619325697,3,44412.241410979674
standard,ca_grqc,ca-GrQc,scientific_collaboration,1,local_similarity,standard_local,3706,0.0439986167475581,9,84229.92071007962
standard,ca_grqc,ca-GrQc,scientific_collaboration,1,quasi_local_path,quasi_local_path,3706,0.6652601533569396,3,5570.753007375113
standard,ca_grqc,ca-GrQc,scientific_collaboration,1,quasi_local_walk,quasi_local_walk,3706,0.6776583138853312,3,5468.832779091536
standard,ca_grqc,ca-GrQc,scientific_collaboration,2,degree_based,standard_local,3706,0.0088062221184372,1,420838.8058076472
standard,ca_grqc,ca-GrQc,scientific_collaboration,2,enhanced_local,enhanced_local,3706,0.9490132080391048,8,3905.1089791021027
standard,ca_grqc,ca-GrQc,scientific_collaboration,2,local_bayesian,local_bayesian,3706,0.0981696569360792,3,37750.972303112685
standard,ca_grqc,ca-GrQc,scientific_collaboration,2,local_similarity,standard_local,3706,0.0448487242683768,9,82633.34265258312
standard,ca_grqc,ca-GrQc,scientific_collaboration,2,quasi_local_path,quasi_local_path,3706,0.5301453270949423,3,6990.536010772575
standard,ca_grqc,ca-GrQc,scientific_collaboration,2,quasi_local_walk,quasi_local_walk,3706,0.7419300051406026,3,4995.0803638109755
standard,ca_grqc,ca-GrQc,scientific_collaboration,3,degree_based,standard_local,3706,0.0089686610735952,1,413216.6406545234
standard,ca_grqc,ca-GrQc,scientific_collaboration,3,enhanced_local,enhanced_local,3706,1.0656370376236737,8,3477.731975480344
standard,ca_grqc,ca-GrQc,scientific_collaboration,3,local_bayesian,local_bayesian,3706,0.0853165513835847,3,43438.230213241506
standard,ca_grqc,ca-GrQc,scientific_collaboration,3,local_similarity,standard_local,3706,0.0439918390475213,9,84242.89777921465
standard,ca_grqc,ca-GrQc,scientific_collaboration,3,quasi_local_path,quasi_local_path,3706,0.4870049757882952,3,7609.77851201879
standard,ca_grqc,ca-GrQc,scientific_collaboration,3,quasi_local_walk,quasi_local_walk,3706,0.8770370245911181,3,4225.591276181034
standard,ca_grqc,ca-GrQc,scientific_collaboration,4,degree_based,standard_local,3706,0.0077712158672511,1,476888.0524368856
standard,ca_grqc,ca-GrQc,scientific_collaboration,4,enhanced_local,enhanced_local,3706,1.0893521788530052,8,3402.0219282088383
standard,ca_grqc,ca-GrQc,scientific_collaboration,4,local_bayesian,local_bayesian,3706,0.0624791630543768,3,59315.775353370176
standard,ca_grqc,ca-GrQc,scientific_collaboration,4,local_similarity,standard_local,3706,0.048368782736361,9,76619.66645304953
standard,ca_grqc,ca-GrQc,scientific_collaboration,4,quasi_local_path,quasi_local_path,3706,0.5136698270216584,3,7214.751198231738
standard,ca_grqc,ca-GrQc,scientific_collaboration,4,quasi_local_walk,quasi_local_walk,3706,0.8481182591058314,3,4369.673639507803
standard,ca_grqc,ca-GrQc,scientific_collaboration,5,degree_based,standard_local,3706,0.00933667877689,1,396929.1531345207
standard,ca_grqc,ca-GrQc,scientific_collaboration,5,enhanced_local,enhanced_local,3706,1.2218045182526112,8,3033.218444223968
standard,ca_grqc,ca-GrQc,scientific_collaboration,5,local_bayesian,local_bayesian,3706,0.0894670099951326,3,41423.08992109631
standard,ca_grqc,ca-GrQc,scientific_collaboration,5,local_similarity,standard_local,3706,0.0458053410984575,9,80907.59529623501
standard,ca_grqc,ca-GrQc,scientific_collaboration,5,quasi_local_path,quasi_local_path,3706,0.5491502350196242,3,6748.608602284517
standard,ca_grqc,ca-GrQc,scientific_collaboration,5,quasi_local_walk,quasi_local_walk,3706,0.7436870760284364,3,4983.278746474133
standard,ca_hepth,ca-HepTh,scientific_collaboration,1,degree_based,standard_local,6468,0.0130703072063624,1,494862.1251114503
standard,ca_hepth,ca-HepTh,scientific_collaboration,1,enhanced_local,enhanced_local,6468,0.84128238260746,8,7688.2627447316345
standard,ca_hepth,ca-HepTh,scientific_collaboration,1,local_bayesian,local_bayesian,6468,0.1548273572698235,3,41775.56288536251
standard,ca_hepth,ca-HepTh,scientific_collaboration,1,local_similarity,standard_local,6468,0.0677255629561841,9,95503.08211073202
standard,ca_hepth,ca-HepTh,scientific_collaboration,1,quasi_local_path,quasi_local_path,6468,0.2537978948093951,3,25484.844958456164
standard,ca_hepth,ca-HepTh,scientific_collaboration,1,quasi_local_walk,quasi_local_walk,6468,1.9747185241431,3,3275.4035174743162
standard,ca_hepth,ca-HepTh,scientific_collaboration,2,degree_based,standard_local,6468,0.0143177360296249,1,451747.39823510003
standard,ca_hepth,ca-HepTh,scientific_collaboration,2,enhanced_local,enhanced_local,6468,0.8243011017329991,8,7846.647282651652
standard,ca_hepth,ca-HepTh,scientific_collaboration,2,local_bayesian,local_bayesian,6468,0.1434249808080494,3,45096.746491159356
standard,ca_hepth,ca-HepTh,scientific_collaboration,2,local_similarity,standard_local,6468,0.0783957280218601,9,82504.49563012469
standard,ca_hepth,ca-HepTh,scientific_collaboration,2,quasi_local_path,quasi_local_path,6468,0.2959555611014366,3,21854.63241822018
standard,ca_hepth,ca-HepTh,scientific_collaboration,2,quasi_local_walk,quasi_local_walk,6468,2.0910239219665527,3,3093.2214270973127
standard,ca_hepth,ca-HepTh,scientific_collaboration,3,degree_based,standard_local,6468,0.0165768307633698,1,390183.1473294936
standard,ca_hepth,ca-HepTh,scientific_collaboration,3,enhanced_local,enhanced_local,6468,0.7566529377363622,8,8548.17271885571
standard,ca_hepth,ca-HepTh,scientific_collaboration,3,local_bayesian,local_bayesian,6468,0.1468240558169782,3,44052.726673499674
standard,ca_hepth,ca-HepTh,scientific_collaboration,3,local_similarity,standard_local,6468,0.0648691090755164,9,99708.47591679383
standard,ca_hepth,ca-HepTh,scientific_collaboration,3,quasi_local_path,quasi_local_path,6468,0.327655772678554,3,19740.229043195945
standard,ca_hepth,ca-HepTh,scientific_collaboration,3,quasi_local_walk,quasi_local_walk,6468,2.285166298039257,3,2830.428579989886
standard,ca_hepth,ca-HepTh,scientific_collaboration,4,degree_based,standard_local,6468,0.0101769673638045,1,635552.789822649
standard,ca_hepth,ca-HepTh,scientific_collaboration,4,enhanced_local,enhanced_local,6468,0.7885731710121036,8,8202.155789422266
standard,ca_hepth,ca-HepTh,scientific_collaboration,4,local_bayesian,local_bayesian,6468,0.1373128239065408,3,47104.121931119225
standard,ca_hepth,ca-HepTh,scientific_collaboration,4,local_similarity,standard_local,6468,0.0617500650696456,9,104744.82889540252
standard,ca_hepth,ca-HepTh,scientific_collaboration,4,quasi_local_path,quasi_local_path,6468,0.282158259768039,3,22923.305542489925
standard,ca_hepth,ca-HepTh,scientific_collaboration,4,quasi_local_walk,quasi_local_walk,6468,2.364394854754209,3,2735.5836894140007
standard,ca_hepth,ca-HepTh,scientific_collaboration,5,degree_based,standard_local,6466,0.0093542798422276,1,691234.3984847268
standard,ca_hepth,ca-HepTh,scientific_collaboration,5,enhanced_local,enhanced_local,6466,0.8091470380313694,8,7991.131025742348
standard,ca_hepth,ca-HepTh,scientific_collaboration,5,local_bayesian,local_bayesian,6466,0.152884887997061,3,42293.257919149604
standard,ca_hepth,ca-HepTh,scientific_collaboration,5,local_similarity,standard_local,6466,0.0666406280361116,9,97027.8971034932
standard,ca_hepth,ca-HepTh,scientific_collaboration,5,quasi_local_path,quasi_local_path,6466,0.2628686889074743,3,24597.83257897228
standard,ca_hepth,ca-HepTh,scientific_collaboration,5,quasi_local_walk,quasi_local_walk,6466,2.0195057978853583,3,3201.773427325935
standard,ego_facebook,ego-Facebook,social,1,degree_based,standard_local,33680,0.0397841390222311,1,846568.5277537324
standard,ego_facebook,ego-Facebook,social,1,enhanced_local,enhanced_local,33680,83.39429759513587,8,403.86454435422274
standard,ego_facebook,ego-Facebook,social,1,local_bayesian,local_bayesian,33680,1.0672585451975465,3,31557.489187182782
standard,ego_facebook,ego-Facebook,social,1,local_similarity,standard_local,33680,0.7855688920244575,9,42873.388116482885
standard,ego_facebook,ego-Facebook,social,1,quasi_local_path,quasi_local_path,33680,88.78459703782573,3,379.3450792557069
standard,ego_facebook,ego-Facebook,social,1,quasi_local_walk,quasi_local_walk,33680,42.009354766923934,3,801.7261913891128
standard,ego_facebook,ego-Facebook,social,2,degree_based,standard_local,33678,0.0320513374172151,1,1050751.7849133871
standard,ego_facebook,ego-Facebook,social,2,enhanced_local,enhanced_local,33678,82.84517281129956,8,406.5173486536144
standard,ego_facebook,ego-Facebook,social,2,local_bayesian,local_bayesian,33678,1.293890530243516,3,26028.47707190627
standard,ego_facebook,ego-Facebook,social,2,local_similarity,standard_local,33678,0.6508068665862083,9,51748.07109312957
standard,ego_facebook,ego-Facebook,social,2,quasi_local_path,quasi_local_path,33678,85.56122657796368,3,393.61287053677864
standard,ego_facebook,ego-Facebook,social,2,quasi_local_walk,quasi_local_walk,33678,43.30735694011673,3,777.650782211629
standard,ego_facebook,ego-Facebook,social,3,degree_based,standard_local,33678,0.0321711143478751,1,1046839.7095553027
standard,ego_facebook,ego-Facebook,social,3,enhanced_local,enhanced_local,33678,84.76023428700864,8,397.33254967137213
standard,ego_facebook,ego-Facebook,social,3,local_bayesian,local_bayesian,33678,1.1051263851113615,3,30474.342531063838
standard,ego_facebook,ego-Facebook,social,3,local_similarity,standard_local,33678,0.7977910903282464,9,42214.058803468695
standard,ego_facebook,ego-Facebook,social,3,quasi_local_path,quasi_local_path,33678,82.41425493918359,3,408.6428983050589
standard,ego_facebook,ego-Facebook,social,3,quasi_local_walk,quasi_local_walk,33678,42.59627937618643,3,790.6324330013616
standard,ego_facebook,ego-Facebook,social,4,degree_based,standard_local,33678,0.0608354127034544,1,553592.0363385268
standard,ego_facebook,ego-Facebook,social,4,enhanced_local,enhanced_local,33678,83.54354744497687,8,403.1191041077215
standard,ego_facebook,ego-Facebook,social,4,local_bayesian,local_bayesian,33678,1.0687980242073536,3,31510.163040370902
standard,ego_facebook,ego-Facebook,social,4,local_similarity,standard_local,33678,0.6243621269240975,9,53939.85084571628
standard,ego_facebook,ego-Facebook,social,4,quasi_local_path,quasi_local_path,33678,81.82960817869753,3,411.5625230228989
standard,ego_facebook,ego-Facebook,social,4,quasi_local_walk,quasi_local_walk,33678,44.76458371384069,3,752.335824572566
standard,ego_facebook,ego-Facebook,social,5,degree_based,standard_local,33678,0.0344579499214887,1,977365.1675951184
standard,ego_facebook,ego-Facebook,social,5,enhanced_local,enhanced_local,33678,86.86475173290819,8,387.70616767032436
standard,ego_facebook,ego-Facebook,social,5,local_bayesian,local_bayesian,33678,0.967139129061252,3,34822.29080389846
standard,ego_facebook,ego-Facebook,social,5,local_similarity,standard_local,33678,0.756865831092,9,44496.6579498108
standard,ego_facebook,ego-Facebook,social,5,quasi_local_path,quasi_local_path,33678,86.79066780628636,3,388.03711103097027
standard,ego_facebook,ego-Facebook,social,5,quasi_local_walk,quasi_local_walk,33678,45.85431523201987,3,734.4565027215323
standard,email_eu_core,email-Eu-core,communication,1,degree_based,standard_local,6032,0.0080918096937239,1,745445.1140488992
standard,email_eu_core,email-Eu-core,communication,1,enhanced_local,enhanced_local,6032,3.5948285153135657,8,1677.9659931772426
standard,email_eu_core,email-Eu-core,communication,1,local_bayesian,local_bayesian,6032,0.1381589421071112,3,43659.8594922907
standard,email_eu_core,email-Eu-core,communication,1,local_similarity,standard_local,6032,0.0537605779245495,9,112201.17478025692
standard,email_eu_core,email-Eu-core,communication,1,quasi_local_path,quasi_local_path,6032,2.9993095910176635,3,2011.1295006239575
standard,email_eu_core,email-Eu-core,communication,1,quasi_local_walk,quasi_local_walk,6032,7.314882548060268,3,824.6202123367711
standard,email_eu_core,email-Eu-core,communication,2,degree_based,standard_local,6032,0.0109525262378156,1,550740.5204082887
standard,email_eu_core,email-Eu-core,communication,2,enhanced_local,enhanced_local,6032,3.627186341676861,8,1662.9969987181262
standard,email_eu_core,email-Eu-core,communication,2,local_bayesian,local_bayesian,6032,0.1006924640387296,3,59905.1781837407
standard,email_eu_core,email-Eu-core,communication,2,local_similarity,standard_local,6032,0.0529638710431754,9,113888.95639978426
standard,email_eu_core,email-Eu-core,communication,2,quasi_local_path,quasi_local_path,6032,3.1695636371150613,3,1903.1010860189986
standard,email_eu_core,email-Eu-core,communication,2,quasi_local_walk,quasi_local_walk,6032,7.8536515068262815,3,768.0503769179307
standard,email_eu_core,email-Eu-core,communication,3,degree_based,standard_local,6032,0.0090420800261199,1,667103.1424821869
standard,email_eu_core,email-Eu-core,communication,3,enhanced_local,enhanced_local,6032,2.9934543478302658,8,2015.0633011564555
standard,email_eu_core,email-Eu-core,communication,3,local_bayesian,local_bayesian,6032,0.1955596799962222,3,30844.8040010933
standard,email_eu_core,email-Eu-core,communication,3,local_similarity,standard_local,6032,0.0778155839070677,9,77516.60653480151
standard,email_eu_core,email-Eu-core,communication,3,quasi_local_path,quasi_local_path,6032,3.0925093148835003,3,1950.5195896967687
standard,email_eu_core,email-Eu-core,communication,3,quasi_local_walk,quasi_local_walk,6032,6.568590200040489,3,918.3096853816239
standard,email_eu_core,email-Eu-core,communication,4,degree_based,standard_local,6032,0.0063730543479323,1,946484.9459438624
standard,email_eu_core,email-Eu-core,communication,4,enhanced_local,enhanced_local,6032,2.8851058897562325,8,2090.737820548297
standard,email_eu_core,email-Eu-core,communication,4,local_bayesian,local_bayesian,6032,0.1255869749002158,3,48030.458610796864
standard,email_eu_core,email-Eu-core,communication,4,local_similarity,standard_local,6032,0.060501683037728,9,99699.7058121264
standard,email_eu_core,email-Eu-core,communication,4,quasi_local_path,quasi_local_path,6032,3.437883494887501,3,1754.567892998767
standard,email_eu_core,email-Eu-core,communication,4,quasi_local_walk,quasi_local_walk,6032,7.479135935660452,3,806.5102776431004
standard,email_eu_core,email-Eu-core,communication,5,degree_based,standard_local,6030,0.0083483587950468,1,722297.6573045333
standard,email_eu_core,email-Eu-core,communication,5,enhanced_local,enhanced_local,6030,3.686875688843429,8,1635.5311404306142
standard,email_eu_core,email-Eu-core,communication,5,local_bayesian,local_bayesian,6030,0.1387721211649477,3,43452.53174326423
standard,email_eu_core,email-Eu-core,communication,5,local_similarity,standard_local,6030,0.0626844000071287,9,96196.18277137926
standard,email_eu_core,email-Eu-core,communication,5,quasi_local_path,quasi_local_path,6030,3.258966895285994,3,1850.279611223492
standard,email_eu_core,email-Eu-core,communication,5,quasi_local_walk,quasi_local_walk,6030,6.6339719127863646,3,908.9577223529897
standard,email_univ,email-univ,communication,1,degree_based,standard_local,1728,0.0054904227145016,1,314729.86504953675
standard,email_univ,email-univ,communication,1,enhanced_local,enhanced_local,1728,0.1300145662389695,8,13290.818482783689
standard,email_univ,email-univ,communication,1,local_bayesian,local_bayesian,1728,0.0215785349719226,3,80079.57918590981
standard,email_univ,email-univ,communication,1,local_similarity,standard_local,1728,0.0159281441010534,9,108487.21539917005
standard,email_univ,email-univ,communication,1,quasi_local_path,quasi_local_path,1728,0.0705736279487609,3,24485.066875895805
standard,email_univ,email-univ,communication,1,quasi_local_walk,quasi_local_walk,1728,1.019622664898634,3,1694.7445947288643
standard,email_univ,email-univ,communication,2,degree_based,standard_local,1728,0.0031164810061454,1,554471.5326653846
standard,email_univ,email-univ,communication,2,enhanced_local,enhanced_local,1728,0.1280839820392429,8,13491.148326966975
standard,email_univ,email-univ,communication,2,local_bayesian,local_bayesian,1728,0.0217464021407067,3,79461.42027629424
standard,email_univ,email-univ,communication,2,local_similarity,standard_local,1728,0.0090732178650796,9,190450.62354896293
standard,email_univ,email-univ,communication,2,quasi_local_path,quasi_local_path,1728,0.0949558923020958,3,18197.922826131566
standard,email_univ,email-univ,communication,2,quasi_local_walk,quasi_local_walk,1728,1.0396176897920668,3,1662.1494776080774
standard,email_univ,email-univ,communication,3,degree_based,standard_local,1728,0.0044411341659724,1,389089.7990067024
standard,email_univ,email-univ,communication,3,enhanced_local,enhanced_local,1728,0.1483130729757249,8,11651.029577701689
standard,email_univ,email-univ,communication,3,local_bayesian,local_bayesian,1728,0.0220730332657694,3,78285.57041499874
standard,email_univ,email-univ,communication,3,local_similarity,standard_local,1728,0.0091816470958292,9,188201.52658502318
standard,email_univ,email-univ,communication,3,quasi_local_path,quasi_local_path,1728,0.0708820451982319,3,24378.529078378
standard,email_univ,email-univ,communication,3,quasi_local_walk,quasi_local_walk,1728,0.9332062392495571,3,1851.6807189261622
standard,email_univ,email-univ,communication,4,degree_based,standard_local,1728,0.0041091116145253,1,420528.85443454306
standard,email_univ,email-univ,communication,4,enhanced_local,enhanced_local,1728,0.1798631749115884,8,9607.302889262335
standard,email_univ,email-univ,communication,4,local_bayesian,local_bayesian,1728,0.0283159473910927,3,61025.68196406432
standard,email_univ,email-univ,communication,4,local_similarity,standard_local,1728,0.0126799242570996,9,136278.4165711777
standard,email_univ,email-univ,communication,4,quasi_local_path,quasi_local_path,1728,0.0650072530843317,3,26581.649247020552
standard,email_univ,email-univ,communication,4,quasi_local_walk,quasi_local_walk,1728,1.047106283251196,3,1650.2622777075446
standard,email_univ,email-univ,communication,5,degree_based,standard_local,1726,0.0031981696374714,1,539683.6927526597
standard,email_univ,email-univ,communication,5,enhanced_local,enhanced_local,1726,0.1638167379423976,8,10536.163896798558
standard,email_univ,email-univ,communication,5,local_bayesian,local_bayesian,1726,0.0224659447558224,3,76827.39447459384
standard,email_univ,email-univ,communication,5,local_similarity,standard_local,1726,0.0157881109043955,9,109322.76891464398
standard,email_univ,email-univ,communication,5,quasi_local_path,quasi_local_path,1726,0.0856846310198307,3,20143.635789253007
standard,email_univ,email-univ,communication,5,quasi_local_walk,quasi_local_walk,1726,1.0377212530001998,3,1663.2597578683951
standard,power_1138_bus,power-1138-bus,infrastructure,1,degree_based,standard_local,130,0.0028378278948366,1,45809.68431402543
standard,power_1138_bus,power-1138-bus,infrastructure,1,enhanced_local,enhanced_local,130,0.0235115312971174,8,5529.201750289165
standard,power_1138_bus,power-1138-bus,infrastructure,1,local_bayesian,local_bayesian,130,0.0089300628751516,3,14557.568274433128
standard,power_1138_bus,power-1138-bus,infrastructure,1,local_similarity,standard_local,130,0.0026153828948736,9,49705.915051601965
standard,power_1138_bus,power-1138-bus,infrastructure,1,quasi_local_path,quasi_local_path,130,0.0052593168802559,3,24718.039045723872
standard,power_1138_bus,power-1138-bus,infrastructure,1,quasi_local_walk,quasi_local_walk,130,0.0158476717770099,3,8203.097706035913
standard,power_1138_bus,power-1138-bus,infrastructure,2,degree_based,standard_local,128,0.0019723698496818,1,64896.55072584388
standard,power_1138_bus,power-1138-bus,infrastructure,2,enhanced_local,enhanced_local,128,0.0222818991169333,8,5744.573177010994
standard,power_1138_bus,power-1138-bus,infrastructure,2,local_bayesian,local_bayesian,128,0.0079993242397904,3,16001.35163459181
standard,power_1138_bus,power-1138-bus,infrastructure,2,local_similarity,standard_local,128,0.0042076082900166,9,30421.082757086926
standard,power_1138_bus,power-1138-bus,infrastructure,2,quasi_local_path,quasi_local_path,128,0.0053620869293808,3,23871.302663640538
standard,power_1138_bus,power-1138-bus,infrastructure,2,quasi_local_walk,quasi_local_walk,128,0.0184069396927952,3,6953.899025925611
standard,power_1138_bus,power-1138-bus,infrastructure,3,degree_based,standard_local,128,0.0023946519941091,1,53452.44332574545
standard,power_1138_bus,power-1138-bus,infrastructure,3,enhanced_local,enhanced_local,128,0.0379486070014536,8,3372.9828342604783
standard,power_1138_bus,power-1138-bus,infrastructure,3,local_bayesian,local_bayesian,128,0.0093629360198974,3,13670.925415701242
standard,power_1138_bus,power-1138-bus,infrastructure,3,local_similarity,standard_local,128,0.0044147530570626,9,28993.69417621879
standard,power_1138_bus,power-1138-bus,infrastructure,3,quasi_local_path,quasi_local_path,128,0.0056856637820601,3,22512.762784861938
standard,power_1138_bus,power-1138-bus,infrastructure,3,quasi_local_walk,quasi_local_walk,128,0.0175936529412865,3,7275.350970441517
standard,power_1138_bus,power-1138-bus,infrastructure,4,degree_based,standard_local,128,0.0019268579781055,1,66429.38994696978
standard,power_1138_bus,power-1138-bus,infrastructure,4,enhanced_local,enhanced_local,128,0.0228001680225133,8,5613.993715906413
standard,power_1138_bus,power-1138-bus,infrastructure,4,local_bayesian,local_bayesian,128,0.0087483469396829,3,14631.33559774432
standard,power_1138_bus,power-1138-bus,infrastructure,4,local_similarity,standard_local,128,0.002678895369172,9,47780.88815001483
standard,power_1138_bus,power-1138-bus,infrastructure,4,quasi_local_path,quasi_local_path,128,0.0055080861784517,3,23238.56160797765
standard,power_1138_bus,power-1138-bus,infrastructure,4,quasi_local_walk,quasi_local_walk,128,0.015736720059067,3,8133.8423457720755
standard,power_1138_bus,power-1138-bus,infrastructure,5,degree_based,standard_local,128,0.0025283629074692,1,50625.6438195114
standard,power_1138_bus,power-1138-bus,infrastructure,5,enhanced_local,enhanced_local,128,0.0223351162858307,8,5730.885765802018
standard,power_1138_bus,power-1138-bus,infrastructure,5,local_bayesian,local_bayesian,128,0.0089967311359941,3,14227.38971134726
standard,power_1138_bus,power-1138-bus,infrastructure,5,local_similarity,standard_local,128,0.002606114372611,9,49115.26575549332
standard,power_1138_bus,power-1138-bus,infrastructure,5,quasi_local_path,quasi_local_path,128,0.0056815929710865,3,22528.892979731063
standard,power_1138_bus,power-1138-bus,infrastructure,5,quasi_local_walk,quasi_local_walk,128,0.0175072089768946,3,7311.273896880417
standard,power_grid,power-grid,infrastructure,1,degree_based,standard_local,662,0.0031845341436564,1,207879.69923911968
standard,power_grid,power-grid,infrastructure,1,enhanced_local,enhanced_local,662,0.113671557046473,8,5823.796358567964
standard,power_grid,power-grid,infrastructure,1,local_bayesian,local_bayesian,662,0.028596939984709,3,23149.329975653913
standard,power_grid,power-grid,infrastructure,1,local_similarity,standard_local,662,0.0064364857971668,9,102851.15525173658
standard,power_grid,power-grid,infrastructure,1,quasi_local_path,quasi_local_path,662,0.0187457031570374,3,35314.75957206097
standard,power_grid,power-grid,infrastructure,1,quasi_local_walk,quasi_local_walk,662,0.0683596758171916,3,9684.071670707299
standard,power_grid,power-grid,infrastructure,2,degree_based,standard_local,662,0.005926240235567,1,111706.57511096702
standard,power_grid,power-grid,infrastructure,2,enhanced_local,enhanced_local,662,0.1048472579568624,8,6313.946715443608
standard,power_grid,power-grid,infrastructure,2,local_bayesian,local_bayesian,662,0.0363603201694786,3,18206.660362569986
standard,power_grid,power-grid,infrastructure,2,local_similarity,standard_local,662,0.0116410041227936,9,56867.94652909492
standard,power_grid,power-grid,infrastructure,2,quasi_local_path,quasi_local_path,662,0.017715644557029,3,37368.10127731648
standard,power_grid,power-grid,infrastructure,2,quasi_local_walk,quasi_local_walk,662,0.0798483211547136,3,8290.719083715148
standard,power_grid,power-grid,infrastructure,3,degree_based,standard_local,662,0.0046330010518431,1,142887.9451120874
standard,power_grid,power-grid,infrastructure,3,enhanced_local,enhanced_local,662,0.1076214080676436,8,6151.192517235151
standard,power_grid,power-grid,infrastructure,3,local_bayesian,local_bayesian,662,0.0273498119786381,3,24204.919599339955
standard,power_grid,power-grid,infrastructure,3,local_similarity,standard_local,662,0.0088037769310176,9,75194.99928123252
standard,power_grid,power-grid,infrastructure,3,quasi_local_path,quasi_local_path,662,0.022065226919949,3,30001.957487302836
standard,power_grid,power-grid,infrastructure,3,quasi_local_walk,quasi_local_walk,662,0.0617314600385725,3,10723.867531828238
standard,power_grid,power-grid,infrastructure,4,degree_based,standard_local,662,0.0040547149255871,1,163266.71841279842
standard,power_grid,power-grid,infrastructure,4,enhanced_local,enhanced_local,662,0.094500393141061,8,7005.261861840413
standard,power_grid,power-grid,infrastructure,4,local_bayesian,local_bayesian,662,0.0288629261776804,3,22935.997408049443
standard,power_grid,power-grid,infrastructure,4,local_similarity,standard_local,662,0.0066096317023038,9,100156.86649670036
standard,power_grid,power-grid,infrastructure,4,quasi_local_path,quasi_local_path,662,0.0424751401878893,3,15585.587171028392
standard,power_grid,power-grid,infrastructure,4,quasi_local_walk,quasi_local_walk,662,0.064174136146903,3,10315.68229425941
standard,power_grid,power-grid,infrastructure,5,degree_based,standard_local,660,0.0046879118308424,1,140787.63078643492
standard,power_grid,power-grid,infrastructure,5,enhanced_local,enhanced_local,660,0.0953310769982636,8,6923.240781303893
standard,power_grid,power-grid,infrastructure,5,local_bayesian,local_bayesian,660,0.0335687883198261,3,19661.120732504864
standard,power_grid,power-grid,infrastructure,5,local_similarity,standard_local,660,0.0067862980067729,9,97254.79183809833
standard,power_grid,power-grid,infrastructure,5,quasi_local_path,quasi_local_path,660,0.0180244077928364,3,36617.014416546306
standard,power_grid,power-grid,infrastructure,5,quasi_local_walk,quasi_local_walk,660,0.0622799107804894,3,10597.317686054874
standard,socfb_middlebury45,socfb-Middlebury45,social,1,degree_based,standard_local,48616,0.0416793636977672,1,1166428.555688445
standard,socfb_middlebury45,socfb-Middlebury45,social,1,enhanced_local,enhanced_local,48616,57.153201326262206,8,850.6260169482524
standard,socfb_middlebury45,socfb-Middlebury45,social,1,local_bayesian,local_bayesian,48616,1.4750867187976835,3,32958.06231624539
standard,socfb_middlebury45,socfb-Middlebury45,social,1,local_similarity,standard_local,48616,0.6516927611082792,9,74599.57038240359
standard,socfb_middlebury45,socfb-Middlebury45,social,1,quasi_local_path,quasi_local_path,48616,69.01166747370735,3,704.4605902113891
standard,socfb_middlebury45,socfb-Middlebury45,social,1,quasi_local_walk,quasi_local_walk,48616,164.75720578618348,3,295.07662361725323
standard,socfb_middlebury45,socfb-Middlebury45,social,2,degree_based,standard_local,48616,0.0740933869965374,1,656144.9269726591
standard,socfb_middlebury45,socfb-Middlebury45,social,2,enhanced_local,enhanced_local,48616,62.40812965622172,8,779.0010735428806
standard,socfb_middlebury45,socfb-Middlebury45,social,2,local_bayesian,local_bayesian,48616,1.6009772308170795,3,30366.453103888423
standard,socfb_middlebury45,socfb-Middlebury45,social,2,local_similarity,standard_local,48616,0.7669498771429062,9,63388.75779093626
standard,socfb_middlebury45,socfb-Middlebury45,social,2,quasi_local_path,quasi_local_path,48616,65.77343544876203,3,739.1433892467455
standard,socfb_middlebury45,socfb-Middlebury45,social,2,quasi_local_walk,quasi_local_walk,48616,164.9727819687687,3,294.69103581706946
standard,socfb_middlebury45,socfb-Middlebury45,social,3,degree_based,standard_local,48616,0.0455818818882107,1,1066564.1256153148
standard,socfb_middlebury45,socfb-Middlebury45,social,3,enhanced_local,enhanced_local,48616,58.64553531212732,8,828.9804115735761
standard,socfb_middlebury45,socfb-Middlebury45,social,3,local_bayesian,local_bayesian,48616,1.4886046475730836,3,32658.772145619798
standard,socfb_middlebury45,socfb-Middlebury45,social,3,local_similarity,standard_local,48616,0.577319797128439,9,84209.82658452673
standard,socfb_middlebury45,socfb-Middlebury45,social,3,quasi_local_path,quasi_local_path,48616,64.0050073908642,3,759.5655712234047
standard,socfb_middlebury45,socfb-Middlebury45,social,3,quasi_local_walk,quasi_local_walk,48616,163.3733013290912,3,297.5761621054
standard,socfb_middlebury45,socfb-Middlebury45,social,4,degree_based,standard_local,48616,0.0384270860813558,1,1265149.2724968207
standard,socfb_middlebury45,socfb-Middlebury45,social,4,enhanced_local,enhanced_local,48616,57.16722225537524,8,850.4173909801748
standard,socfb_middlebury45,socfb-Middlebury45,social,4,local_bayesian,local_bayesian,48616,1.4307460221461952,3,33979.47591500091
standard,socfb_middlebury45,socfb-Middlebury45,social,4,local_similarity,standard_local,48616,0.7655918658711016,9,63501.19713547897
standard,socfb_middlebury45,socfb-Middlebury45,social,4,quasi_local_path,quasi_local_path,48616,63.00351186003536,3,771.639525555373
standard,socfb_middlebury45,socfb-Middlebury45,social,4,quasi_local_walk,quasi_local_walk,48616,162.79284806083888,3,298.6371980041239
standard,socfb_middlebury45,socfb-Middlebury45,social,5,degree_based,standard_local,48614,0.0490744160488247,1,990618.0024971337
standard,socfb_middlebury45,socfb-Middlebury45,social,5,enhanced_local,enhanced_local,48614,57.17866684682667,8,850.2121976755742
standard,socfb_middlebury45,socfb-Middlebury45,social,5,local_bayesian,local_bayesian,48614,1.6018368881195784,3,30348.907782407696
standard,socfb_middlebury45,socfb-Middlebury45,social,5,local_similarity,standard_local,48614,0.7444978691637516,9,65297.70199961096
standard,socfb_middlebury45,socfb-Middlebury45,social,5,quasi_local_path,quasi_local_path,48614,63.24757867399603,3,768.6302150881776
standard,socfb_middlebury45,socfb-Middlebury45,social,5,quasi_local_walk,quasi_local_walk,48614,161.4536438062787,3,301.1019067388151
