benchmark,network_id,network,domain,fold,family,method_id,average_precision,roc_auc,precision,recall,f1,ndcg,cutoff,positive_count,negative_count,candidate_count,distinct_score_count,tie_group_count,tied_candidate_count,tied_candidate_ratio,largest_tie_group,cutoff_score,cutoff_tie_size,cutoff_tie_positive_count,cutoff_tie_negative_count,cutoff_slots_in_tie,cutoff_tie_crosses_boundary,method,family_scoring_seconds
standard,ego_facebook,ego-Facebook,social,1,local_bayesian,lnb_cn,0.990981549729034,0.9923559129941717,0.9720308788598575,0.9720308788598575,0.9720308788598575,0.974785651820647,16840,16840,16840,33680,17194,150,16636,0.49394299287410925,14740,6.329969809065327,1,0,1,1,False,LNB-CN,1.5555048459209502
standard,ego_facebook,ego-Facebook,social,1,local_bayesian,lnb_aa,0.9919016034777102,0.9930526215012326,0.9744655581947743,0.9744655581947743,0.9744655581947743,0.9770105020234836,16840,16840,16840,33680,17196,148,16632,0.49382422802850356,14740,1.701423041247651,1,1,0,1,False,LNB-AA,1.5555048459209502
standard,ego_facebook,ego-Facebook,social,1,local_bayesian,lnb_ra,0.9938376609170858,0.9942668016288555,0.9760095011876485,0.9760095011876485,0.9760095011876485,0.9785608055413747,16840,16840,16840,33680,17196,148,16632,0.49382422802850356,14740,0.13123985914289343,1,0,1,1,False,LNB-RA,1.5555048459209502
standard,ego_facebook,ego-Facebook,social,2,local_bayesian,lnb_cn,0.9922511112777567,0.9931782652250133,0.9720886038363323,0.9720886038363323,0.9720886038363323,0.9749521759012806,16839,16839,16839,33678,17138,159,16699,0.49584298355009204,14799,5.982718283126577,1,0,1,1,False,LNB-CN,1.6505888979882002
standard,ego_facebook,ego-Facebook,social,2,local_bayesian,lnb_aa,0.9930961460628425,0.9938359860379855,0.9748797434526991,0.9748797434526991,0.9748797434526991,0.9774843500741057,16839,16839,16839,33678,17139,158,16697,0.49578359760080765,14799,1.544934531315683,1,1,0,1,False,LNB-AA,1.6505888979882002
standard,ego_facebook,ego-Facebook,social,2,local_bayesian,lnb_ra,0.9946123338435063,0.9949261073777033,0.9774927252212127,0.9774927252212127,0.9774927252212127,0.9799241041082755,16839,16839,16839,33678,17139,158,16697,0.49578359760080765,14799,0.11825573763430454,1,1,0,1,False,LNB-RA,1.6505888979882002
standard,ego_facebook,ego-Facebook,social,3,local_bayesian,lnb_cn,0.9923730235380941,0.9932457167165516,0.9725636914306075,0.9725636914306075,0.9725636914306075,0.975396233091699,16839,16839,16839,33678,17094,194,16778,0.49818872854682583,14842,5.633114291938536,2,1,1,2,False,LNB-CN,2.5621049790643156
standard,ego_facebook,ego-Facebook,social,3,local_bayesian,lnb_aa,0.9931446219988487,0.9938461552514047,0.9756517607933963,0.9756517607933963,0.9756517607933963,0.9781812953638557,16839,16839,16839,33678,17098,192,16772,0.49801057069897264,14842,1.4583496569874073,2,2,0,2,False,LNB-AA,2.5621049790643156
standard,ego_facebook,ego-Facebook,social,3,local_bayesian,lnb_ra,0.9944849793902036,0.9947515626247513,0.9776114971197815,0.9776114971197815,0.9776114971197815,0.9800351564433589,16839,16839,16839,33678,17098,192,16772,0.49801057069897264,14842,0.1152539485792696,1,1,0,1,False,LNB-RA,2.5621049790643156
standard,ego_facebook,ego-Facebook,social,4,local_bayesian,lnb_cn,0.992539342812153,0.9936388757528467,0.9735732525684423,0.9735732525684423,0.9735732525684423,0.9762317863256508,16839,16839,16839,33678,17161,164,16681,0.4953085100065325,14768,6.295901947891805,2,2,0,1,True,LNB-CN,1.999131214339286
standard,ego_facebook,ego-Facebook,social,4,local_bayesian,lnb_aa,0.9934477921535638,0.9943642102851421,0.9757705326919651,0.9757705326919651,0.9757705326919651,0.9782417333294321,16839,16839,16839,33678,17163,162,16677,0.49518973810796363,14768,1.729668519907809,1,1,0,1,False,LNB-AA,1.999131214339286
standard,ego_facebook,ego-Facebook,social,4,local_bayesian,lnb_ra,0.9949249900772118,0.9954197171529654,0.9776114971197815,0.9776114971197815,0.9776114971197815,0.9800033297757169,16839,16839,16839,33678,17163,162,16677,0.49518973810796363,14768,0.13444895866827336,1,1,0,1,False,LNB-RA,1.999131214339286
standard,ego_facebook,ego-Facebook,social,5,local_bayesian,lnb_cn,0.9914133355335917,0.99249694908609,0.9705445691549379,0.9705445691549379,0.9705445691549379,0.9735235217564187,16839,16839,16839,33678,17212,161,16627,0.49370508937585367,14691,6.391803376047269,1,1,0,1,False,LNB-CN,1.4242409109137952
standard,ego_facebook,ego-Facebook,social,5,local_bayesian,lnb_aa,0.9923173301480017,0.9932021515029693,0.9727418492784607,0.9727418492784607,0.9727418492784607,0.9755391983761592,16839,16839,16839,33678,17215,158,16621,0.4935269315280005,14691,1.7195376529799389,1,0,1,1,False,LNB-AA,1.4242409109137952
standard,ego_facebook,ego-Facebook,social,5,local_bayesian,lnb_ra,0.9939551322503937,0.9943398302704499,0.9746421996555615,0.9746421996555615,0.9746421996555615,0.9773651770791892,16839,16839,16839,33678,17215,158,16621,0.4935269315280005,14691,0.134779921956563,1,1,0,1,False,LNB-RA,1.4242409109137952
standard,socfb_middlebury45,socfb-Middlebury45,social,1,local_bayesian,lnb_cn,0.947895923842841,0.951199318072071,0.8856343590587461,0.8856343590587461,0.8856343590587461,0.8952645182203159,24308,24308,24308,48616,31973,865,17508,0.3601283528056607,13681,10.454698149858423,1,0,1,1,False,LNB-CN,2.2831732402555645
standard,socfb_middlebury45,socfb-Middlebury45,social,1,local_bayesian,lnb_aa,0.9502889150236138,0.95317076868737,0.8884317920026329,0.8884317920026329,0.8884317920026329,0.8979386428286635,24308,24308,24308,48616,31975,864,17505,0.3600666447260161,13681,2.279991093437643,1,1,0,1,False,LNB-AA,2.2831732402555645
standard,socfb_middlebury45,socfb-Middlebury45,social,1,local_bayesian,lnb_ra,0.9532049780397288,0.9553980069254939,0.8911880862267566,0.8911880862267566,0.8911880862267566,0.9006398665830451,24308,24308,24308,48616,31975,864,17505,0.3600666447260161,13681,0.10906641618003697,1,0,1,1,False,LNB-RA,2.2831732402555645
standard,socfb_middlebury45,socfb-Middlebury45,social,2,local_bayesian,lnb_cn,0.948747053608668,0.952527747717847,0.8889254566397894,0.8889254566397894,0.8889254566397894,0.8982166063179434,24308,24308,24308,48616,32127,885,17374,0.3573720585815369,13601,10.481733646058956,1,0,1,1,False,LNB-CN,1.8557697180658579
standard,socfb_middlebury45,socfb-Middlebury45,social,2,local_bayesian,lnb_aa,0.9511736832642682,0.9545595795756878,0.8929159124568044,0.8929159124568044,0.8929159124568044,0.9019420929284253,24308,24308,24308,48616,32131,885,17370,0.3572897811420109,13601,2.280950292469007,1,1,0,1,False,LNB-AA,1.8557697180658579
standard,socfb_middlebury45,socfb-Middlebury45,social,2,local_bayesian,lnb_ra,0.9543717360748267,0.9569694999278228,0.8965361197959519,0.8965361197959519,0.8965361197959519,0.9054296900764839,24308,24308,24308,48616,32131,885,17370,0.3572897811420109,13601,0.10844096802972265,1,1,0,1,False,LNB-RA,1.8557697180658579
standard,socfb_middlebury45,socfb-Middlebury45,social,3,local_bayesian,lnb_cn,0.9483659116463172,0.9515103327507076,0.8853875267401679,0.8853875267401679,0.8853875267401679,0.8951029016941936,24308,24308,24308,48616,32151,856,17321,0.35628188250781634,13546,10.506009839234864,1,1,0,1,False,LNB-CN,2.4793129307217896
standard,socfb_middlebury45,socfb-Middlebury45,social,3,local_bayesian,lnb_aa,0.9506418416632656,0.9534987115396296,0.8891722889583676,0.8891722889583676,0.8891722889583675,0.8986301894613212,24308,24308,24308,48616,32152,856,17320,0.35626131314793485,13546,2.280629730795979,1,0,1,1,False,LNB-AA,2.4793129307217896
standard,socfb_middlebury45,socfb-Middlebury45,social,3,local_bayesian,lnb_ra,0.9529110532495852,0.9554746512307133,0.89353299325325,0.89353299325325,0.89353299325325,0.9026727901300721,24308,24308,24308,48616,32152,856,17320,0.35626131314793485,13546,0.10894133738925996,1,0,1,1,False,LNB-RA,2.4793129307217896
standard,socfb_middlebury45,socfb-Middlebury45,social,4,local_bayesian,lnb_cn,0.9494355806315953,0.9532749998652853,0.889542537436235,0.889542537436235,0.889542537436235,0.8987916744745797,24308,24308,24308,48616,32093,908,17431,0.3585445120947836,13548,10.455223671810044,1,0,1,1,False,LNB-CN,2.62322183791548
standard,socfb_middlebury45,socfb-Middlebury45,social,4,local_bayesian,lnb_aa,0.9518220432186946,0.9552804616819056,0.8923811090998848,0.8923811090998848,0.8923811090998848,0.9014982837505952,24308,24308,24308,48616,32094,908,17430,0.35852394273490207,13548,2.2916628533186043,1,1,0,1,False,LNB-AA,2.62322183791548
standard,socfb_middlebury45,socfb-Middlebury45,social,4,local_bayesian,lnb_ra,0.9546902480969613,0.957508491960545,0.8957956228402172,0.8957956228402172,0.8957956228402172,0.9047769046491564,24308,24308,24308,48616,32094,908,17430,0.35852394273490207,13548,0.1088199869550483,1,0,1,1,False,LNB-RA,2.62322183791548
standard,socfb_middlebury45,socfb-Middlebury45,social,5,local_bayesian,lnb_cn,0.949530921125748,0.9526612719180532,0.8871518492615296,0.8871518492615296,0.8871518492615296,0.8967576418007812,24307,24307,24307,48614,32045,901,17470,0.35936150080223805,13558,10.312236839720981,1,1,0,1,False,LNB-CN,1.809182251803577
standard,socfb_middlebury45,socfb-Middlebury45,social,5,local_bayesian,lnb_aa,0.9521468770157494,0.9548942686243541,0.8906899247130456,0.8906899247130456,0.8906899247130456,0.9000944797922751,24307,24307,24307,48614,32048,901,17467,0.3592997901838976,13558,2.2383705546330503,1,0,1,1,False,LNB-AA,1.809182251803577
standard,socfb_middlebury45,socfb-Middlebury45,social,5,local_bayesian,lnb_ra,0.9558525136682507,0.9578716906554324,0.8960381783025466,0.8960381783025466,0.8960381783025466,0.9051445875273928,24307,24307,24307,48614,32048,901,17467,0.3592997901838976,13558,0.10672013323599924,1,1,0,1,False,LNB-RA,1.809182251803577
standard,ca_grqc,ca-GrQc,scientific_collaboration,1,local_bayesian,lnb_cn,0.965089610260867,0.9650143624390547,0.9390178089584458,0.9390178089584458,0.9390178089584458,0.9488366971728291,1853,1853,1853,3706,1394,127,2439,0.6581219643820831,1971,0.0,1971,127,1844,118,True,LNB-CN,0.3304195748642087
standard,ca_grqc,ca-GrQc,scientific_collaboration,1,local_bayesian,lnb_aa,0.9654889840747682,0.9653463746163293,0.9390178089584458,0.9390178089584458,0.9390178089584458,0.948883585252183,1853,1853,1853,3706,1403,125,2428,0.6551538046411225,1971,0.0,1971,127,1844,118,True,LNB-AA,0.3304195748642087
standard,ca_grqc,ca-GrQc,scientific_collaboration,1,local_bayesian,lnb_ra,0.9655408774581609,0.9653938465329046,0.9390178089584458,0.9390178089584458,0.9390178089584458,0.9488895000578907,1853,1853,1853,3706,1403,125,2428,0.6551538046411225,1971,0.0,1971,127,1844,118,True,LNB-RA,0.3304195748642087
standard,ca_grqc,ca-GrQc,scientific_collaboration,2,local_bayesian,lnb_cn,0.9683161701435559,0.9682875947727305,0.9395574743658931,0.9395574743658931,0.9395574743658931,0.9493466251545492,1853,1853,1853,3706,1404,138,2440,0.6583917970858068,1963,0.0,1963,116,1847,110,True,LNB-CN,0.08976855501532555
standard,ca_grqc,ca-GrQc,scientific_collaboration,2,local_bayesian,lnb_aa,0.9684280230498161,0.9683620062738654,0.9395574743658931,0.9395574743658931,0.9395574743658931,0.9493595216295603,1853,1853,1853,3706,1416,138,2428,0.6551538046411225,1963,0.0,1963,116,1847,110,True,LNB-AA,0.08976855501532555
standard,ca_grqc,ca-GrQc,scientific_collaboration,2,local_bayesian,lnb_ra,0.9684226652746695,0.9683550165438174,0.9395574743658931,0.9395574743658931,0.9395574743658931,0.9493589990871679,1853,1853,1853,3706,1416,138,2428,0.6551538046411225,1963,0.0,1963,116,1847,110,True,LNB-RA,0.08976855501532555
standard,ca_grqc,ca-GrQc,scientific_collaboration,3,local_bayesian,lnb_cn,0.9720060348966197,0.971936670715856,0.9471127900701565,0.9471127900701565,0.9471127900701565,0.9556847727731727,1853,1853,1853,3706,1425,154,2435,0.6570426335671884,1946,0.0,1946,102,1844,93,True,LNB-CN,0.20590655598789454
standard,ca_grqc,ca-GrQc,scientific_collaboration,3,local_bayesian,lnb_aa,0.9721297693542299,0.9720339444590226,0.9471127900701565,0.9471127900701565,0.9471127900701565,0.9556995392965474,1853,1853,1853,3706,1431,155,2430,0.6556934700485699,1946,0.0,1946,102,1844,93,True,LNB-AA,0.20590655598789454
standard,ca_grqc,ca-GrQc,scientific_collaboration,3,local_bayesian,lnb_ra,0.972122034625988,0.9720287021614865,0.9471127900701565,0.9471127900701565,0.9471127900701565,0.9556986051234243,1853,1853,1853,3706,1431,155,2430,0.6556934700485699,1946,0.0,1946,102,1844,93,True,LNB-RA,0.20590655598789454
standard,ca_grqc,ca-GrQc,scientific_collaboration,4,local_bayesian,lnb_cn,0.9618178844180789,0.9618346177447694,0.9325418240690772,0.9325418240690772,0.9325418240690772,0.9432937305606809,1853,1853,1853,3706,1418,136,2424,0.6540744738262277,1973,0.0,1973,136,1837,120,True,LNB-CN,0.08601083420217037
standard,ca_grqc,ca-GrQc,scientific_collaboration,4,local_bayesian,lnb_aa,0.9621982090898438,0.9620780933414376,0.9325418240690772,0.9325418240690772,0.9325418240690772,0.943341918738833,1853,1853,1853,3706,1427,138,2417,0.652185644900162,1973,0.0,1973,136,1837,120,True,LNB-AA,0.08601083420217037
standard,ca_grqc,ca-GrQc,scientific_collaboration,4,local_bayesian,lnb_ra,0.9623335442754497,0.962172163458332,0.9325418240690772,0.9325418240690772,0.9325418240690772,0.9433586135021561,1853,1853,1853,3706,1427,138,2417,0.652185644900162,1973,0.0,1973,136,1837,120,True,LNB-RA,0.08601083420217037
standard,ca_grqc,ca-GrQc,scientific_collaboration,5,local_bayesian,lnb_cn,0.9645357832196493,0.9645314885882463,0.9330814894765246,0.9330814894765246,0.9330814894765246,0.9438028850296614,1853,1853,1853,3706,1431,135,2410,0.650296815974096,1967,0.0,1967,127,1840,114,True,LNB-CN,0.08368977392092347
standard,ca_grqc,ca-GrQc,scientific_collaboration,5,local_bayesian,lnb_aa,0.9651108556025464,0.9649657255674714,0.9330814894765246,0.9330814894765246,0.9330814894765246,0.9438723780522321,1853,1853,1853,3706,1439,136,2403,0.6484079870480303,1967,0.0,1967,127,1840,114,True,LNB-AA,0.08368977392092347
standard,ca_grqc,ca-GrQc,scientific_collaboration,5,local_bayesian,lnb_ra,0.9653439129849866,0.9651591080987963,0.9330814894765246,0.9330814894765246,0.9330814894765246,0.9438996979284211,1853,1853,1853,3706,1439,136,2403,0.6484079870480303,1967,0.0,1967,127,1840,114,True,LNB-RA,0.08368977392092347
standard,ca_hepth,ca-HepTh,scientific_collaboration,1,local_bayesian,lnb_cn,0.9377456265624471,0.9378893627502162,0.891156462585034,0.891156462585034,0.891156462585034,0.9068185348461798,3234,3234,3234,6468,1954,284,4798,0.7418058132343847,3619,0.0,3619,396,3223,385,True,LNB-CN,0.3575170082040131
standard,ca_hepth,ca-HepTh,scientific_collaboration,1,local_bayesian,lnb_aa,0.9379893195290904,0.9380126565721582,0.891156462585034,0.891156462585034,0.891156462585034,0.9068495208734084,3234,3234,3234,6468,1979,276,4765,0.7367037724180582,3619,0.0,3619,396,3223,385,True,LNB-AA,0.3575170082040131
standard,ca_hepth,ca-HepTh,scientific_collaboration,1,local_bayesian,lnb_ra,0.9380341020215568,0.9380321617599645,0.891156462585034,0.891156462585034,0.891156462585034,0.9068554556561571,3234,3234,3234,6468,1979,276,4765,0.7367037724180582,3619,0.0,3619,396,3223,385,True,LNB-RA,0.3575170082040131
standard,ca_hepth,ca-HepTh,scientific_collaboration,2,local_bayesian,lnb_cn,0.9400676977524697,0.9399275114554734,0.8945578231292517,0.8945578231292517,0.8945578231292517,0.9098461779322259,3234,3234,3234,6468,1960,297,4805,0.7428880643166358,3610,0.0,3610,386,3224,376,True,LNB-CN,0.1408488480374217
standard,ca_hepth,ca-HepTh,scientific_collaboration,2,local_bayesian,lnb_aa,0.9401015819703058,0.939956291168854,0.8945578231292517,0.8945578231292517,0.8945578231292517,0.9098499080340562,3234,3234,3234,6468,1985,296,4779,0.7388682745825603,3610,0.0,3610,386,3224,376,True,LNB-AA,0.1408488480374217
standard,ca_hepth,ca-HepTh,scientific_collaboration,2,local_bayesian,lnb_ra,0.9400620053243931,0.9399277982964704,0.8945578231292517,0.8945578231292517,0.8945578231292517,0.9098454025921511,3234,3234,3234,6468,1985,296,4779,0.7388682745825603,3610,0.0,3610,386,3224,376,True,LNB-RA,0.1408488480374217
standard,ca_hepth,ca-HepTh,scientific_collaboration,3,local_bayesian,lnb_cn,0.9359947151136297,0.935926270772547,0.8868274582560297,0.8868274582560297,0.8868274582560297,0.9031424897421628,3234,3234,3234,6468,1928,304,4844,0.7489177489177489,3633,0.0,3633,410,3223,399,True,LNB-CN,0.1351725859567523
standard,ca_hepth,ca-HepTh,scientific_collaboration,3,local_bayesian,lnb_aa,0.9361659379290153,0.9360459790820247,0.8868274582560297,0.8868274582560297,0.8868274582560297,0.9031625043219239,3234,3234,3234,6468,1958,301,4811,0.7438157081014224,3633,0.0,3633,410,3223,399,True,LNB-AA,0.1351725859567523
standard,ca_hepth,ca-HepTh,scientific_collaboration,3,local_bayesian,lnb_ra,0.9361009877405431,0.9360057257287577,0.8868274582560297,0.8868274582560297,0.8868274582560297,0.9031548087558012,3234,3234,3234,6468,1958,301,4811,0.7438157081014224,3633,0.0,3633,410,3223,399,True,LNB-RA,0.1351725859567523
standard,ca_hepth,ca-HepTh,scientific_collaboration,4,local_bayesian,lnb_cn,0.9333609804464507,0.9332588885332062,0.8815708101422387,0.8815708101422387,0.8815708101422387,0.8986221013389599,3234,3234,3234,6468,1956,290,4802,0.7424242424242424,3652,0.0,3652,428,3224,418,True,LNB-CN,0.13539581699296832
standard,ca_hepth,ca-HepTh,scientific_collaboration,4,local_bayesian,lnb_aa,0.9334338223009608,0.933318742687945,0.8815708101422387,0.8815708101422387,0.8815708101422387,0.8986302195140048,3234,3234,3234,6468,1981,286,4773,0.7379406307977736,3652,0.0,3652,428,3224,418,True,LNB-AA,0.13539581699296832
standard,ca_hepth,ca-HepTh,scientific_collaboration,4,local_bayesian,lnb_ra,0.9333081531077139,0.9332466499839943,0.8815708101422387,0.8815708101422387,0.8815708101422387,0.8986150946759937,3234,3234,3234,6468,1981,286,4773,0.7379406307977736,3652,0.0,3652,428,3224,418,True,LNB-RA,0.13539581699296832
standard,ca_hepth,ca-HepTh,scientific_collaboration,5,local_bayesian,lnb_cn,0.9347854354931842,0.934949751198039,0.8855552118775132,0.8855552118775132,0.8855552118775132,0.9019961482079818,3233,3233,3233,6466,1895,292,4863,0.75208784410764,3642,0.0,3642,416,3226,409,True,LNB-CN,0.22985015390440822
standard,ca_hepth,ca-HepTh,scientific_collaboration,5,local_bayesian,lnb_aa,0.9350886574787174,0.9351109599055287,0.8855552118775132,0.8855552118775132,0.8855552118775132,0.9020343986792976,3233,3233,3233,6466,1923,297,4840,0.7485307763686978,3642,0.0,3642,416,3226,409,True,LNB-AA,0.22985015390440822
standard,ca_hepth,ca-HepTh,scientific_collaboration,5,local_bayesian,lnb_ra,0.9351332873505356,0.9351425319372627,0.8855552118775132,0.8855552118775132,0.8855552118775132,0.9020395448643074,3233,3233,3233,6466,1923,297,4840,0.7485307763686978,3642,0.0,3642,416,3226,409,True,LNB-RA,0.22985015390440822
standard,email_eu_core,email-Eu-core,communication,1,local_bayesian,lnb_cn,0.9437513315354533,0.9474217194414932,0.8872679045092838,0.8872679045092838,0.8872679045092838,0.8991309983312094,3016,3016,3016,6032,3621,124,2535,0.4202586206896552,1967,6.296372574538344,1,1,0,1,False,LNB-CN,0.17186708794906735
standard,email_eu_core,email-Eu-core,communication,1,local_bayesian,lnb_aa,0.9472977036159829,0.9501521834917576,0.889920424403183,0.889920424403183,0.889920424403183,0.9017529250238543,3016,3016,3016,6032,3622,123,2533,0.4199270557029178,1967,1.490678693986413,1,0,1,1,False,LNB-AA,0.17186708794906735
standard,email_eu_core,email-Eu-core,communication,1,local_bayesian,lnb_ra,0.9502673914441756,0.9522944934707203,0.8925729442970822,0.8925729442970822,0.8925729442970822,0.9046358639284299,3016,3016,3016,6032,3622,123,2533,0.4199270557029178,1967,0.10527882981313837,1,1,0,1,False,LNB-RA,0.17186708794906735
standard,email_eu_core,email-Eu-core,communication,2,local_bayesian,lnb_cn,0.9435085428867082,0.9459871182165499,0.8846153846153846,0.8846153846153846,0.8846153846153846,0.8978825729568163,3016,3016,3016,6032,3672,142,2502,0.41478779840848806,1886,6.616041350746917,1,1,0,1,False,LNB-CN,0.1348611949943006
standard,email_eu_core,email-Eu-core,communication,2,local_bayesian,lnb_aa,0.9470840772658822,0.9486061078316177,0.8869363395225465,0.8869363395225465,0.8869363395225464,0.9002631245222468,3016,3016,3016,6032,3673,142,2501,0.4146220159151194,1886,1.5853199565280898,1,0,1,1,False,LNB-AA,0.1348611949943006
standard,email_eu_core,email-Eu-core,communication,2,local_bayesian,lnb_ra,0.949951194709944,0.9502882284755398,0.8859416445623343,0.8859416445623343,0.8859416445623343,0.8998365309103445,3016,3016,3016,6032,3673,142,2501,0.4146220159151194,1886,0.1099872823149014,1,1,0,1,False,LNB-RA,0.1348611949943006
standard,email_eu_core,email-Eu-core,communication,3,local_bayesian,lnb_cn,0.9455449695578936,0.9483785966445976,0.8803050397877984,0.8803050397877984,0.8803050397877984,0.8944056624929582,3016,3016,3016,6032,3679,150,2503,0.41495358090185674,1925,6.6626121860613985,1,0,1,1,False,LNB-CN,0.13422506814822555
standard,email_eu_core,email-Eu-core,communication,3,local_bayesian,lnb_aa,0.9492417238627101,0.95110609244067,0.8859416445623343,0.8859416445623343,0.8859416445623343,0.8995810581250858,3016,3016,3016,6032,3679,150,2503,0.41495358090185674,1925,1.6079320317953898,1,0,1,1,False,LNB-AA,0.13422506814822555
standard,email_eu_core,email-Eu-core,communication,3,local_bayesian,lnb_ra,0.9514334357161731,0.9528078915105291,0.8902519893899205,0.8902519893899205,0.8902519893899205,0.9034590202318363,3016,3016,3016,6032,3679,150,2503,0.41495358090185674,1925,0.11053130279049857,1,0,1,1,False,LNB-RA,0.13422506814822555
standard,email_eu_core,email-Eu-core,communication,4,local_bayesian,lnb_cn,0.947321736575586,0.948987198689219,0.8922413793103449,0.8922413793103449,0.8922413793103449,0.904844079019274,3016,3016,3016,6032,3621,122,2533,0.4199270557029178,1995,6.276931427169517,1,0,1,1,False,LNB-CN,0.13237272994592786
standard,email_eu_core,email-Eu-core,communication,4,local_bayesian,lnb_aa,0.9502873825780744,0.9512072329538659,0.8958885941644562,0.8958885941644562,0.8958885941644562,0.9082750734877515,3016,3016,3016,6032,3622,121,2531,0.41959549071618035,1995,1.5227338019736094,1,0,1,1,False,LNB-AA,0.13237272994592786
standard,email_eu_core,email-Eu-core,communication,4,local_bayesian,lnb_ra,0.9517999461595273,0.9522827303892942,0.894893899204244,0.894893899204244,0.894893899204244,0.9076146268774036,3016,3016,3016,6032,3622,121,2531,0.41959549071618035,1995,0.10010215041540121,1,0,1,1,False,LNB-RA,0.13237272994592786
standard,email_eu_core,email-Eu-core,communication,5,local_bayesian,lnb_cn,0.9485268829277107,0.9505509489589091,0.8839137645107794,0.8839137645107794,0.8839137645107795,0.8977791570880964,3015,3015,3015,6030,3683,131,2478,0.4109452736318408,1929,6.902949351671859,1,1,0,1,False,LNB-CN,0.23563753115013242
standard,email_eu_core,email-Eu-core,communication,5,local_bayesian,lnb_aa,0.952093692429406,0.9534163345791771,0.8875621890547264,0.8875621890547264,0.8875621890547264,0.9012332799040811,3015,3015,3015,6030,3683,131,2478,0.4109452736318408,1929,1.6744654697898698,1,0,1,1,False,LNB-AA,0.23563753115013242
standard,email_eu_core,email-Eu-core,communication,5,local_bayesian,lnb_ra,0.9551493144020603,0.955954005538917,0.8971807628524047,0.8971807628524047,0.8971807628524047,0.9096782589391131,3015,3015,3015,6030,3683,131,2478,0.4109452736318408,1929,0.1136757848975585,1,1,0,1,False,LNB-RA,0.23563753115013242
standard,email_univ,email-univ,communication,1,local_bayesian,lnb_cn,0.8624207463447268,0.859165353866598,0.7962962962962963,0.7962962962962963,0.7962962962962963,0.8291282511223124,864,864,864,1728,586,73,1215,0.703125,1010,0.0,1010,208,802,147,True,LNB-CN,0.024748754221946
standard,email_univ,email-univ,communication,1,local_bayesian,lnb_aa,0.8632929000619364,0.8600226926868998,0.7962962962962963,0.7962962962962963,0.7962962962962963,0.8292240661069877,864,864,864,1728,589,75,1214,0.7025462962962963,1010,0.0,1010,208,802,147,True,LNB-AA,0.024748754221946
standard,email_univ,email-univ,communication,1,local_bayesian,lnb_ra,0.8624610612695958,0.8602731963734567,0.7962962962962963,0.7962962962962963,0.7962962962962963,0.8289312830583804,864,864,864,1728,589,75,1214,0.7025462962962963,1010,0.0,1010,208,802,147,True,LNB-RA,0.024748754221946
standard,email_univ,email-univ,communication,2,local_bayesian,lnb_cn,0.8577587683281978,0.8537929205246914,0.7858796296296297,0.7858796296296297,0.7858796296296298,0.8206602260066805,864,864,864,1728,607,68,1189,0.6880787037037037,1022,0.0,1022,221,801,158,True,LNB-CN,0.026080979965627193
standard,email_univ,email-univ,communication,2,local_bayesian,lnb_aa,0.8580525788743953,0.8542182409550755,0.7858796296296297,0.7858796296296297,0.7858796296296298,0.820679649290586,864,864,864,1728,610,68,1186,0.6863425925925926,1022,0.0,1022,221,801,158,True,LNB-AA,0.026080979965627193
standard,email_univ,email-univ,communication,2,local_bayesian,lnb_ra,0.8563180689878672,0.8538043070558985,0.7858796296296297,0.7858796296296297,0.7858796296296298,0.8202828371484733,864,864,864,1728,610,68,1186,0.6863425925925926,1022,0.0,1022,221,801,158,True,LNB-RA,0.026080979965627193
standard,email_univ,email-univ,communication,3,local_bayesian,lnb_cn,0.8602986453212397,0.8592517575445816,0.7847222222222222,0.7847222222222222,0.7847222222222222,0.8197731182789878,864,864,864,1728,584,71,1215,0.703125,1036,0.0,1036,218,818,172,True,LNB-CN,0.026041997130960226
standard,email_univ,email-univ,communication,3,local_bayesian,lnb_aa,0.8617635016200802,0.85977955675583,0.7847222222222222,0.7847222222222222,0.7847222222222222,0.8200343785429772,864,864,864,1728,588,69,1209,0.6996527777777778,1036,0.0,1036,218,818,172,True,LNB-AA,0.026041997130960226
standard,email_univ,email-univ,communication,3,local_bayesian,lnb_ra,0.8621694756795159,0.8597433877743486,0.7847222222222222,0.7847222222222222,0.7847222222222222,0.8201276189358206,864,864,864,1728,588,69,1209,0.6996527777777778,1036,0.0,1036,218,818,172,True,LNB-RA,0.026041997130960226
standard,email_univ,email-univ,communication,4,local_bayesian,lnb_cn,0.8581915925521733,0.857080279063786,0.7893518518518519,0.7893518518518519,0.7893518518518517,0.8227971798073386,864,864,864,1728,607,71,1192,0.6898148148148148,1020,0.0,1020,216,804,156,True,LNB-CN,0.07649705791845918
standard,email_univ,email-univ,communication,4,local_bayesian,lnb_aa,0.8601959185655238,0.857772848079561,0.7893518518518519,0.7893518518518519,0.7893518518518517,0.8233005478756817,864,864,864,1728,610,71,1189,0.6880787037037037,1020,0.0,1020,216,804,156,True,LNB-AA,0.07649705791845918
standard,email_univ,email-univ,communication,4,local_bayesian,lnb_ra,0.8601799805123469,0.8574151770404664,0.7893518518518519,0.7893518518518519,0.7893518518518517,0.8234130126825782,864,864,864,1728,610,71,1189,0.6880787037037037,1020,0.0,1020,216,804,156,True,LNB-RA,0.07649705791845918
standard,email_univ,email-univ,communication,5,local_bayesian,lnb_cn,0.8562003008070884,0.8556330889175032,0.7891077636152954,0.7891077636152954,0.7891077636152953,0.8226478089400451,863,863,863,1726,595,69,1200,0.6952491309385863,1023,0.0,1023,217,806,161,True,LNB-CN,0.025534436106681824
standard,email_univ,email-univ,communication,5,local_bayesian,lnb_aa,0.8577907207717872,0.8563178650024369,0.7891077636152954,0.7891077636152954,0.7891077636152953,0.8229226257386842,863,863,863,1726,597,68,1197,0.6935110081112399,1023,0.0,1023,217,806,161,True,LNB-AA,0.025534436106681824
standard,email_univ,email-univ,communication,5,local_bayesian,lnb_ra,0.8574190387651693,0.8559889039420276,0.7891077636152954,0.7891077636152954,0.7891077636152953,0.822884168968174,863,863,863,1726,597,68,1197,0.6935110081112399,1023,0.0,1023,217,806,161,True,LNB-RA,0.025534436106681824
standard,power_grid,power-grid,infrastructure,1,local_bayesian,lnb_cn,0.6689589482480769,0.6705031900037423,0.6193353474320241,0.6193353474320241,0.6193353474320241,0.678833312850016,331,331,331,662,62,16,616,0.9305135951661632,547,0.0,547,217,330,216,True,LNB-CN,0.032874932046979666
standard,power_grid,power-grid,infrastructure,1,local_bayesian,lnb_aa,0.6702519755875781,0.6707039913837954,0.6193353474320241,0.6193353474320241,0.6193353474320241,0.6792492282901774,331,331,331,662,62,16,616,0.9305135951661632,547,0.0,547,217,330,216,True,LNB-AA,0.032874932046979666
standard,power_grid,power-grid,infrastructure,1,local_bayesian,lnb_ra,0.669988400787538,0.6706583547065106,0.6193353474320241,0.6193353474320241,0.6193353474320241,0.6791773078436185,331,331,331,662,62,16,616,0.9305135951661632,547,0.0,547,217,330,216,True,LNB-RA,0.032874932046979666
standard,power_grid,power-grid,infrastructure,2,local_bayesian,lnb_cn,0.6954021496123883,0.6951196137311635,0.6193353474320241,0.6193353474320241,0.6193353474320241,0.6820840766837785,331,331,331,662,60,21,623,0.9410876132930514,531,0.0,531,201,330,200,True,LNB-CN,0.0475567476823926
standard,power_grid,power-grid,infrastructure,2,local_bayesian,lnb_aa,0.6963050782067761,0.6954299431367001,0.6193353474320241,0.6193353474320241,0.6193353474320241,0.6822715525099865,331,331,331,662,60,21,623,0.9410876132930514,531,0.0,531,201,330,200,True,LNB-AA,0.0475567476823926
standard,power_grid,power-grid,infrastructure,2,local_bayesian,lnb_ra,0.6963050782067763,0.6954299431367001,0.6193353474320241,0.6193353474320241,0.6193353474320241,0.6822715525099865,331,331,331,662,60,21,623,0.9410876132930514,531,0.0,531,201,330,200,True,LNB-RA,0.0475567476823926
standard,power_grid,power-grid,infrastructure,3,local_bayesian,lnb_cn,0.6918429003021146,0.6918429003021148,0.6132930513595166,0.6132930513595166,0.6132930513595166,0.678763519314789,331,331,331,662,62,20,620,0.9365558912386707,535,0.0,535,204,331,204,True,LNB-CN,0.034046730026602745
standard,power_grid,power-grid,infrastructure,3,local_bayesian,lnb_aa,0.6918429003021146,0.6918429003021148,0.6132930513595166,0.6132930513595166,0.6132930513595166,0.678763519314789,331,331,331,662,63,20,619,0.9350453172205438,535,0.0,535,204,331,204,True,LNB-AA,0.034046730026602745
standard,power_grid,power-grid,infrastructure,3,local_bayesian,lnb_ra,0.6918429003021147,0.6918429003021148,0.6132930513595166,0.6132930513595166,0.6132930513595166,0.678763519314789,331,331,331,662,63,20,619,0.9350453172205438,535,0.0,535,204,331,204,True,LNB-RA,0.034046730026602745
standard,power_grid,power-grid,infrastructure,4,local_bayesian,lnb_cn,0.6826535805218561,0.6829346208961219,0.6163141993957704,0.6163141993957704,0.6163141993957704,0.6791730858292286,331,331,331,662,67,16,611,0.9229607250755287,539,0.0,539,209,330,208,True,LNB-CN,0.03353886678814888
standard,power_grid,power-grid,infrastructure,4,local_bayesian,lnb_aa,0.6817536095068515,0.6827612015224396,0.6163141993957704,0.6163141993957704,0.6163141993957704,0.6789223198183915,331,331,331,662,68,16,610,0.9214501510574018,539,0.0,539,209,330,208,True,LNB-AA,0.03353886678814888
standard,power_grid,power-grid,infrastructure,4,local_bayesian,lnb_ra,0.6811485886124119,0.68266992816787,0.6163141993957704,0.6163141993957704,0.6163141993957704,0.6787261961393596,331,331,331,662,68,16,610,0.9214501510574018,539,0.0,539,209,330,208,True,LNB-RA,0.03353886678814888
standard,power_grid,power-grid,infrastructure,5,local_bayesian,lnb_cn,0.6659389645736942,0.6654407713498622,0.5848484848484848,0.5848484848484848,0.5848484848484848,0.6515671908014902,330,330,330,660,55,22,627,0.95,549,0.0,549,220,329,219,True,LNB-CN,0.032617743127048016
standard,power_grid,power-grid,infrastructure,5,local_bayesian,lnb_aa,0.6657971207964202,0.6654040404040403,0.5848484848484848,0.5848484848484848,0.5848484848484848,0.6515358440486648,330,330,330,660,55,22,627,0.95,549,0.0,549,220,329,219,True,LNB-AA,0.032617743127048016
standard,power_grid,power-grid,infrastructure,5,local_bayesian,lnb_ra,0.6659367430289721,0.6654407713498622,0.5848484848484848,0.5848484848484848,0.5848484848484848,0.6515671908014902,330,330,330,660,55,22,627,0.95,549,0.0,549,220,329,219,True,LNB-RA,0.032617743127048016
standard,power_1138_bus,power-1138-bus,infrastructure,1,local_bayesian,lnb_cn,0.6846153846153846,0.6846153846153846,0.5692307692307692,0.5692307692307692,0.5692307692307692,0.667317950401946,65,65,65,130,14,8,124,0.9538461538461539,106,0.0,106,41,65,41,True,LNB-CN,0.008136401418596506
standard,power_1138_bus,power-1138-bus,infrastructure,1,local_bayesian,lnb_aa,0.6846153846153844,0.6846153846153846,0.5692307692307692,0.5692307692307692,0.5692307692307692,0.667317950401946,65,65,65,130,14,8,124,0.9538461538461539,106,0.0,106,41,65,41,True,LNB-AA,0.008136401418596506
standard,power_1138_bus,power-1138-bus,infrastructure,1,local_bayesian,lnb_ra,0.6846153846153844,0.6846153846153846,0.5692307692307692,0.5692307692307692,0.5692307692307692,0.667317950401946,65,65,65,130,14,8,124,0.9538461538461539,106,0.0,106,41,65,41,True,LNB-RA,0.008136401418596506
standard,power_1138_bus,power-1138-bus,infrastructure,2,local_bayesian,lnb_cn,0.6953125,0.6953125,0.65625,0.65625,0.65625,0.7324234713353902,64,64,64,128,19,5,114,0.890625,103,0.0,103,39,64,39,True,LNB-CN,0.008274642284959555
standard,power_1138_bus,power-1138-bus,infrastructure,2,local_bayesian,lnb_aa,0.6953125,0.6953125,0.65625,0.65625,0.65625,0.7324234713353902,64,64,64,128,19,5,114,0.890625,103,0.0,103,39,64,39,True,LNB-AA,0.008274642284959555
standard,power_1138_bus,power-1138-bus,infrastructure,2,local_bayesian,lnb_ra,0.6953125,0.6953125,0.65625,0.65625,0.65625,0.7324234713353902,64,64,64,128,19,5,114,0.890625,103,0.0,103,39,64,39,True,LNB-RA,0.008274642284959555
standard,power_1138_bus,power-1138-bus,infrastructure,3,local_bayesian,lnb_cn,0.7578125,0.7578125,0.6875,0.6875,0.6875,0.7663865887570379,64,64,64,128,22,7,113,0.8828125,95,0.0,95,31,64,31,True,LNB-CN,0.00843430170789361
standard,power_1138_bus,power-1138-bus,infrastructure,3,local_bayesian,lnb_aa,0.7578125,0.7578125,0.6875,0.6875,0.6875,0.7663865887570379,64,64,64,128,22,7,113,0.8828125,95,0.0,95,31,64,31,True,LNB-AA,0.00843430170789361
standard,power_1138_bus,power-1138-bus,infrastructure,3,local_bayesian,lnb_ra,0.7578125,0.7578125,0.6875,0.6875,0.6875,0.7663865887570379,64,64,64,128,22,7,113,0.8828125,95,0.0,95,31,64,31,True,LNB-RA,0.00843430170789361
standard,power_1138_bus,power-1138-bus,infrastructure,4,local_bayesian,lnb_cn,0.7109375,0.7109375,0.671875,0.671875,0.671875,0.7533919800580622,64,64,64,128,19,6,115,0.8984375,101,0.0,101,37,64,37,True,LNB-CN,0.0082651786506176
standard,power_1138_bus,power-1138-bus,infrastructure,4,local_bayesian,lnb_aa,0.7109375,0.7109375,0.671875,0.671875,0.671875,0.7533919800580622,64,64,64,128,19,6,115,0.8984375,101,0.0,101,37,64,37,True,LNB-AA,0.0082651786506176
standard,power_1138_bus,power-1138-bus,infrastructure,4,local_bayesian,lnb_ra,0.7109375,0.7109375,0.671875,0.671875,0.671875,0.7533919800580622,64,64,64,128,19,6,115,0.8984375,101,0.0,101,37,64,37,True,LNB-RA,0.0082651786506176
standard,power_1138_bus,power-1138-bus,infrastructure,5,local_bayesian,lnb_cn,0.6640625,0.6640625,0.59375,0.59375,0.59375,0.6853416786544688,64,64,64,128,17,6,117,0.9140625,107,0.0,107,43,64,43,True,LNB-CN,0.007845296058803797
standard,power_1138_bus,power-1138-bus,infrastructure,5,local_bayesian,lnb_aa,0.6640625,0.6640625,0.59375,0.59375,0.59375,0.6853416786544688,64,64,64,128,17,6,117,0.9140625,107,0.0,107,43,64,43,True,LNB-AA,0.007845296058803797
standard,power_1138_bus,power-1138-bus,infrastructure,5,local_bayesian,lnb_ra,0.6640625,0.6640625,0.59375,0.59375,0.59375,0.6853416786544688,64,64,64,128,17,6,117,0.9140625,107,0.0,107,43,64,43,True,LNB-RA,0.007845296058803797
