benchmark,negative_ratio,is_primary_ratio,family,method_id,method,network_count,average_precision_mean,average_precision_sd_across_networks,roc_auc_mean,roc_auc_sd_across_networks,precision_mean,precision_sd_across_networks,recall_mean,recall_sd_across_networks,f1_mean,f1_sd_across_networks,ndcg_mean,ndcg_sd_across_networks,average_precision_rank
standard,1,True,local_similarity,aa,AA,8,0.8795692126440822,0.12204573979900357,0.8801064104180272,0.12264769212805131,0.826650492022502,0.1364285251498923,0.826650492022502,0.1364285251498923,0.826650492022502,0.1364285251498923,0.8558924143728643,0.10804030941987593,13
standard,1,True,enhanced_local,car_aa,CAR-AA,8,0.7720426864378358,0.18248709873899435,0.7725540720131416,0.18304227213058422,0.7288463979781648,0.17433317871876924,0.7288463979781648,0.17433317871876924,0.7288463979781648,0.17433317871876924,0.7552458087591924,0.16258737233270684,26
standard,1,True,enhanced_local,car_cn,CAR-CN,8,0.7713102560443368,0.18189605229005484,0.7722344668193779,0.18273313561132806,0.7283616483634632,0.17371090211822893,0.7283616483634632,0.17371090211822893,0.7283616483634632,0.17371090211822893,0.7547599503369302,0.16201256867862318,27
standard,1,True,enhanced_local,car_ra,CAR-RA,8,0.7733582436887168,0.1837374609039962,0.7733965371801363,0.1838978769653807,0.7301545516225171,0.1756654636015248,0.7301545516225171,0.1756654636015248,0.7301545516225172,0.1756654636015248,0.7565374073729629,0.16384782357854671,25
standard,1,True,local_similarity,cn,CN,8,0.875463538579159,0.12064218558193038,0.8786308676691006,0.12188902846660808,0.8246362410934776,0.1350834911410567,0.8246362410934776,0.1350834911410567,0.8246362410934776,0.1350834911410567,0.8539597819498991,0.10691361747903955,16
standard,1,True,quasi_local_path,fl,FL-l3,8,0.9180400687375068,0.08177679508920326,0.9192188442664329,0.08195886763053557,0.8670147718758956,0.10324537788203633,0.8670147718758956,0.10324537788203633,0.8670147718758956,0.10324537788203633,0.890152345810393,0.08038566206360961,2
standard,1,True,enhanced_local,fsw,FSW,8,0.8780699499571991,0.12194335393358034,0.8787346981497834,0.12218613375263467,0.8246348231817824,0.1351943237865969,0.8246348231817824,0.1351943237865969,0.8246348231817824,0.1351943237865969,0.8540571112654274,0.10710241733555906,15
standard,1,True,local_similarity,hdi,HDI,8,0.872905669965728,0.11962936090070697,0.8752719402141598,0.12020376614708515,0.8180557743073262,0.13064427407331528,0.8180557743073262,0.13064427407331528,0.8180557743073262,0.13064427407331525,0.8475297435527961,0.10311741346922225,20
standard,1,True,local_similarity,hpi,HPI,8,0.855135941811096,0.11347598365784649,0.8711864104609155,0.1182291695030635,0.81839310790484,0.13134515335232697,0.81839310790484,0.13134515335232697,0.81839310790484,0.13134515335232697,0.8426186729018825,0.102675167011934,21
standard,1,True,enhanced_local,ia1,IA1,8,0.8809871269536101,0.12299794662202974,0.8810781320838458,0.12332641393127218,0.8281541768289735,0.13735921254660435,0.8281541768289735,0.13735921254660435,0.8281541768289735,0.13735921254660433,0.8573782454943324,0.10888610516121115,8
standard,1,True,enhanced_local,ia2,IA2,8,0.8800182466467095,0.12301488151690647,0.8805316502066398,0.12319914832736076,0.8278154720622748,0.1371938210583362,0.8278154720622748,0.1371938210583362,0.8278154720622748,0.1371938210583362,0.8569234965232233,0.10882555780238377,12
standard,1,True,local_similarity,ja,JA,8,0.8745314010113481,0.12056737949966975,0.8767233751707508,0.12111227908927662,0.8205258413814369,0.13194058640989742,0.8205258413814369,0.13194058640989742,0.8205258413814369,0.13194058640989742,0.8497739307433126,0.10417695969672022,18
standard,1,True,enhanced_local,lit,LIT-i2,8,0.8420465096694253,0.16065434274368257,0.8423867431909273,0.16098594442846542,0.7875715328790895,0.15890793020441382,0.7875715328790895,0.15890793020441382,0.7875715328790895,0.15890793020441382,0.8183469235653114,0.1332552306622287,22
standard,1,True,local_similarity,llhn,LLHN,8,0.8318021553302007,0.10646913968661557,0.8571296699723904,0.11135514688650794,0.8032162816870414,0.1255784887152194,0.8032162816870414,0.1255784887152194,0.8032162816870414,0.12557848871521943,0.8265164393212572,0.09942897921218302,23
standard,1,True,local_bayesian,lnb_aa,LNB-AA,8,0.880047682076669,0.12229719739174422,0.8804104326125921,0.12284987528267421,0.8270354694898332,0.13663677772280874,0.8270354694898332,0.13663677772280874,0.8270354694898332,0.13663677772280874,0.8562778781031803,0.10822075386679844,11
standard,1,True,local_bayesian,lnb_cn,LNB-CN,8,0.8789578534190761,0.12174568609312107,0.8796119092958774,0.12237303276585687,0.8258463828491072,0.13579329616563424,0.8258463828491072,0.13579329616563424,0.8258463828491072,0.13579329616563424,0.855118619572296,0.10748777128266453,14
standard,1,True,local_bayesian,lnb_ra,LNB-RA,8,0.8808589549742831,0.12301508485773789,0.8810506167026539,0.12336259750462848,0.8281342194318185,0.1373979387092495,0.8281342194318185,0.1373979387092495,0.8281342194318185,0.1373979387092495,0.857312469791356,0.10893330432181549,10
standard,1,True,quasi_local_path,lpi,LPI-beta-0.001,8,0.9180014231522624,0.08175590942330885,0.9192026666445591,0.0819491604660309,0.8670158003438897,0.1032455400539216,0.8670158003438897,0.1032455400539216,0.8670158003438897,0.1032455400539216,0.8901486451808709,0.08038458751238603,3
standard,1,True,quasi_local_walk,lrw,LRW-l3,8,0.8847370993273568,0.11854163569129264,0.8862777854311675,0.11704307648836809,0.8291708891563425,0.1286779258779216,0.8291708891563425,0.1286779258779216,0.8291708891563425,0.1286779258779216,0.8566941295253458,0.10236258643225038,7
standard,1,True,quasi_local_path,ora_cni,ORA-CNI-beta-0.001,8,0.9123320077152134,0.0796842456051415,0.9143843399397288,0.08015964947710645,0.8596712220990428,0.10078597676115407,0.8596712220990428,0.10078597676115407,0.8596712220990428,0.10078597676115407,0.8831520444149341,0.07885292652078121,4
standard,1,True,degree_based,pa,PA,8,0.7908033208281221,0.0875373128345591,0.7901835945478217,0.08557994502644792,0.7173807382109335,0.06894284477337954,0.7173807382109335,0.06894284477337954,0.7173807382109335,0.06894284477337953,0.7431084236699189,0.06303848149431014,24
standard,1,True,quasi_local_walk,pfp,PFP-l3,8,0.9085633375784766,0.07938369572537174,0.9138578040347058,0.08022344623616287,0.861193039359571,0.10215925771191256,0.861193039359571,0.10215925771191256,0.861193039359571,0.10215925771191255,0.8831935409531906,0.08026865388185886,6
standard,1,True,local_similarity,ra,RA,8,0.8808779623682608,0.12310433798585549,0.8811485087983153,0.1234285145858912,0.8282749755413139,0.13746826170179863,0.8282749755413139,0.13746826170179863,0.8282749755413139,0.13746826170179863,0.8574256509065441,0.10899670475328292,9
standard,1,True,enhanced_local,ra_cni,RA-CNI,8,0.908618820458664,0.08557674828703284,0.910583826271588,0.08627419464330525,0.8554944914776157,0.10665753610049664,0.8554944914776157,0.10665753610049664,0.8554944914776157,0.10665753610049664,0.8797447218895789,0.08321431794602777,5
standard,1,True,local_similarity,sa,SA,8,0.8745406044042155,0.1208240335875752,0.8770554248404815,0.12145329318543552,0.8219125814024677,0.1331046470239665,0.8219125814024677,0.1331046470239665,0.8219125814024677,0.1331046470239665,0.8509025257489243,0.10519535200287382,17
standard,1,True,local_similarity,so,SO,8,0.8745314010113481,0.12056737949966975,0.8767233751707508,0.12111227908927662,0.8205258413814369,0.13194058640989742,0.8205258413814369,0.13194058640989742,0.8205258413814369,0.13194058640989742,0.8497739307433126,0.10417695969672022,18
standard,1,True,quasi_local_walk,srw,SRW-l3,8,0.9220421872498584,0.08349936810664456,0.9222991501679797,0.08360755785513355,0.8721053132555734,0.105039567062639,0.8721053132555734,0.105039567062639,0.8721053132555734,0.105039567062639,0.8948085647439017,0.08175266129183625,1
standard,5,False,local_similarity,aa,AA,8,0.7692973470193298,0.1911875465103882,0.8800915184884008,0.12257830051047514,0.7348760911651114,0.19454782501823406,0.7348760911651114,0.19454782501823406,0.7348760911651114,0.194547825018234,0.7760616700173008,0.15452755955881334,12
standard,5,False,enhanced_local,car_aa,CAR-AA,8,0.5971368357035256,0.28331003172416847,0.7725321631395534,0.1830220122168957,0.5671934538022076,0.26676670533963,0.5671934538022076,0.26676670533963,0.5671934538022076,0.26676670533963,0.6079009271282805,0.2495167815933565,25
standard,5,False,enhanced_local,car_cn,CAR-CN,8,0.5947773977340354,0.2815599694191747,0.7722272176647683,0.1827127477370992,0.5657107884368797,0.26529415221343733,0.5657107884368797,0.26529415221343733,0.5657107884368797,0.26529415221343733,0.6064284547490173,0.24814206457806143,26
standard,5,False,enhanced_local,car_ra,CAR-RA,8,0.6019705281078266,0.28771773149795654,0.7733629758960101,0.18388082625242652,0.5713070939887083,0.2706936755147822,0.5713070939887083,0.2706936755147822,0.5713070939887084,0.2706936755147822,0.6119901611333619,0.25322339798036847,24
standard,5,False,local_similarity,cn,CN,8,0.7562870268047462,0.18965510127126614,0.878655261222918,0.1218302832969751,0.7298284534823982,0.19321539545889393,0.7298284534823982,0.19321539545889393,0.7298284534823982,0.1932153954588939,0.7709292236390035,0.1539619691123444,16
standard,5,False,quasi_local_path,fl,FL-l3,8,0.8227204625888094,0.13085146032180803,0.9193924583673121,0.08150632980502517,0.7793125459992634,0.13652696010952045,0.7793125459992634,0.13652696010952045,0.7793125459992634,0.13652696010952045,0.8130534843409996,0.11024762458010935,2
standard,5,False,enhanced_local,fsw,FSW,8,0.7643455309993143,0.19231914371381126,0.8787832752589981,0.12212353135495486,0.7304732420539823,0.1936289469395788,0.7304732420539823,0.1936289469395788,0.7304732420539823,0.1936289469395788,0.7717488318848149,0.15428293703423862,15
standard,5,False,local_similarity,hdi,HDI,8,0.7475739712605921,0.18849006278011377,0.8753981584986316,0.12013562301290237,0.7176474135107219,0.18986624669442959,0.7176474135107219,0.18986624669442959,0.7176474135107219,0.18986624669442956,0.758038608623378,0.1520643238295786,20
standard,5,False,local_similarity,hpi,HPI,8,0.6919011291991958,0.18761107895701085,0.8712364585254677,0.11818264050961402,0.7048056992614212,0.19153941945583508,0.7048056992614212,0.19153941945583508,0.7048056992614212,0.19153941945583508,0.7313548449268071,0.1591367703512973,22
standard,5,False,enhanced_local,ia1,IA1,8,0.7739193749408779,0.19341833032131758,0.8810126371363802,0.123253116708115,0.7390683389433375,0.19581088139005126,0.7390683389433375,0.19581088139005126,0.7390683389433375,0.19581088139005126,0.7801865269484535,0.15536653153454869,7
standard,5,False,enhanced_local,ia2,IA2,8,0.7699252157555605,0.19412353938485463,0.8804258085514883,0.12311624706506989,0.7381077307592285,0.19569181206052857,0.7381077307592285,0.19569181206052857,0.7381077307592285,0.19569181206052855,0.7787080390527121,0.15543689389445473,11
standard,5,False,local_similarity,ja,JA,8,0.7522233100470592,0.189877195758697,0.8768417333355626,0.12104872823703065,0.7230572102607846,0.19048932934869034,0.7230572102607846,0.19048932934869034,0.7230572102607846,0.1904893293486903,0.7627950907129798,0.1519262473887604,17
standard,5,False,enhanced_local,lit,LIT-i2,8,0.7067289141729889,0.25167914879617653,0.8424598895941626,0.16098450507247702,0.6751928328335359,0.24031978970991594,0.6751928328335359,0.24031978970991594,0.6751928328335359,0.24031978970991594,0.7178651706172181,0.2034454324795233,21
standard,5,False,local_similarity,llhn,LLHN,8,0.6302299837227818,0.18718289025525814,0.8570882575794228,0.11135738490535974,0.6567344760436098,0.19639840401492625,0.6567344760436098,0.19639840401492625,0.6567344760436098,0.19639840401492623,0.6814001703911052,0.17459291059935497,23
standard,5,False,local_bayesian,lnb_aa,LNB-AA,8,0.7708127823690252,0.1915870197612684,0.8803768564405208,0.12278824504551067,0.7362286669628118,0.194718575212756,0.7362286669628118,0.194718575212756,0.7362286669628118,0.194718575212756,0.7773400599525142,0.1545676491041758,10
standard,5,False,local_bayesian,lnb_cn,LNB-CN,8,0.7672407956335334,0.190188614095783,0.8796175016600529,0.1223071487538254,0.7328100111466401,0.19353614052182966,0.7328100111466401,0.19353614052182966,0.7328100111466402,0.19353614052182963,0.7740306113001914,0.15371929155296438,13
standard,5,False,local_bayesian,lnb_ra,LNB-RA,8,0.7729851147072466,0.19402964395251993,0.8809424622251217,0.12329843768370898,0.7392657408666379,0.19605070497167978,0.7392657408666379,0.19605070497167978,0.7392657408666379,0.19605070497167978,0.779912333926596,0.15574771210375676,9
standard,5,False,quasi_local_path,lpi,LPI-beta-0.001,8,0.8225520170403995,0.13080850486580015,0.9193757712878793,0.08149637013405277,0.7791983850364427,0.13655855242929632,0.7791983850364427,0.13655855242929632,0.7791983850364427,0.13655855242929632,0.8129319025879659,0.11030244040187982,3
standard,5,False,quasi_local_walk,lrw,LRW-l3,8,0.7671948345114517,0.1814334859175578,0.8866913656961565,0.11594236974665234,0.725763656356244,0.18129278438743945,0.725763656356244,0.18129278438743945,0.725763656356244,0.18129278438743945,0.7658901765498444,0.1455453533919862,14
standard,5,False,quasi_local_path,ora_cni,ORA-CNI-beta-0.001,8,0.8036708505852637,0.1333808294522684,0.9146302588261672,0.0796579777739581,0.7622714639390065,0.1378413382017077,0.7622714639390065,0.1378413382017077,0.7622714639390065,0.13784133820170766,0.7962082117843491,0.1153577730887794,4
standard,5,False,degree_based,pa,PA,8,0.5079505669618952,0.13524090179783474,0.7912982337979086,0.08275558119626596,0.48544823284385563,0.10301331842568917,0.48544823284385563,0.10301331842568917,0.4854482328438556,0.10301331842568918,0.51902532444073,0.102818862520684,27
standard,5,False,quasi_local_walk,pfp,PFP-l3,8,0.789280376068846,0.13314802656770922,0.9143975508216069,0.07954391670488158,0.7621734064196809,0.13946951706217467,0.7621734064196809,0.13946951706217467,0.7621734064196809,0.13946951706217467,0.7917488776876143,0.11844684037570467,6
standard,5,False,local_similarity,ra,RA,8,0.7732300137375816,0.19427974486887975,0.8810652980879795,0.1233600663234004,0.7395739907872523,0.19619170722571885,0.7395739907872523,0.19619170722571885,0.7395739907872523,0.19619170722571883,0.7803129353183835,0.15581550509696282,8
standard,5,False,enhanced_local,ra_cni,RA-CNI,8,0.7977185097630769,0.14080037110618757,0.910826099342333,0.08578213658859632,0.7557200605180316,0.14548670717360793,0.7557200605180316,0.14548670717360793,0.7557200605180316,0.14548670717360793,0.7909412386640786,0.1201429034587106,5
standard,5,False,local_similarity,sa,SA,8,0.7513271218708895,0.19075803560698662,0.8771548419636985,0.12139359050800555,0.7239894269521168,0.19104897504199045,0.7239894269521168,0.19104897504199045,0.7239894269521168,0.19104897504199045,0.7630365311384384,0.1523794855946592,19
standard,5,False,local_similarity,so,SO,8,0.7522233100470592,0.189877195758697,0.8768417333355626,0.12104872823703065,0.7230572102607846,0.19048932934869034,0.7230572102607846,0.19048932934869034,0.7230572102607846,0.1904893293486903,0.7627950907129798,0.1519262473887604,17
standard,5,False,quasi_local_walk,srw,SRW-l3,8,0.835491631070201,0.1319081623552675,0.9225433701671014,0.08290364058449232,0.7914133180868821,0.13786382311118206,0.7914133180868821,0.13786382311118206,0.791413318086882,0.1378638231111821,0.8244543022706736,0.11023045838747314,1
standard,10,False,local_similarity,aa,AA,8,0.7175796325785618,0.20634662765435594,0.8798740775650484,0.12279584046970987,0.6943153385915531,0.20158127517433155,0.6943153385915531,0.20158127517433155,0.6943153385915531,0.20158127517433155,0.7379631452033272,0.16339513900332361,11
standard,10,False,enhanced_local,car_aa,CAR-AA,8,0.5381377974020505,0.2911132291300231,0.7725068862348938,0.18297699486307334,0.5145144356273795,0.2782064583425899,0.5145144356273795,0.2782064583425899,0.5145144356273795,0.2782064583425899,0.5596595878797666,0.25944662657146245,24
standard,10,False,enhanced_local,car_cn,CAR-CN,8,0.5344324659255906,0.2889092598845937,0.7721985268227698,0.1826666103775186,0.5125361321488472,0.2765243013562571,0.5125361321488472,0.2765243013562571,0.5125361321488472,0.2765243013562571,0.5576201291548485,0.2578492250582447,25
standard,10,False,enhanced_local,car_ra,CAR-RA,8,0.5458576352998359,0.2974349292121939,0.7733363964160176,0.1838348995740586,0.5209533510043236,0.28369301480137776,0.5209533510043236,0.28369301480137776,0.5209533510043236,0.28369301480137776,0.5660836073182776,0.2645856168557877,23
standard,10,False,local_similarity,cn,CN,8,0.6987210396904137,0.20595700103031783,0.8784358950432285,0.12202133082909893,0.6858343859559467,0.20147695338284866,0.6858343859559467,0.20147695338284866,0.6858343859559467,0.20147695338284866,0.7295144076218628,0.1643485089326855,16
standard,10,False,quasi_local_path,fl,FL-l3,8,0.7665648341577191,0.15137800142150318,0.9191605653383772,0.08167166607106911,0.7380780716003295,0.1466249848681879,0.7380780716003295,0.1466249848681879,0.7380780716003295,0.14662498486818784,0.7736363642589792,0.12426867040928463,2
standard,10,False,enhanced_local,fsw,FSW,8,0.7111168942910326,0.20858391177333827,0.8785815603785937,0.12235952533331987,0.6865384948295624,0.20221459037807624,0.6865384948295624,0.20221459037807624,0.6865384948295624,0.20221459037807624,0.7303123195563938,0.16528979979825228,14
standard,10,False,local_similarity,hdi,HDI,8,0.685210700729885,0.20760231632713408,0.875203505525932,0.12038410533432303,0.6718949749994199,0.20054993207330635,0.6718949749994199,0.20054993207330635,0.6718949749994199,0.20054993207330638,0.7128978259982501,0.16668769055486074,20
standard,10,False,local_similarity,hpi,HPI,8,0.6093633693743117,0.21605204446886928,0.8710512722512597,0.11837449041165547,0.6447495775731601,0.21037777071498492,0.6447495775731601,0.21037777071498492,0.6447495775731601,0.21037777071498492,0.6691878395645623,0.18880764487378346,22
standard,10,False,enhanced_local,ia1,IA1,8,0.7250500836692673,0.2082116469647019,0.8808062946284629,0.12346913594496813,0.7002948159328852,0.20251013730190387,0.7002948159328852,0.20251013730190387,0.7002948159328852,0.20251013730190387,0.7440299351935924,0.1634869698848891,6
standard,10,False,enhanced_local,ia2,IA2,8,0.7182742129683751,0.21067676287606088,0.8802079818522781,0.1233359314558842,0.6971372015261841,0.20311542552727654,0.6971372015261841,0.20311542552727654,0.6971372015261841,0.20311542552727654,0.7401661518590014,0.16481967536997297,10
standard,10,False,local_similarity,ja,JA,8,0.6915563380478045,0.20782566479162867,0.876650219245417,0.12128321940338399,0.6784567906826451,0.20045559266508317,0.6784567906826451,0.20045559266508317,0.6784567906826451,0.20045559266508317,0.7188960372164177,0.16549728627524288,17
standard,10,False,enhanced_local,lit,LIT-i2,8,0.6516763660555283,0.26462620292163236,0.8423655507394056,0.16104668638622482,0.6266059379032903,0.25157924676123333,0.6266059379032903,0.25157924676123333,0.6266059379032903,0.25157924676123333,0.6729567678466049,0.21405343785525843,21
standard,10,False,local_similarity,llhn,LLHN,8,0.5331482282140381,0.22425001129296454,0.8569150864405135,0.11160837013147742,0.5733088865955089,0.22337238769119652,0.5733088865955089,0.22337238769119652,0.5733088865955089,0.22337238769119652,0.5957257624699644,0.21538969917164605,26
standard,10,False,local_bayesian,lnb_aa,LNB-AA,8,0.7201529741473716,0.2057767176993708,0.8801642683900586,0.12298976957330507,0.6959029453507485,0.20148048114848166,0.6959029453507485,0.20148048114848166,0.6959029453507485,0.20148048114848166,0.7396363432539632,0.1629177576347381,9
standard,10,False,local_bayesian,lnb_cn,LNB-CN,8,0.7146222497435755,0.2038950858187166,0.8793978941852779,0.12249519107915437,0.6907804643701687,0.20059996996426738,0.6907804643701687,0.20059996996426738,0.6907804643701687,0.20059996996426738,0.7346294990599023,0.162587214608958,12
standard,10,False,local_bayesian,lnb_ra,LNB-RA,8,0.7234720991457815,0.2098628532515504,0.8807248818406729,0.12350465650888252,0.7000910258058133,0.20346191816676623,0.7000910258058133,0.20346191816676623,0.7000910258058133,0.20346191816676623,0.7432345332086225,0.1648065433658625,8
standard,10,False,quasi_local_path,lpi,LPI-beta-0.001,8,0.7662688505014703,0.15135772392270763,0.9191435645368239,0.08166151062975073,0.7378680388960268,0.1467357420845045,0.7378680388960268,0.1467357420845045,0.7378680388960268,0.14673574208450446,0.7734133887857104,0.1244247777065676,3
standard,10,False,quasi_local_walk,lrw,LRW-l3,8,0.7062475474334569,0.1985749202576229,0.8865472046407541,0.11600658049196891,0.6805006495720323,0.1828967660589986,0.6805006495720323,0.1828967660589986,0.6805006495720323,0.1828967660589986,0.7223296137247253,0.15180697565258497,15
standard,10,False,quasi_local_path,ora_cni,ORA-CNI-beta-0.001,8,0.738847178153119,0.16269893619191747,0.9143854911029753,0.07985325069069074,0.7120342006073148,0.15155618870302298,0.7120342006073148,0.15155618870302298,0.7120342006073148,0.15155618870302298,0.7479291085325926,0.13504988147683203,4
standard,10,False,degree_based,pa,PA,8,0.380611074964967,0.13485769730347028,0.791936395695197,0.08134218622322227,0.39171408836300015,0.10590366489091221,0.39171408836300015,0.10590366489091221,0.39171408836300015,0.10590366489091221,0.42322918749263405,0.11210839545413978,27
standard,10,False,quasi_local_walk,pfp,PFP-l3,8,0.7142547914202547,0.16673931305918008,0.9141804850996839,0.07976486739980322,0.7101534245090738,0.15462633236078935,0.7101534245090738,0.15462633236078935,0.7101534245090738,0.15462633236078938,0.7390481433770922,0.14189558116143644,13
standard,10,False,local_similarity,ra,RA,8,0.7237860207508429,0.21022236695416258,0.8808509558421214,0.12357109917285487,0.7009180603517229,0.20343881058570698,0.7009180603517229,0.20343881058570698,0.7009180603517229,0.20343881058570698,0.7440507675418472,0.16468340367102835,7
standard,10,False,enhanced_local,ra_cni,RA-CNI,8,0.7326484818608445,0.16863052837508696,0.9106025349074212,0.08595759854433567,0.7052557533339185,0.15718590573834626,0.7052557533339185,0.15718590573834626,0.7052557533339185,0.15718590573834626,0.7425380880525021,0.1380149915390313,5
standard,10,False,local_similarity,sa,SA,8,0.6902001008527128,0.20867691162437868,0.8769742818553687,0.12160210261140049,0.6785254003346943,0.20077973147842823,0.6785254003346943,0.20077973147842823,0.6785254003346943,0.20077973147842823,0.7184096123044189,0.16571015458809163,19
standard,10,False,local_similarity,so,SO,8,0.6915563380478045,0.20782566479162867,0.876650219245417,0.12128321940338399,0.6784567906826451,0.20045559266508317,0.6784567906826451,0.20045559266508317,0.6784567906826451,0.20045559266508317,0.7188960372164177,0.16549728627524288,17
standard,10,False,quasi_local_walk,srw,SRW-l3,8,0.7854186871693661,0.15170501810222442,0.922321255858259,0.08311676268451113,0.7518852649361861,0.1461222989453528,0.7518852649361861,0.1461222989453528,0.7518852649361861,0.1461222989453528,0.7870489037224428,0.12241356995316006,1
