network,fold_id,source,target,label,score_common_neighbors,score_adamic_adar,score_resource_allocation,score_ra_cni,score_preferential_attachment,score_jaccard,score_salton,score_sorensen,score_hub_promoted,score_hub_depressed,score_local_leicht_holme_newman,score_individual_attraction_2,score_lnb_resource_allocation,score_car_resource_allocation,score_functional_similarity_weight,score_local_path_beta_0_001,score_lrw_l3,score_srw_l3,score_propflow_l3
power-grid,5,2872,3253,0,0.0,0.0,0.0,0.0,6.0,0.0,0.0,0.0,0.0,0.0,0.0,0.0,0.0,0.0,0.0,0.0,0.0,0.0,0.0
power-grid,5,1484,1485,1,0.0,0.0,0.0,0.0,4.0,0.0,0.0,0.0,0.0,0.0,0.0,0.0,0.0,0.0,0.0,0.0,0.0,0.0,0.0
power-grid,5,569,570,1,0.0,0.0,0.0,0.0,12.0,0.0,0.0,0.0,0.0,0.0,0.0,0.0,0.0,0.0,0.0,0.0,0.0,0.0,0.0
power-grid,5,4172,4194,1,0.0,0.0,0.0,0.08333333333333334,10.0,0.0,0.0,0.0,0.0,0.0,0.0,0.0,0.0,0.0,0.0,0.001,6.651766709237974e-06,6.651766709237974e-06,0.008333333333333333
power-grid,5,2760,3041,1,2.0,0.9947966893327386,0.26785714285714285,0.5119047619047619,35.0,0.2,0.3380617018914066,0.3333333333333333,0.4,0.2857142857142857,0.05714285714285714,0.4017857142857143,1.679574150739078,0.26785714285714285,0.1111111111111111,2.004,1.484769354740619e-05,5.7609050963936024e-05,0.055102040816326525
power-grid,5,2998,3230,1,1.0,0.48089834696298783,0.125,0.2,2.0,0.5,0.7071067811865475,0.6666666666666666,1.0,0.5,0.5,0.25,0.7652445608925007,0.0,0.3200026755277598,1.001,3.991060025542785e-06,2.3946360153256706e-05,0.1625
power-grid,5,749,805,1,0.0,0.0,0.0,0.0,2.0,0.0,0.0,0.0,0.0,0.0,0.0,0.0,0.0,0.0,0.0,0.0,0.0,0.0,0.0
power-grid,5,1340,1540,1,0.0,0.0,0.0,0.0,6.0,0.0,0.0,0.0,0.0,0.0,0.0,0.0,0.0,0.0,0.0,0.0,0.0,0.0,0.0
power-grid,5,2617,2885,1,0.0,0.0,0.0,0.0,16.0,0.0,0.0,0.0,0.0,0.0,0.0,0.0,0.0,0.0,0.0,0.0,0.0,0.0,0.0
power-grid,5,2210,2498,0,0.0,0.0,0.0,0.0,8.0,0.0,0.0,0.0,0.0,0.0,0.0,0.0,0.0,0.0,0.0,0.0,0.0,0.0,0.0
power-grid,5,711,833,0,0.0,0.0,0.0,0.0,6.0,0.0,0.0,0.0,0.0,0.0,0.0,0.0,0.0,0.0,0.0,0.0,0.0,0.0,0.0
power-grid,5,2082,4483,0,0.0,0.0,0.0,0.0,9.0,0.0,0.0,0.0,0.0,0.0,0.0,0.0,0.0,0.0,0.0,0.0,0.0,0.0,0.0
power-grid,5,4371,4380,1,1.0,0.43429448190325176,0.1,0.31666666666666665,8.0,0.2,0.35355339059327373,0.3333333333333333,0.5,0.25,0.125,0.2,0.60899340465716,0.0,0.1111111111111111,1.002,6.651766709237975e-06,2.261600681140911e-05,0.035416666666666666
power-grid,5,1450,2332,0,0.0,0.0,0.0,0.0,12.0,0.0,0.0,0.0,0.0,0.0,0.0,0.0,0.0,0.0,0.0,0.0,0.0,0.0,0.0
power-grid,5,4064,4268,0,0.0,0.0,0.0,0.0,2.0,0.0,0.0,0.0,0.0,0.0,0.0,0.0,0.0,0.0,0.0,0.0,0.0,0.0,0.0
power-grid,5,1419,1454,1,0.0,0.0,0.0,0.0,12.0,0.0,0.0,0.0,0.0,0.0,0.0,0.0,0.0,0.0,0.0,0.0,0.0,0.0,0.0
power-grid,5,1494,1537,1,0.0,0.0,0.0,0.0,2.0,0.0,0.0,0.0,0.0,0.0,0.0,0.0,0.0,0.0,0.0,0.0,0.0,0.0,0.0
power-grid,5,2092,3092,0,0.0,0.0,0.0,0.0,4.0,0.0,0.0,0.0,0.0,0.0,0.0,0.0,0.0,0.0,0.0,0.0,0.0,0.0,0.0
power-grid,5,455,459,1,0.0,0.0,0.0,0.0,4.0,0.0,0.0,0.0,0.0,0.0,0.0,0.0,0.0,0.0,0.0,0.0,0.0,0.0,0.0
power-grid,5,1624,3439,0,0.0,0.0,0.0,0.0,2.0,0.0,0.0,0.0,0.0,0.0,0.0,0.0,0.0,0.0,0.0,0.0,0.0,0.0,0.0
power-grid,5,1973,3530,0,0.0,0.0,0.0,0.0,4.0,0.0,0.0,0.0,0.0,0.0,0.0,0.0,0.0,0.0,0.0,0.0,0.0,0.0,0.0
power-grid,5,2379,4698,0,0.0,0.0,0.0,0.0,2.0,0.0,0.0,0.0,0.0,0.0,0.0,0.0,0.0,0.0,0.0,0.0,0.0,0.0,0.0
power-grid,5,4644,4652,1,0.0,0.0,0.0,0.0,10.0,0.0,0.0,0.0,0.0,0.0,0.0,0.0,0.0,0.0,0.0,0.0,0.0,0.0,0.0
power-grid,5,548,549,1,0.0,0.0,0.0,0.0,6.0,0.0,0.0,0.0,0.0,0.0,0.0,0.0,0.0,0.0,0.0,0.0,0.0,0.0,0.0
power-grid,5,1286,2255,0,0.0,0.0,0.0,0.0,6.0,0.0,0.0,0.0,0.0,0.0,0.0,0.0,0.0,0.0,0.0,0.0,0.0,0.0,0.0
power-grid,5,4365,4368,1,2.0,0.8340427950033699,0.18253968253968253,0.8452380952380953,18.0,0.2857142857142857,0.47140452079103173,0.4444444444444444,0.6666666666666666,0.3333333333333333,0.1111111111111111,0.2738095238095238,1.1318916611327716,0.18253968253968253,0.19753086419753085,2.005,1.8793880543561258e-05,4.793495374593714e-05,0.10956790123456789
power-grid,5,1111,4099,0,0.0,0.0,0.0,0.0,8.0,0.0,0.0,0.0,0.0,0.0,0.0,0.0,0.0,0.0,0.0,0.0,0.0,0.0,0.0
power-grid,5,984,1050,1,0.0,0.0,0.0,0.0,18.0,0.0,0.0,0.0,0.0,0.0,0.0,0.0,0.0,0.0,0.0,0.001,9.977650063856961e-06,9.977650063856961e-06,0.03125
power-grid,5,2608,3002,0,0.0,0.0,0.0,0.0,20.0,0.0,0.0,0.0,0.0,0.0,0.0,0.0,0.0,0.0,0.0,0.0,0.0,0.0,0.0
power-grid,5,4380,4416,1,1.0,0.43429448190325176,0.1,0.7166666666666666,8.0,0.2,0.35355339059327373,0.3333333333333333,0.5,0.25,0.125,0.2,0.60899340465716,0.0,0.1111111111111111,1.003,1.4633886760323542e-05,3.059812686249468e-05,0.11024305555555555
power-grid,5,1228,1231,1,0.0,0.0,0.0,0.0,2.0,0.0,0.0,0.0,0.0,0.0,0.0,0.0,0.0,0.0,0.0,0.0,0.0,0.0,0.0
power-grid,5,446,868,0,0.0,0.0,0.0,0.0,2.0,0.0,0.0,0.0,0.0,0.0,0.0,0.0,0.0,0.0,0.0,0.0,0.0,0.0,0.0
power-grid,5,2486,2743,1,0.0,0.0,0.0,0.0,6.0,0.0,0.0,0.0,0.0,0.0,0.0,0.0,0.0,0.0,0.0,0.0,0.0,0.0,0.0
power-grid,5,1104,1556,1,0.0,0.0,0.0,0.0,5.0,0.0,0.0,0.0,0.0,0.0,0.0,0.0,0.0,0.0,0.0,0.0,0.0,0.0,0.0
power-grid,5,3772,4867,0,0.0,0.0,0.0,0.0,6.0,0.0,0.0,0.0,0.0,0.0,0.0,0.0,0.0,0.0,0.0,0.0,0.0,0.0,0.0
power-grid,5,3512,3560,1,0.0,0.0,0.0,0.0,2.0,0.0,0.0,0.0,0.0,0.0,0.0,0.0,0.0,0.0,0.0,0.0,0.0,0.0,0.0
power-grid,5,2035,4879,0,0.0,0.0,0.0,0.0,6.0,0.0,0.0,0.0,0.0,0.0,0.0,0.0,0.0,0.0,0.0,0.0,0.0,0.0,0.0
power-grid,5,1378,1400,1,0.0,0.0,0.0,0.0,12.0,0.0,0.0,0.0,0.0,0.0,0.0,0.0,0.0,0.0,0.0,0.0,0.0,0.0,0.0
power-grid,5,4828,4897,1,0.0,0.0,0.0,0.1333333333333333,4.0,0.0,0.0,0.0,0.0,0.0,0.0,0.0,0.0,0.0,0.0,0.001,1.0642826734780758e-05,1.0642826734780758e-05,0.03333333333333333
power-grid,5,3959,4008,1,0.0,0.0,0.0,0.04166666666666666,4.0,0.0,0.0,0.0,0.0,0.0,0.0,0.0,0.0,0.0,0.0,0.001,3.325883354618987e-06,3.325883354618987e-06,0.005208333333333333
power-grid,5,974,1031,1,0.0,0.0,0.0,0.0,6.0,0.0,0.0,0.0,0.0,0.0,0.0,0.0,0.0,0.0,0.0,0.0,0.0,0.0,0.0
power-grid,5,2191,2192,1,1.0,0.5581106265512472,0.16666666666666666,0.16666666666666666,3.0,0.3333333333333333,0.5773502691896258,0.5,1.0,0.3333333333333333,0.3333333333333333,0.3333333333333333,0.8842542124555549,0.0,0.25,1.0,0.0,2.660706683695189e-05,0.16666666666666666
power-grid,5,4893,4894,1,0.0,0.0,0.0,0.0,4.0,0.0,0.0,0.0,0.0,0.0,0.0,0.0,0.0,0.0,0.0,0.0,0.0,0.0,0.0
power-grid,5,2814,2977,1,1.0,0.7213475204444817,0.25,0.25,12.0,0.16666666666666666,0.2886751345948129,0.2857142857142857,0.3333333333333333,0.25,0.08333333333333333,0.5,1.5687314579803584,0.0,0.08163265306122448,1.0,0.0,3.9910600255427844e-05,0.08333333333333333
power-grid,5,2432,3875,0,0.0,0.0,0.0,0.0,6.0,0.0,0.0,0.0,0.0,0.0,0.0,0.0,0.0,0.0,0.0,0.0,0.0,0.0,0.0
power-grid,5,3879,4526,0,0.0,0.0,0.0,0.0,6.0,0.0,0.0,0.0,0.0,0.0,0.0,0.0,0.0,0.0,0.0,0.0,0.0,0.0,0.0
power-grid,5,2031,3895,0,0.0,0.0,0.0,0.0,36.0,0.0,0.0,0.0,0.0,0.0,0.0,0.0,0.0,0.0,0.0,0.0,0.0,0.0,0.0
power-grid,5,1357,1509,0,0.0,0.0,0.0,0.0,2.0,0.0,0.0,0.0,0.0,0.0,0.0,0.0,0.0,0.0,0.0,0.0,0.0,0.0,0.0
power-grid,5,4497,4606,1,1.0,0.9102392266268373,0.3333333333333333,0.3333333333333333,4.0,0.3333333333333333,0.5,0.5,0.5,0.5,0.25,0.6666666666666666,1.8760995556654603,0.0,0.25,1.0,0.0,5.321413367390379e-05,0.16666666666666666
power-grid,5,4655,4656,1,0.0,0.0,0.0,0.0,4.0,0.0,0.0,0.0,0.0,0.0,0.0,0.0,0.0,0.0,0.0,0.0,0.0,0.0,0.0
power-grid,5,1323,1338,1,0.0,0.0,0.0,0.0,12.0,0.0,0.0,0.0,0.0,0.0,0.0,0.0,0.0,0.0,0.0,0.0,0.0,0.0,0.0
power-grid,5,282,313,1,2.0,1.2426698691192237,0.4,0.5,15.0,0.3333333333333333,0.5163977794943222,0.5,0.6666666666666666,0.4,0.13333333333333333,0.6,2.9561385703956145,0.4,0.25,2.005,3.51213282247765e-05,9.897828863346104e-05,0.201
power-grid,5,2845,2971,1,1.0,0.3459762562611936,0.05555555555555555,0.05555555555555555,4.0,0.25,0.5,0.4,1.0,0.25,0.25,0.1111111111111111,0.25567146711871314,0.0,0.16000000000000003,1.0,0.0,8.869022278983965e-06,0.05555555555555555
power-grid,5,878,929,1,0.0,0.0,0.0,0.0,9.0,0.0,0.0,0.0,0.0,0.0,0.0,0.0,0.0,0.0,0.0,0.0,0.0,0.0,0.0
power-grid,5,282,4741,0,0.0,0.0,0.0,0.0,6.0,0.0,0.0,0.0,0.0,0.0,0.0,0.0,0.0,0.0,0.0,0.0,0.0,0.0,0.0
power-grid,5,116,232,0,0.0,0.0,0.0,0.0,10.0,0.0,0.0,0.0,0.0,0.0,0.0,0.0,0.0,0.0,0.0,0.0,0.0,0.0,0.0
power-grid,5,1356,1357,1,0.0,0.0,0.0,0.0,12.0,0.0,0.0,0.0,0.0,0.0,0.0,0.0,0.0,0.0,0.0,0.0,0.0,0.0,0.0
power-grid,5,203,3411,0,0.0,0.0,0.0,0.0,7.0,0.0,0.0,0.0,0.0,0.0,0.0,0.0,0.0,0.0,0.0,0.0,0.0,0.0,0.0
power-grid,5,2384,2418,1,0.0,0.0,0.0,0.4230769230769231,2.0,0.0,0.0,0.0,0.0,0.0,0.0,0.0,0.0,0.0,0.0,0.001,6.1400923469889e-06,6.1400923469889e-06,0.038461538461538464
power-grid,5,1507,1541,1,0.0,0.0,0.0,0.04999999999999999,2.0,0.0,0.0,0.0,0.0,0.0,0.0,0.0,0.0,0.0,0.0,0.001,7.98212005108557e-06,7.98212005108557e-06,0.05
power-grid,5,65,1218,0,0.0,0.0,0.0,0.0,4.0,0.0,0.0,0.0,0.0,0.0,0.0,0.0,0.0,0.0,0.0,0.0,0.0,0.0,0.0
power-grid,5,1198,4311,0,0.0,0.0,0.0,0.0,1.0,0.0,0.0,0.0,0.0,0.0,0.0,0.0,0.0,0.0,0.0,0.0,0.0,0.0,0.0
power-grid,5,1683,4483,0,0.0,0.0,0.0,0.0,3.0,0.0,0.0,0.0,0.0,0.0,0.0,0.0,0.0,0.0,0.0,0.0,0.0,0.0,0.0
power-grid,5,2333,3941,0,0.0,0.0,0.0,0.0,2.0,0.0,0.0,0.0,0.0,0.0,0.0,0.0,0.0,0.0,0.0,0.0,0.0,0.0,0.0
power-grid,5,312,313,1,2.0,1.179445561110859,0.3666666666666667,0.4333333333333334,10.0,0.4,0.6324555320336759,0.5714285714285714,1.0,0.4,0.2,0.55,2.4915039972250765,0.3666666666666667,0.32653061224489793,2.003,1.7028522775649213e-05,7.556406981694339e-05,0.22
power-grid,5,2205,4188,0,0.0,0.0,0.0,0.0,8.0,0.0,0.0,0.0,0.0,0.0,0.0,0.0,0.0,0.0,0.0,0.0,0.0,0.0,0.0
power-grid,5,2239,4796,0,0.0,0.0,0.0,0.0,2.0,0.0,0.0,0.0,0.0,0.0,0.0,0.0,0.0,0.0,0.0,0.0,0.0,0.0,0.0
power-grid,5,2801,2922,1,1.0,0.3459762562611936,0.05555555555555555,0.5,4.0,0.3333333333333333,0.5,0.5,0.5,0.5,0.25,0.1111111111111111,0.25567146711871314,0.0,0.25,1.001,4.4345111394919825e-06,1.3303533418475947e-05,0.027777777777777776
power-grid,5,1579,3864,0,0.0,0.0,0.0,0.0,6.0,0.0,0.0,0.0,0.0,0.0,0.0,0.0,0.0,0.0,0.0,0.0,0.0,0.0,0.0
power-grid,5,4067,4477,0,0.0,0.0,0.0,0.0,3.0,0.0,0.0,0.0,0.0,0.0,0.0,0.0,0.0,0.0,0.0,0.0,0.0,0.0,0.0
power-grid,5,1635,4082,0,0.0,0.0,0.0,0.0,2.0,0.0,0.0,0.0,0.0,0.0,0.0,0.0,0.0,0.0,0.0,0.0,0.0,0.0,0.0
power-grid,5,2478,2864,1,1.0,0.5138983423697507,0.14285714285714285,0.14285714285714285,4.0,0.25,0.5,0.4,1.0,0.25,0.25,0.2857142857142857,0.7885835831937353,0.0,0.16000000000000003,1.0,0.0,2.2806057288815908e-05,0.14285714285714285
power-grid,5,971,1026,1,0.0,0.0,0.0,0.6590909090909091,21.0,0.0,0.0,0.0,0.0,0.0,0.0,0.0,0.0,0.0,0.0,0.002,2.721177290142807e-05,2.721177290142807e-05,0.0606060606060606
power-grid,5,280,360,1,1.0,0.5581106265512472,0.16666666666666666,0.5666666666666668,15.0,0.14285714285714285,0.2581988897471611,0.25,0.3333333333333333,0.2,0.06666666666666667,0.3333333333333333,1.0502071900398011,0.0,0.0625,1.003,2.3946360153256706e-05,5.0553426990208594e-05,0.06333333333333334
power-grid,5,2088,2856,0,0.0,0.0,0.0,0.0,2.0,0.0,0.0,0.0,0.0,0.0,0.0,0.0,0.0,0.0,0.0,0.0,0.0,0.0,0.0
power-grid,5,2754,3812,0,0.0,0.0,0.0,0.0,3.0,0.0,0.0,0.0,0.0,0.0,0.0,0.0,0.0,0.0,0.0,0.0,0.0,0.0,0.0
power-grid,5,894,3827,0,0.0,0.0,0.0,0.0,9.0,0.0,0.0,0.0,0.0,0.0,0.0,0.0,0.0,0.0,0.0,0.0,0.0,0.0,0.0
power-grid,5,1170,4267,0,0.0,0.0,0.0,0.0,10.0,0.0,0.0,0.0,0.0,0.0,0.0,0.0,0.0,0.0,0.0,0.0,0.0,0.0,0.0
power-grid,5,2840,2883,1,1.0,0.5138983423697507,0.14285714285714285,0.375,35.0,0.09090909090909091,0.1690308509457033,0.16666666666666666,0.2,0.14285714285714285,0.02857142857142857,0.2857142857142857,0.7885835831937353,0.0,0.027777777777777776,1.005,2.3756309675849902e-05,4.6562366964665814e-05,0.06560846560846562
power-grid,5,878,928,1,0.0,0.0,0.0,0.0,15.0,0.0,0.0,0.0,0.0,0.0,0.0,0.0,0.0,0.0,0.0,0.0,0.0,0.0,0.0
power-grid,5,1219,1912,1,0.0,0.0,0.0,0.0,4.0,0.0,0.0,0.0,0.0,0.0,0.0,0.0,0.0,0.0,0.0,0.0,0.0,0.0,0.0
power-grid,5,3180,4438,0,0.0,0.0,0.0,0.0,2.0,0.0,0.0,0.0,0.0,0.0,0.0,0.0,0.0,0.0,0.0,0.0,0.0,0.0,0.0
power-grid,5,1843,3252,0,0.0,0.0,0.0,0.0,4.0,0.0,0.0,0.0,0.0,0.0,0.0,0.0,0.0,0.0,0.0,0.0,0.0,0.0,0.0
power-grid,5,4332,4398,1,1.0,0.5581106265512472,0.16666666666666666,0.29437229437229434,18.0,0.1,0.23570226039551587,0.18181818181818182,0.5,0.1111111111111111,0.05555555555555555,0.3333333333333333,1.1545969418544402,0.0,0.03305785123966942,1.004,1.0619790313276903e-05,3.72268571502288e-05,0.02161295494628828
power-grid,5,878,1578,0,0.0,0.0,0.0,0.0,6.0,0.0,0.0,0.0,0.0,0.0,0.0,0.0,0.0,0.0,0.0,0.0,0.0,0.0,0.0
power-grid,5,987,3879,0,0.0,0.0,0.0,0.0,6.0,0.0,0.0,0.0,0.0,0.0,0.0,0.0,0.0,0.0,0.0,0.0,0.0,0.0,0.0
power-grid,5,571,4494,0,0.0,0.0,0.0,0.0,2.0,0.0,0.0,0.0,0.0,0.0,0.0,0.0,0.0,0.0,0.0,0.0,0.0,0.0,0.0
power-grid,5,3724,4704,0,0.0,0.0,0.0,0.0,4.0,0.0,0.0,0.0,0.0,0.0,0.0,0.0,0.0,0.0,0.0,0.0,0.0,0.0,0.0
power-grid,5,355,356,1,0.0,0.0,0.0,0.0,4.0,0.0,0.0,0.0,0.0,0.0,0.0,0.0,0.0,0.0,0.0,0.0,0.0,0.0,0.0
power-grid,5,2520,2595,1,2.0,0.9151928288662396,0.225,1.05,16.0,0.25,0.5,0.4,1.0,0.25,0.125,0.3375,1.3422155929971216,0.225,0.16000000000000003,2.004,2.1950830140485316e-05,5.787037037037038e-05,0.19296875000000002
power-grid,5,2114,2151,1,0.0,0.0,0.0,0.0,8.0,0.0,0.0,0.0,0.0,0.0,0.0,0.0,0.0,0.0,0.0,0.001,1.773804455796793e-05,1.773804455796793e-05,0.05555555555555555
power-grid,5,454,470,1,0.0,0.0,0.0,0.16666666666666666,2.0,0.0,0.0,0.0,0.0,0.0,0.0,0.0,0.0,0.0,0.0,0.001,8.869022278983965e-06,8.869022278983965e-06,0.027777777777777776
power-grid,5,2618,2974,1,0.0,0.0,0.0,0.0,4.0,0.0,0.0,0.0,0.0,0.0,0.0,0.0,0.0,0.0,0.0,0.0,0.0,0.0,0.0
power-grid,5,3843,3844,1,0.0,0.0,0.0,0.0,2.0,0.0,0.0,0.0,0.0,0.0,0.0,0.0,0.0,0.0,0.0,0.0,0.0,0.0,0.0
power-grid,5,657,4224,0,0.0,0.0,0.0,0.0,42.0,0.0,0.0,0.0,0.0,0.0,0.0,0.0,0.0,0.0,0.0,0.0,0.0,0.0,0.0
power-grid,5,1800,3697,0,0.0,0.0,0.0,0.0,9.0,0.0,0.0,0.0,0.0,0.0,0.0,0.0,0.0,0.0,0.0,0.0,0.0,0.0,0.0
power-grid,5,1152,1484,1,1.0,0.43429448190325176,0.1,0.1,8.0,0.2,0.35355339059327373,0.3333333333333333,0.5,0.25,0.125,0.2,0.4184184734987664,0.0,0.1111111111111111,1.0,0.0,1.596424010217114e-05,0.05
power-grid,5,1630,3636,0,0.0,0.0,0.0,0.0,2.0,0.0,0.0,0.0,0.0,0.0,0.0,0.0,0.0,0.0,0.0,0.0,0.0,0.0,0.0
power-grid,5,3514,3551,1,0.0,0.0,0.0,0.0,3.0,0.0,0.0,0.0,0.0,0.0,0.0,0.0,0.0,0.0,0.0,0.0,0.0,0.0,0.0
power-grid,5,2487,2617,1,1.0,0.45511961331341866,0.1111111111111111,0.5,16.0,0.1111111111111111,0.25,0.2,0.5,0.125,0.0625,0.2222222222222222,0.5499489137653928,0.0,0.04000000000000001,1.001,8.869022278983965e-06,2.6607066836951895e-05,0.08680555555555555
power-grid,5,1336,2033,0,0.0,0.0,0.0,0.0,2.0,0.0,0.0,0.0,0.0,0.0,0.0,0.0,0.0,0.0,0.0,0.0,0.0,0.0,0.0
power-grid,5,977,3992,0,0.0,0.0,0.0,0.0,8.0,0.0,0.0,0.0,0.0,0.0,0.0,0.0,0.0,0.0,0.0,0.0,0.0,0.0,0.0
power-grid,5,1618,1902,1,0.0,0.0,0.0,0.0,1.0,0.0,0.0,0.0,0.0,0.0,0.0,0.0,0.0,0.0,0.0,0.0,0.0,0.0,0.0
power-grid,5,2916,4432,0,0.0,0.0,0.0,0.0,8.0,0.0,0.0,0.0,0.0,0.0,0.0,0.0,0.0,0.0,0.0,0.0,0.0,0.0,0.0
power-grid,5,74,4398,0,0.0,0.0,0.0,0.0,2.0,0.0,0.0,0.0,0.0,0.0,0.0,0.0,0.0,0.0,0.0,0.0,0.0,0.0,0.0
power-grid,5,997,1006,1,1.0,0.9102392266268373,0.3333333333333333,0.3333333333333333,15.0,0.14285714285714285,0.2581988897471611,0.25,0.3333333333333333,0.2,0.06666666666666667,0.6666666666666666,2.354461064095234,0.0,0.0625,1.001,1.773804455796793e-05,7.095217823187172e-05,0.14814814814814814
power-grid,5,2646,2743,0,0.0,0.0,0.0,0.0,6.0,0.0,0.0,0.0,0.0,0.0,0.0,0.0,0.0,0.0,0.0,0.0,0.0,0.0,0.0
power-grid,5,3564,3655,1,0.0,0.0,0.0,0.08333333333333331,3.0,0.0,0.0,0.0,0.0,0.0,0.0,0.0,0.0,0.0,0.0,0.001,1.3303533418475946e-05,1.3303533418475946e-05,0.027777777777777776
power-grid,5,3484,3684,1,0.0,0.0,0.0,0.0,3.0,0.0,0.0,0.0,0.0,0.0,0.0,0.0,0.0,0.0,0.0,0.0,0.0,0.0,0.0
power-grid,5,3183,4788,0,0.0,0.0,0.0,0.0,2.0,0.0,0.0,0.0,0.0,0.0,0.0,0.0,0.0,0.0,0.0,0.0,0.0,0.0,0.0
power-grid,5,1855,1951,1,1.0,0.5138983423697507,0.14285714285714285,0.8809523809523809,6.0,0.25,0.4082482904638631,0.4,0.5,0.3333333333333333,0.16666666666666666,0.2857142857142857,0.8880121902712141,0.0,0.16000000000000003,1.003,2.6607066836951895e-05,4.9413124125767806e-05,0.14285714285714285
power-grid,5,3506,3996,0,0.0,0.0,0.0,0.0,6.0,0.0,0.0,0.0,0.0,0.0,0.0,0.0,0.0,0.0,0.0,0.0,0.0,0.0,0.0
power-grid,5,1928,2070,0,0.0,0.0,0.0,0.0,6.0,0.0,0.0,0.0,0.0,0.0,0.0,0.0,0.0,0.0,0.0,0.0,0.0,0.0,0.0
power-grid,5,2202,2204,1,0.0,0.0,0.0,0.0,1.0,0.0,0.0,0.0,0.0,0.0,0.0,0.0,0.0,0.0,0.0,0.0,0.0,0.0,0.0
power-grid,5,3522,3739,1,0.0,0.0,0.0,0.0,1.0,0.0,0.0,0.0,0.0,0.0,0.0,0.0,0.0,0.0,0.0,0.0,0.0,0.0,0.0
power-grid,5,1494,1841,0,0.0,0.0,0.0,0.0,4.0,0.0,0.0,0.0,0.0,0.0,0.0,0.0,0.0,0.0,0.0,0.0,0.0,0.0,0.0
power-grid,5,4369,4392,1,1.0,0.48089834696298783,0.125,0.693181818181818,14.0,0.125,0.2672612419124244,0.2222222222222222,0.5,0.14285714285714285,0.07142857142857142,0.25,0.856885768636061,0.0,0.04938271604938271,1.006,3.7693344685681845e-05,5.764864481339577e-05,0.19212962962962962
power-grid,5,3112,3517,0,0.0,0.0,0.0,0.0,9.0,0.0,0.0,0.0,0.0,0.0,0.0,0.0,0.0,0.0,0.0,0.0,0.0,0.0,0.0
power-grid,5,2216,2387,1,0.0,0.0,0.0,0.0,3.0,0.0,0.0,0.0,0.0,0.0,0.0,0.0,0.0,0.0,0.0,0.0,0.0,0.0,0.0
power-grid,5,1530,2076,1,0.0,0.0,0.0,0.25,6.0,0.0,0.0,0.0,0.0,0.0,0.0,0.0,0.0,0.0,0.0,0.001,1.9955300127713922e-05,1.9955300127713922e-05,0.020833333333333332
power-grid,5,1640,4772,0,0.0,0.0,0.0,0.0,2.0,0.0,0.0,0.0,0.0,0.0,0.0,0.0,0.0,0.0,0.0,0.0,0.0,0.0,0.0
power-grid,5,2066,2187,1,0.0,0.0,0.0,0.5476190476190477,2.0,0.0,0.0,0.0,0.0,0.0,0.0,0.0,0.0,0.0,0.0,0.002,1.9005047740679924e-05,1.9005047740679924e-05,0.06746031746031746
power-grid,5,3401,3588,0,0.0,0.0,0.0,0.0,8.0,0.0,0.0,0.0,0.0,0.0,0.0,0.0,0.0,0.0,0.0,0.0,0.0,0.0,0.0
power-grid,5,4854,4897,1,0.0,0.0,0.0,0.0,4.0,0.0,0.0,0.0,0.0,0.0,0.0,0.0,0.0,0.0,0.0,0.0,0.0,0.0,0.0
power-grid,5,3833,4700,0,0.0,0.0,0.0,0.0,6.0,0.0,0.0,0.0,0.0,0.0,0.0,0.0,0.0,0.0,0.0,0.0,0.0,0.0,0.0
power-grid,5,2718,4058,0,0.0,0.0,0.0,0.0,2.0,0.0,0.0,0.0,0.0,0.0,0.0,0.0,0.0,0.0,0.0,0.0,0.0,0.0,0.0
power-grid,5,2568,3850,0,0.0,0.0,0.0,0.0,1.0,0.0,0.0,0.0,0.0,0.0,0.0,0.0,0.0,0.0,0.0,0.0,0.0,0.0,0.0
power-grid,5,2235,2383,1,3.0,2.1896973736225664,0.75,0.75,28.0,0.375,0.5669467095138409,0.5454545454545454,0.75,0.42857142857142855,0.10714285714285714,0.5,4.4261326573927295,0.0,0.29752066115702475,3.0,0.0,0.00011973180076628352,0.10714285714285714
power-grid,5,4852,4882,1,0.0,0.0,0.0,0.0,1.0,0.0,0.0,0.0,0.0,0.0,0.0,0.0,0.0,0.0,0.0,0.0,0.0,0.0,0.0
power-grid,5,2995,4917,0,0.0,0.0,0.0,0.0,4.0,0.0,0.0,0.0,0.0,0.0,0.0,0.0,0.0,0.0,0.0,0.0,0.0,0.0,0.0
power-grid,5,2092,4256,0,0.0,0.0,0.0,0.0,2.0,0.0,0.0,0.0,0.0,0.0,0.0,0.0,0.0,0.0,0.0,0.0,0.0,0.0,0.0
power-grid,5,1407,4184,0,0.0,0.0,0.0,0.0,4.0,0.0,0.0,0.0,0.0,0.0,0.0,0.0,0.0,0.0,0.0,0.0,0.0,0.0,0.0
power-grid,5,2649,3682,0,0.0,0.0,0.0,0.0,4.0,0.0,0.0,0.0,0.0,0.0,0.0,0.0,0.0,0.0,0.0,0.0,0.0,0.0,0.0
power-grid,5,566,1994,0,0.0,0.0,0.0,0.0,9.0,0.0,0.0,0.0,0.0,0.0,0.0,0.0,0.0,0.0,0.0,0.0,0.0,0.0,0.0
power-grid,5,2792,3286,1,0.0,0.0,0.0,0.0,4.0,0.0,0.0,0.0,0.0,0.0,0.0,0.0,0.0,0.0,0.0,0.0,0.0,0.0,0.0
power-grid,5,177,4469,0,0.0,0.0,0.0,0.0,15.0,0.0,0.0,0.0,0.0,0.0,0.0,0.0,0.0,0.0,0.0,0.0,0.0,0.0,0.0
power-grid,5,1130,1942,1,0.0,0.0,0.0,0.0,1.0,0.0,0.0,0.0,0.0,0.0,0.0,0.0,0.0,0.0,0.0,0.0,0.0,0.0,0.0
power-grid,5,2170,4781,0,0.0,0.0,0.0,0.0,1.0,0.0,0.0,0.0,0.0,0.0,0.0,0.0,0.0,0.0,0.0,0.0,0.0,0.0,0.0
power-grid,5,2674,2710,1,2.0,1.3272716180510837,0.4242424242424242,1.3181818181818181,9.0,0.5,0.6666666666666666,0.6666666666666666,0.6666666666666666,0.6666666666666666,0.2222222222222222,0.6363636363636364,3.213879483452912,0.4242424242424242,0.4444444444444444,2.003,1.6931769805333022e-05,8.46588490266651e-05,0.19191919191919188
power-grid,5,2069,4340,0,0.0,0.0,0.0,0.0,12.0,0.0,0.0,0.0,0.0,0.0,0.0,0.0,0.0,0.0,0.0,0.0,0.0,0.0,0.0
power-grid,5,1642,1700,0,0.0,0.0,0.0,0.0,4.0,0.0,0.0,0.0,0.0,0.0,0.0,0.0,0.0,0.0,0.0,0.0,0.0,0.0,0.0
power-grid,5,1281,1313,1,0.0,0.0,0.0,0.0,5.0,0.0,0.0,0.0,0.0,0.0,0.0,0.0,0.0,0.0,0.0,0.0,0.0,0.0,0.0
power-grid,5,2297,2440,0,0.0,0.0,0.0,0.0,1.0,0.0,0.0,0.0,0.0,0.0,0.0,0.0,0.0,0.0,0.0,0.0,0.0,0.0,0.0
power-grid,5,295,2129,0,0.0,0.0,0.0,0.0,12.0,0.0,0.0,0.0,0.0,0.0,0.0,0.0,0.0,0.0,0.0,0.0,0.0,0.0,0.0
power-grid,5,1423,1600,0,0.0,0.0,0.0,0.0,6.0,0.0,0.0,0.0,0.0,0.0,0.0,0.0,0.0,0.0,0.0,0.0,0.0,0.0,0.0
power-grid,5,1178,2949,0,0.0,0.0,0.0,0.0,6.0,0.0,0.0,0.0,0.0,0.0,0.0,0.0,0.0,0.0,0.0,0.0,0.0,0.0,0.0
power-grid,5,1530,2173,1,0.0,0.0,0.0,0.0,6.0,0.0,0.0,0.0,0.0,0.0,0.0,0.0,0.0,0.0,0.0,0.0,0.0,0.0,0.0
power-grid,5,972,3407,0,0.0,0.0,0.0,0.0,1.0,0.0,0.0,0.0,0.0,0.0,0.0,0.0,0.0,0.0,0.0,0.0,0.0,0.0,0.0
power-grid,5,3838,3844,1,0.0,0.0,0.0,0.16666666666666669,9.0,0.0,0.0,0.0,0.0,0.0,0.0,0.0,0.0,0.0,0.0,0.001,2.660706683695189e-05,2.660706683695189e-05,0.024691358024691357
power-grid,5,3097,3281,1,1.0,0.48089834696298783,0.125,0.125,2.0,0.5,0.7071067811865475,0.6666666666666666,1.0,0.5,0.5,0.25,0.6985366665478352,0.0,0.3200026755277598,1.0,0.0,1.9955300127713922e-05,0.125
power-grid,5,1547,4398,0,0.0,0.0,0.0,0.0,14.0,0.0,0.0,0.0,0.0,0.0,0.0,0.0,0.0,0.0,0.0,0.0,0.0,0.0,0.0
power-grid,5,3805,3864,1,1.0,0.5581106265512472,0.16666666666666666,0.16666666666666666,2.0,0.5,0.7071067811865475,0.6666666666666666,1.0,0.5,0.5,0.3333333333333333,0.6900369352610913,0.0,0.3200026755277598,1.0,0.0,2.6607066836951895e-05,0.16666666666666666
power-grid,5,152,198,1,1.0,0.6213349345596119,0.2,0.5,5.0,0.2,0.4472135954999579,0.3333333333333333,1.0,0.2,0.2,0.4,1.2700866768859158,0.0,0.1111111111111111,1.001,1.596424010217114e-05,4.789272030651342e-05,0.30000000000000004
power-grid,5,2918,3181,1,1.0,0.48089834696298783,0.125,0.125,6.0,0.16666666666666666,0.4082482904638631,0.2857142857142857,1.0,0.16666666666666666,0.16666666666666666,0.25,0.7349516369096609,0.0,0.08163265306122448,1.0,0.0,1.9955300127713922e-05,0.020833333333333332
power-grid,5,1328,3210,0,0.0,0.0,0.0,0.0,1.0,0.0,0.0,0.0,0.0,0.0,0.0,0.0,0.0,0.0,0.0,0.0,0.0,0.0,0.0
power-grid,5,1065,3029,0,0.0,0.0,0.0,0.0,3.0,0.0,0.0,0.0,0.0,0.0,0.0,0.0,0.0,0.0,0.0,0.0,0.0,0.0,0.0
power-grid,5,2965,3110,0,0.0,0.0,0.0,0.0,2.0,0.0,0.0,0.0,0.0,0.0,0.0,0.0,0.0,0.0,0.0,0.0,0.0,0.0,0.0
power-grid,5,1667,4010,0,0.0,0.0,0.0,0.0,4.0,0.0,0.0,0.0,0.0,0.0,0.0,0.0,0.0,0.0,0.0,0.0,0.0,0.0,0.0
power-grid,5,278,335,1,1.0,0.5581106265512472,0.16666666666666666,0.16666666666666666,6.0,0.25,0.4082482904638631,0.4,0.5,0.3333333333333333,0.16666666666666666,0.3333333333333333,0.6900369352610913,0.0,0.16000000000000003,1.0,0.0,2.660706683695189e-05,0.08333333333333333
power-grid,5,692,738,1,0.0,0.0,0.0,0.0,10.0,0.0,0.0,0.0,0.0,0.0,0.0,0.0,0.0,0.0,0.0,0.0,0.0,0.0,0.0
power-grid,5,2549,2551,1,0.0,0.0,0.0,0.2222222222222222,12.0,0.0,0.0,0.0,0.0,0.0,0.0,0.0,0.0,0.0,0.0,0.001,5.912681519322642e-06,5.912681519322642e-06,0.009259259259259259
power-grid,5,772,855,0,0.0,0.0,0.0,0.0,25.0,0.0,0.0,0.0,0.0,0.0,0.0,0.0,0.0,0.0,0.0,0.0,0.0,0.0,0.0
power-grid,5,4046,4137,0,0.0,0.0,0.0,0.0,8.0,0.0,0.0,0.0,0.0,0.0,0.0,0.0,0.0,0.0,0.0,0.0,0.0,0.0,0.0
power-grid,5,4347,4398,1,1.0,0.5581106265512472,0.16666666666666666,0.32178932178932174,12.0,0.14285714285714285,0.2886751345948129,0.25,0.5,0.16666666666666666,0.08333333333333333,0.3333333333333333,1.1545969418544402,0.0,0.0625,1.004,1.0869351546235326e-05,3.747641838318722e-05,0.04142928402187661
power-grid,5,790,2417,1,0.0,0.0,0.0,0.0,1.0,0.0,0.0,0.0,0.0,0.0,0.0,0.0,0.0,0.0,0.0,0.0,0.0,0.0,0.0
power-grid,5,157,1994,0,0.0,0.0,0.0,0.0,12.0,0.0,0.0,0.0,0.0,0.0,0.0,0.0,0.0,0.0,0.0,0.0,0.0,0.0,0.0
power-grid,5,2936,3173,1,1.0,0.45511961331341866,0.1111111111111111,0.36507936507936506,18.0,0.1,0.23570226039551587,0.18181818181818182,0.5,0.1111111111111111,0.05555555555555555,0.2222222222222222,0.5906029273017823,0.0,0.03305785123966942,1.002,8.446687884746633e-06,2.618473244271456e-05,0.016460905349794237
power-grid,5,3009,3442,0,0.0,0.0,0.0,0.0,8.0,0.0,0.0,0.0,0.0,0.0,0.0,0.0,0.0,0.0,0.0,0.0,0.0,0.0,0.0
power-grid,5,353,354,1,0.0,0.0,0.0,0.0,10.0,0.0,0.0,0.0,0.0,0.0,0.0,0.0,0.0,0.0,0.0,0.0,0.0,0.0,0.0
power-grid,5,4353,4396,1,0.0,0.0,0.0,0.4,8.0,0.0,0.0,0.0,0.0,0.0,0.0,0.0,0.0,0.0,0.0,0.001,7.98212005108557e-06,7.98212005108557e-06,0.025
power-grid,5,2671,3004,1,1.0,0.7213475204444817,0.25,0.25,15.0,0.14285714285714285,0.2581988897471611,0.25,0.3333333333333333,0.2,0.06666666666666667,0.5,1.5687314579803584,0.0,0.0625,1.0,0.0,3.9910600255427844e-05,0.05
power-grid,5,1721,1930,1,0.0,0.0,0.0,0.0,6.0,0.0,0.0,0.0,0.0,0.0,0.0,0.0,0.0,0.0,0.0,0.0,0.0,0.0,0.0
power-grid,5,1273,2684,0,0.0,0.0,0.0,0.0,4.0,0.0,0.0,0.0,0.0,0.0,0.0,0.0,0.0,0.0,0.0,0.0,0.0,0.0,0.0
power-grid,5,2258,4629,0,0.0,0.0,0.0,0.0,1.0,0.0,0.0,0.0,0.0,0.0,0.0,0.0,0.0,0.0,0.0,0.0,0.0,0.0,0.0
power-grid,5,2049,3866,0,0.0,0.0,0.0,0.0,6.0,0.0,0.0,0.0,0.0,0.0,0.0,0.0,0.0,0.0,0.0,0.0,0.0,0.0,0.0
power-grid,5,712,722,1,0.0,0.0,0.0,0.0,6.0,0.0,0.0,0.0,0.0,0.0,0.0,0.0,0.0,0.0,0.0,0.0,0.0,0.0,0.0
power-grid,5,4383,4481,0,0.0,0.0,0.0,0.0,12.0,0.0,0.0,0.0,0.0,0.0,0.0,0.0,0.0,0.0,0.0,0.0,0.0,0.0,0.0
power-grid,5,2585,2717,1,2.0,2.8853900817779268,1.0,1.0,99.0,0.1111111111111111,0.20100756305184242,0.2,0.2222222222222222,0.18181818181818182,0.020202020202020204,1.0,6.475596527383584,0.0,0.04000000000000001,2.0,0.0,0.00015964240102171138,0.09090909090909091
power-grid,5,3275,3276,1,0.0,0.0,0.0,0.031746031746031744,2.0,0.0,0.0,0.0,0.0,0.0,0.0,0.0,0.0,0.0,0.0,0.001,2.53400636542399e-06,2.53400636542399e-06,0.015873015873015872
power-grid,5,488,1201,1,0.0,0.0,0.0,0.0,2.0,0.0,0.0,0.0,0.0,0.0,0.0,0.0,0.0,0.0,0.0,0.0,0.0,0.0,0.0
power-grid,5,1334,1506,1,0.0,0.0,0.0,0.16666666666666669,70.0,0.0,0.0,0.0,0.0,0.0,0.0,0.0,0.0,0.0,0.0,0.002,4.434511139491982e-05,4.434511139491982e-05,0.027777777777777776
power-grid,5,4041,4535,0,0.0,0.0,0.0,0.0,18.0,0.0,0.0,0.0,0.0,0.0,0.0,0.0,0.0,0.0,0.0,0.0,0.0,0.0,0.0
power-grid,5,256,3166,0,0.0,0.0,0.0,0.0,1.0,0.0,0.0,0.0,0.0,0.0,0.0,0.0,0.0,0.0,0.0,0.0,0.0,0.0,0.0
power-grid,5,368,1480,0,0.0,0.0,0.0,0.0,2.0,0.0,0.0,0.0,0.0,0.0,0.0,0.0,0.0,0.0,0.0,0.0,0.0,0.0,0.0
power-grid,5,2359,4423,0,0.0,0.0,0.0,0.0,2.0,0.0,0.0,0.0,0.0,0.0,0.0,0.0,0.0,0.0,0.0,0.0,0.0,0.0,0.0
power-grid,5,4136,4807,0,0.0,0.0,0.0,0.0,2.0,0.0,0.0,0.0,0.0,0.0,0.0,0.0,0.0,0.0,0.0,0.0,0.0,0.0,0.0
power-grid,5,2967,3011,1,0.0,0.0,0.0,0.033333333333333354,2.0,0.0,0.0,0.0,0.0,0.0,0.0,0.0,0.0,0.0,0.0,0.001,5.321413367390379e-06,5.321413367390379e-06,0.022222222222222223
power-grid,5,1455,1457,1,0.0,0.0,0.0,0.0,3.0,0.0,0.0,0.0,0.0,0.0,0.0,0.0,0.0,0.0,0.0,0.0,0.0,0.0,0.0
power-grid,5,3766,4529,0,0.0,0.0,0.0,0.0,8.0,0.0,0.0,0.0,0.0,0.0,0.0,0.0,0.0,0.0,0.0,0.0,0.0,0.0,0.0
power-grid,5,4392,4401,1,1.0,0.4170323914242463,0.09090909090909091,0.42922077922077917,35.0,0.09090909090909091,0.1690308509457033,0.16666666666666666,0.2,0.14285714285714285,0.02857142857142857,0.18181818181818182,0.6012497150785819,0.0,0.027777777777777776,1.007,1.4832575895794285e-05,2.934552144322259e-05,0.02822057128827962
power-grid,5,3876,3877,1,1.0,0.48089834696298783,0.125,0.2,2.0,0.5,0.7071067811865475,0.6666666666666666,1.0,0.5,0.5,0.25,0.5831859899359166,0.0,0.3200026755277598,1.001,3.991060025542785e-06,2.3946360153256706e-05,0.1625
power-grid,5,902,931,1,0.0,0.0,0.0,0.0,5.0,0.0,0.0,0.0,0.0,0.0,0.0,0.0,0.0,0.0,0.0,0.001,1.773804455796793e-05,1.773804455796793e-05,0.022222222222222223
power-grid,5,1631,3703,0,0.0,0.0,0.0,0.0,2.0,0.0,0.0,0.0,0.0,0.0,0.0,0.0,0.0,0.0,0.0,0.0,0.0,0.0,0.0
power-grid,5,2728,2952,1,2.0,1.8325662861402434,0.5769230769230769,1.0,20.0,0.2857142857142857,0.4472135954999579,0.4444444444444444,0.5,0.4,0.1,0.5769230769230769,3.6469839857605613,0.0,0.19753086419753085,2.001,6.1400923469889e-06,9.824147755182238e-05,0.15384615384615385
power-grid,5,3171,3286,1,1.0,0.6213349345596119,0.2,0.2,2.0,0.5,0.7071067811865475,0.6666666666666666,1.0,0.5,0.5,0.4,1.2700866768859158,0.0,0.3200026755277598,1.0,0.0,3.192848020434228e-05,0.2
power-grid,5,594,3178,0,0.0,0.0,0.0,0.0,12.0,0.0,0.0,0.0,0.0,0.0,0.0,0.0,0.0,0.0,0.0,0.0,0.0,0.0,0.0
power-grid,5,49,639,0,0.0,0.0,0.0,0.0,7.0,0.0,0.0,0.0,0.0,0.0,0.0,0.0,0.0,0.0,0.0,0.0,0.0,0.0,0.0
power-grid,5,1511,4497,0,0.0,0.0,0.0,0.0,6.0,0.0,0.0,0.0,0.0,0.0,0.0,0.0,0.0,0.0,0.0,0.0,0.0,0.0,0.0
power-grid,5,2134,2414,0,0.0,0.0,0.0,0.0,10.0,0.0,0.0,0.0,0.0,0.0,0.0,0.0,0.0,0.0,0.0,0.0,0.0,0.0,0.0
power-grid,5,4036,4039,1,0.0,0.0,0.0,0.0,3.0,0.0,0.0,0.0,0.0,0.0,0.0,0.0,0.0,0.0,0.0,0.0,0.0,0.0,0.0
power-grid,5,1777,1849,1,0.0,0.0,0.0,0.0,1.0,0.0,0.0,0.0,0.0,0.0,0.0,0.0,0.0,0.0,0.0,0.0,0.0,0.0,0.0
power-grid,5,1536,2176,1,0.0,0.0,0.0,0.0,2.0,0.0,0.0,0.0,0.0,0.0,0.0,0.0,0.0,0.0,0.0,0.001,4.4345111394919825e-06,4.4345111394919825e-06,0.013888888888888888
power-grid,5,2239,2575,0,0.0,0.0,0.0,0.0,26.0,0.0,0.0,0.0,0.0,0.0,0.0,0.0,0.0,0.0,0.0,0.0,0.0,0.0,0.0
power-grid,5,501,2462,0,0.0,0.0,0.0,0.0,4.0,0.0,0.0,0.0,0.0,0.0,0.0,0.0,0.0,0.0,0.0,0.0,0.0,0.0,0.0
power-grid,5,1702,2167,1,0.0,0.0,0.0,0.0,2.0,0.0,0.0,0.0,0.0,0.0,0.0,0.0,0.0,0.0,0.0,0.0,0.0,0.0,0.0
power-grid,5,2774,3003,1,1.0,0.9102392266268373,0.3333333333333333,0.3333333333333333,2.0,0.5,0.7071067811865475,0.6666666666666666,1.0,0.5,0.5,0.6666666666666666,1.8760995556654603,0.0,0.3200026755277598,1.0,0.0,5.321413367390379e-05,0.3333333333333333
power-grid,5,1908,2062,1,0.0,0.0,0.0,0.0,1.0,0.0,0.0,0.0,0.0,0.0,0.0,0.0,0.0,0.0,0.0,0.0,0.0,0.0,0.0
power-grid,5,1367,4727,0,0.0,0.0,0.0,0.0,24.0,0.0,0.0,0.0,0.0,0.0,0.0,0.0,0.0,0.0,0.0,0.0,0.0,0.0,0.0
power-grid,5,2124,3261,0,0.0,0.0,0.0,0.0,2.0,0.0,0.0,0.0,0.0,0.0,0.0,0.0,0.0,0.0,0.0,0.0,0.0,0.0,0.0
power-grid,5,966,997,1,0.0,0.0,0.0,0.0,3.0,0.0,0.0,0.0,0.0,0.0,0.0,0.0,0.0,0.0,0.0,0.0,0.0,0.0,0.0
power-grid,5,1753,1865,1,0.0,0.0,0.0,0.0,1.0,0.0,0.0,0.0,0.0,0.0,0.0,0.0,0.0,0.0,0.0,0.0,0.0,0.0,0.0
power-grid,5,1588,3386,0,0.0,0.0,0.0,0.0,2.0,0.0,0.0,0.0,0.0,0.0,0.0,0.0,0.0,0.0,0.0,0.0,0.0,0.0,0.0
power-grid,5,2091,2211,0,0.0,0.0,0.0,0.0,2.0,0.0,0.0,0.0,0.0,0.0,0.0,0.0,0.0,0.0,0.0,0.0,0.0,0.0,0.0
power-grid,5,2207,3042,0,0.0,0.0,0.0,0.0,6.0,0.0,0.0,0.0,0.0,0.0,0.0,0.0,0.0,0.0,0.0,0.0,0.0,0.0,0.0
power-grid,5,4536,4631,1,0.0,0.0,0.0,0.0,1.0,0.0,0.0,0.0,0.0,0.0,0.0,0.0,0.0,0.0,0.0,0.0,0.0,0.0,0.0
power-grid,5,697,4395,0,0.0,0.0,0.0,0.0,9.0,0.0,0.0,0.0,0.0,0.0,0.0,0.0,0.0,0.0,0.0,0.0,0.0,0.0,0.0
power-grid,5,512,925,0,0.0,0.0,0.0,0.0,1.0,0.0,0.0,0.0,0.0,0.0,0.0,0.0,0.0,0.0,0.0,0.0,0.0,0.0,0.0
power-grid,5,1136,1137,1,0.0,0.0,0.0,0.15,3.0,0.0,0.0,0.0,0.0,0.0,0.0,0.0,0.0,0.0,0.0,0.001,3.991060025542784e-06,3.991060025542784e-06,0.008333333333333333
power-grid,5,1171,1403,1,0.0,0.0,0.0,0.4,5.0,0.0,0.0,0.0,0.0,0.0,0.0,0.0,0.0,0.0,0.0,0.001,7.98212005108557e-06,7.98212005108557e-06,0.05
power-grid,5,2118,2238,0,0.0,0.0,0.0,0.0,15.0,0.0,0.0,0.0,0.0,0.0,0.0,0.0,0.0,0.0,0.0,0.0,0.0,0.0,0.0
power-grid,5,425,426,1,0.0,0.0,0.0,0.0,12.0,0.0,0.0,0.0,0.0,0.0,0.0,0.0,0.0,0.0,0.0,0.0,0.0,0.0,0.0
power-grid,5,2077,2191,1,0.0,0.0,0.0,0.0,1.0,0.0,0.0,0.0,0.0,0.0,0.0,0.0,0.0,0.0,0.0,0.001,4.4345111394919825e-06,4.4345111394919825e-06,0.037037037037037035
power-grid,5,2304,2354,1,0.0,0.0,0.0,0.55,4.0,0.0,0.0,0.0,0.0,0.0,0.0,0.0,0.0,0.0,0.0,0.002,1.1973180076628355e-05,1.1973180076628355e-05,0.037500000000000006
power-grid,5,1577,1631,1,0.0,0.0,0.0,0.0,1.0,0.0,0.0,0.0,0.0,0.0,0.0,0.0,0.0,0.0,0.0,0.0,0.0,0.0,0.0
power-grid,5,1600,2098,1,0.0,0.0,0.0,0.08333333333333334,9.0,0.0,0.0,0.0,0.0,0.0,0.0,0.0,0.0,0.0,0.0,0.001,6.651766709237973e-06,6.651766709237973e-06,0.013888888888888888
power-grid,5,1842,3589,0,0.0,0.0,0.0,0.0,8.0,0.0,0.0,0.0,0.0,0.0,0.0,0.0,0.0,0.0,0.0,0.0,0.0,0.0,0.0
power-grid,5,3008,3221,1,2.0,1.1022332815225997,0.325,0.47500000000000003,8.0,0.5,0.7071067811865475,0.6666666666666666,1.0,0.5,0.25,0.4875,2.0353312377784167,0.325,0.4444444444444444,2.002,7.98212005108557e-06,5.9865900383141766e-05,0.0875
power-grid,5,475,2835,0,0.0,0.0,0.0,0.0,6.0,0.0,0.0,0.0,0.0,0.0,0.0,0.0,0.0,0.0,0.0,0.0,0.0,0.0,0.0
power-grid,5,4362,4363,1,0.0,0.0,0.0,0.0,3.0,0.0,0.0,0.0,0.0,0.0,0.0,0.0,0.0,0.0,0.0,0.0,0.0,0.0,0.0
power-grid,5,1248,1455,0,0.0,0.0,0.0,0.0,6.0,0.0,0.0,0.0,0.0,0.0,0.0,0.0,0.0,0.0,0.0,0.0,0.0,0.0,0.0
power-grid,5,552,555,1,0.0,0.0,0.0,0.33333333333333337,3.0,0.0,0.0,0.0,0.0,0.0,0.0,0.0,0.0,0.0,0.0,0.001,1.3303533418475946e-05,1.3303533418475946e-05,0.08333333333333333
power-grid,5,137,224,1,0.0,0.0,0.0,0.0,4.0,0.0,0.0,0.0,0.0,0.0,0.0,0.0,0.0,0.0,0.0,0.0,0.0,0.0,0.0
power-grid,5,1399,1400,1,0.0,0.0,0.0,0.25,3.0,0.0,0.0,0.0,0.0,0.0,0.0,0.0,0.0,0.0,0.0,0.001,1.9955300127713922e-05,1.9955300127713922e-05,0.125
power-grid,5,2212,2282,1,0.0,0.0,0.0,0.0,20.0,0.0,0.0,0.0,0.0,0.0,0.0,0.0,0.0,0.0,0.0,0.0,0.0,0.0,0.0
power-grid,5,868,1226,0,0.0,0.0,0.0,0.0,3.0,0.0,0.0,0.0,0.0,0.0,0.0,0.0,0.0,0.0,0.0,0.0,0.0,0.0,0.0
power-grid,5,2874,3186,1,2.0,1.3426824550040934,0.45,0.55,20.0,0.2857142857142857,0.4472135954999579,0.4444444444444444,0.5,0.4,0.1,0.675,3.0166922146733093,0.45,0.19753086419753085,2.002,1.596424010217114e-05,8.780332056194126e-05,0.125
power-grid,5,1052,2711,0,0.0,0.0,0.0,0.0,20.0,0.0,0.0,0.0,0.0,0.0,0.0,0.0,0.0,0.0,0.0,0.0,0.0,0.0,0.0
power-grid,5,803,851,0,0.0,0.0,0.0,0.0,8.0,0.0,0.0,0.0,0.0,0.0,0.0,0.0,0.0,0.0,0.0,0.0,0.0,0.0,0.0
power-grid,5,3831,3849,1,0.0,0.0,0.0,0.0,2.0,0.0,0.0,0.0,0.0,0.0,0.0,0.0,0.0,0.0,0.0,0.0,0.0,0.0,0.0
power-grid,5,2473,2477,1,0.0,0.0,0.0,0.19047619047619047,4.0,0.0,0.0,0.0,0.0,0.0,0.0,0.0,0.0,0.0,0.0,0.001,7.60201909627197e-06,7.60201909627197e-06,0.023809523809523808
power-grid,5,210,4294,0,0.0,0.0,0.0,0.0,4.0,0.0,0.0,0.0,0.0,0.0,0.0,0.0,0.0,0.0,0.0,0.0,0.0,0.0,0.0
power-grid,5,4361,4372,1,1.0,0.43429448190325176,0.1,0.7674603174603174,27.0,0.09090909090909091,0.19245008972987526,0.16666666666666666,0.3333333333333333,0.1111111111111111,0.037037037037037035,0.2,0.6475596527383585,0.0,0.027777777777777776,1.006,1.932179853635792e-05,3.5286038638529056e-05,0.01600365797896662
power-grid,5,1041,1056,1,0.0,0.0,0.0,0.0,4.0,0.0,0.0,0.0,0.0,0.0,0.0,0.0,0.0,0.0,0.0,0.0,0.0,0.0,0.0
power-grid,5,100,4201,0,0.0,0.0,0.0,0.0,6.0,0.0,0.0,0.0,0.0,0.0,0.0,0.0,0.0,0.0,0.0,0.0,0.0,0.0,0.0
power-grid,5,1506,1507,1,0.0,0.0,0.0,0.0,7.0,0.0,0.0,0.0,0.0,0.0,0.0,0.0,0.0,0.0,0.0,0.0,0.0,0.0,0.0
power-grid,5,2805,4199,0,0.0,0.0,0.0,0.0,7.0,0.0,0.0,0.0,0.0,0.0,0.0,0.0,0.0,0.0,0.0,0.0,0.0,0.0,0.0
power-grid,5,2603,3115,1,0.0,0.0,0.0,0.0,2.0,0.0,0.0,0.0,0.0,0.0,0.0,0.0,0.0,0.0,0.0,0.0,0.0,0.0,0.0
power-grid,5,766,1950,0,0.0,0.0,0.0,0.0,8.0,0.0,0.0,0.0,0.0,0.0,0.0,0.0,0.0,0.0,0.0,0.0,0.0,0.0,0.0
power-grid,5,1332,1345,1,1.0,0.48089834696298783,0.125,0.125,6.0,0.25,0.4082482904638631,0.4,0.5,0.3333333333333333,0.16666666666666666,0.25,0.441394693527143,0.0,0.16000000000000003,1.0,0.0,1.9955300127713922e-05,0.0625
power-grid,5,2534,3017,1,0.0,0.0,0.0,0.0,18.0,0.0,0.0,0.0,0.0,0.0,0.0,0.0,0.0,0.0,0.0,0.0,0.0,0.0,0.0
power-grid,5,2944,3200,1,2.0,0.9163279467515955,0.22619047619047616,0.5952380952380951,10.0,0.4,0.6324555320336759,0.5714285714285714,1.0,0.4,0.2,0.3392857142857143,1.506886042555743,0.22619047619047616,0.32653061224489793,2.005,1.6561541602592506e-05,5.2671132309884367e-05,0.05034013605442177
power-grid,5,2,3329,0,0.0,0.0,0.0,0.0,9.0,0.0,0.0,0.0,0.0,0.0,0.0,0.0,0.0,0.0,0.0,0.0,0.0,0.0,0.0
power-grid,5,2781,2967,1,1.0,1.4426950408889634,0.5,0.5,10.0,0.16666666666666666,0.31622776601683794,0.2857142857142857,0.5,0.2,0.1,1.0,3.237798263691792,0.0,0.08163265306122448,1.0,0.0,7.982120051085569e-05,0.1
power-grid,5,310,368,1,1.0,0.5581106265512472,0.16666666666666666,0.16666666666666666,2.0,0.5,0.7071067811865475,0.6666666666666666,1.0,0.5,0.5,0.3333333333333333,0.8842542124555549,0.0,0.3200026755277598,1.0,0.0,2.6607066836951895e-05,0.08333333333333333
power-grid,5,1776,1869,1,0.0,0.0,0.0,0.0,10.0,0.0,0.0,0.0,0.0,0.0,0.0,0.0,0.0,0.0,0.0,0.0,0.0,0.0,0.0
power-grid,5,1865,3453,0,0.0,0.0,0.0,0.0,2.0,0.0,0.0,0.0,0.0,0.0,0.0,0.0,0.0,0.0,0.0,0.0,0.0,0.0,0.0
power-grid,5,694,726,1,1.0,0.6213349345596119,0.2,0.2,12.0,0.14285714285714285,0.2886751345948129,0.25,0.5,0.16666666666666666,0.08333333333333333,0.4,0.9059372756656542,0.0,0.0625,1.0,0.0,3.192848020434227e-05,0.1
power-grid,5,44,4848,0,0.0,0.0,0.0,0.0,5.0,0.0,0.0,0.0,0.0,0.0,0.0,0.0,0.0,0.0,0.0,0.0,0.0,0.0,0.0
power-grid,5,3803,4199,1,0.0,0.0,0.0,0.0,14.0,0.0,0.0,0.0,0.0,0.0,0.0,0.0,0.0,0.0,0.0,0.0,0.0,0.0,0.0
power-grid,5,1579,2796,0,0.0,0.0,0.0,0.0,15.0,0.0,0.0,0.0,0.0,0.0,0.0,0.0,0.0,0.0,0.0,0.0,0.0,0.0,0.0
power-grid,5,1508,2535,0,0.0,0.0,0.0,0.0,2.0,0.0,0.0,0.0,0.0,0.0,0.0,0.0,0.0,0.0,0.0,0.0,0.0,0.0,0.0
power-grid,5,2553,2871,1,0.0,0.0,0.0,0.4666666666666666,36.0,0.0,0.0,0.0,0.0,0.0,0.0,0.0,0.0,0.0,0.0,0.002,1.0642826734780757e-05,1.0642826734780757e-05,0.003981481481481481
power-grid,5,2283,2284,1,1.0,0.43429448190325176,0.1,0.1,4.0,0.3333333333333333,0.5,0.5,0.5,0.5,0.25,0.2,0.3063349309534844,0.0,0.25,1.0,0.0,1.596424010217114e-05,0.05
power-grid,5,183,709,0,0.0,0.0,0.0,0.0,3.0,0.0,0.0,0.0,0.0,0.0,0.0,0.0,0.0,0.0,0.0,0.0,0.0,0.0,0.0
power-grid,5,1099,4325,0,0.0,0.0,0.0,0.0,2.0,0.0,0.0,0.0,0.0,0.0,0.0,0.0,0.0,0.0,0.0,0.0,0.0,0.0,0.0
power-grid,5,2606,3520,0,0.0,0.0,0.0,0.0,7.0,0.0,0.0,0.0,0.0,0.0,0.0,0.0,0.0,0.0,0.0,0.0,0.0,0.0,0.0
power-grid,5,4169,4255,0,0.0,0.0,0.0,0.0,1.0,0.0,0.0,0.0,0.0,0.0,0.0,0.0,0.0,0.0,0.0,0.0,0.0,0.0,0.0
power-grid,5,503,1170,0,0.0,0.0,0.0,0.0,10.0,0.0,0.0,0.0,0.0,0.0,0.0,0.0,0.0,0.0,0.0,0.0,0.0,0.0,0.0
power-grid,5,1452,2308,0,0.0,0.0,0.0,0.0,6.0,0.0,0.0,0.0,0.0,0.0,0.0,0.0,0.0,0.0,0.0,0.0,0.0,0.0,0.0
power-grid,5,1243,4905,0,0.0,0.0,0.0,0.0,12.0,0.0,0.0,0.0,0.0,0.0,0.0,0.0,0.0,0.0,0.0,0.0,0.0,0.0,0.0
power-grid,5,222,4376,0,0.0,0.0,0.0,0.0,12.0,0.0,0.0,0.0,0.0,0.0,0.0,0.0,0.0,0.0,0.0,0.0,0.0,0.0,0.0
power-grid,5,823,2394,0,0.0,0.0,0.0,0.0,6.0,0.0,0.0,0.0,0.0,0.0,0.0,0.0,0.0,0.0,0.0,0.0,0.0,0.0,0.0
power-grid,5,3915,4534,0,0.0,0.0,0.0,0.0,10.0,0.0,0.0,0.0,0.0,0.0,0.0,0.0,0.0,0.0,0.0,0.0,0.0,0.0,0.0
power-grid,5,255,1828,0,0.0,0.0,0.0,0.0,6.0,0.0,0.0,0.0,0.0,0.0,0.0,0.0,0.0,0.0,0.0,0.0,0.0,0.0,0.0
power-grid,5,564,702,0,0.0,0.0,0.0,0.0,30.0,0.0,0.0,0.0,0.0,0.0,0.0,0.0,0.0,0.0,0.0,0.0,0.0,0.0,0.0
power-grid,5,1217,4895,0,0.0,0.0,0.0,0.0,2.0,0.0,0.0,0.0,0.0,0.0,0.0,0.0,0.0,0.0,0.0,0.0,0.0,0.0,0.0
power-grid,5,4726,4784,1,1.0,0.7213475204444817,0.25,0.25,4.0,0.3333333333333333,0.5,0.5,0.5,0.5,0.25,0.5,1.2523148646475393,0.0,0.25,1.0,0.0,3.9910600255427844e-05,0.125
power-grid,5,2797,2836,0,0.0,0.0,0.0,0.0,9.0,0.0,0.0,0.0,0.0,0.0,0.0,0.0,0.0,0.0,0.0,0.0,0.0,0.0,0.0
power-grid,5,1338,3131,0,0.0,0.0,0.0,0.0,6.0,0.0,0.0,0.0,0.0,0.0,0.0,0.0,0.0,0.0,0.0,0.0,0.0,0.0,0.0
power-grid,5,2107,3102,0,0.0,0.0,0.0,0.0,12.0,0.0,0.0,0.0,0.0,0.0,0.0,0.0,0.0,0.0,0.0,0.0,0.0,0.0,0.0
power-grid,5,3421,3671,1,0.0,0.0,0.0,0.0,1.0,0.0,0.0,0.0,0.0,0.0,0.0,0.0,0.0,0.0,0.0,0.0,0.0,0.0,0.0
power-grid,5,1620,4822,0,0.0,0.0,0.0,0.0,3.0,0.0,0.0,0.0,0.0,0.0,0.0,0.0,0.0,0.0,0.0,0.0,0.0,0.0,0.0
power-grid,5,538,4680,0,0.0,0.0,0.0,0.0,2.0,0.0,0.0,0.0,0.0,0.0,0.0,0.0,0.0,0.0,0.0,0.0,0.0,0.0,0.0
power-grid,5,1038,1591,0,0.0,0.0,0.0,0.0,1.0,0.0,0.0,0.0,0.0,0.0,0.0,0.0,0.0,0.0,0.0,0.0,0.0,0.0,0.0
power-grid,5,2640,4381,0,0.0,0.0,0.0,0.0,30.0,0.0,0.0,0.0,0.0,0.0,0.0,0.0,0.0,0.0,0.0,0.0,0.0,0.0,0.0
power-grid,5,84,4461,1,1.0,0.6213349345596119,0.2,0.2,5.0,0.2,0.4472135954999579,0.3333333333333333,1.0,0.2,0.2,0.4,0.9059372756656542,0.0,0.1111111111111111,1.0,0.0,3.192848020434228e-05,0.2
power-grid,5,377,1522,0,0.0,0.0,0.0,0.0,3.0,0.0,0.0,0.0,0.0,0.0,0.0,0.0,0.0,0.0,0.0,0.0,0.0,0.0,0.0
power-grid,5,4128,4302,0,0.0,0.0,0.0,0.0,7.0,0.0,0.0,0.0,0.0,0.0,0.0,0.0,0.0,0.0,0.0,0.0,0.0,0.0,0.0
power-grid,5,4840,4867,1,0.0,0.0,0.0,0.0,18.0,0.0,0.0,0.0,0.0,0.0,0.0,0.0,0.0,0.0,0.0,0.0,0.0,0.0,0.0
power-grid,5,2384,4618,0,0.0,0.0,0.0,0.0,1.0,0.0,0.0,0.0,0.0,0.0,0.0,0.0,0.0,0.0,0.0,0.0,0.0,0.0,0.0
power-grid,5,3329,3691,0,0.0,0.0,0.0,0.0,18.0,0.0,0.0,0.0,0.0,0.0,0.0,0.0,0.0,0.0,0.0,0.0,0.0,0.0,0.0
power-grid,5,1651,1797,1,0.0,0.0,0.0,0.0,1.0,0.0,0.0,0.0,0.0,0.0,0.0,0.0,0.0,0.0,0.0,0.0,0.0,0.0,0.0
power-grid,5,1765,4632,0,0.0,0.0,0.0,0.0,2.0,0.0,0.0,0.0,0.0,0.0,0.0,0.0,0.0,0.0,0.0,0.0,0.0,0.0,0.0
power-grid,5,2838,2839,1,2.0,1.1352332769293625,0.34285714285714286,0.5142857142857143,25.0,0.25,0.4,0.4,0.4,0.4,0.08,0.5142857142857142,2.36638202538293,0.34285714285714286,0.16000000000000003,2.004,2.0069330414158003e-05,7.480386790731619e-05,0.08342857142857144
power-grid,5,2001,2510,0,0.0,0.0,0.0,0.0,3.0,0.0,0.0,0.0,0.0,0.0,0.0,0.0,0.0,0.0,0.0,0.0,0.0,0.0,0.0
power-grid,5,580,725,1,1.0,0.5581106265512472,0.16666666666666666,0.16666666666666666,8.0,0.125,0.35355339059327373,0.2222222222222222,1.0,0.125,0.125,0.3333333333333333,0.6900369352610913,0.0,0.04938271604938271,1.0,0.0,2.6607066836951895e-05,0.16666666666666666
power-grid,5,4043,4649,0,0.0,0.0,0.0,0.0,5.0,0.0,0.0,0.0,0.0,0.0,0.0,0.0,0.0,0.0,0.0,0.0,0.0,0.0,0.0
power-grid,5,1265,3418,0,0.0,0.0,0.0,0.0,3.0,0.0,0.0,0.0,0.0,0.0,0.0,0.0,0.0,0.0,0.0,0.0,0.0,0.0,0.0
power-grid,5,1284,1684,1,0.0,0.0,0.0,0.0,2.0,0.0,0.0,0.0,0.0,0.0,0.0,0.0,0.0,0.0,0.0,0.0,0.0,0.0,0.0
power-grid,5,343,1195,0,0.0,0.0,0.0,0.0,4.0,0.0,0.0,0.0,0.0,0.0,0.0,0.0,0.0,0.0,0.0,0.0,0.0,0.0,0.0
power-grid,5,3038,3276,1,2.0,1.013230239864666,0.2777777777777778,0.3888888888888889,4.0,1.0,1.0,1.0,1.0,1.0,0.5,0.41666666666666663,1.7573595114035077,0.2777777777777778,0.7777964871534331,2.002,5.912681519322643e-06,5.0257792914242474e-05,0.14814814814814814
power-grid,5,3890,3909,1,0.0,0.0,0.0,0.0,2.0,0.0,0.0,0.0,0.0,0.0,0.0,0.0,0.0,0.0,0.0,0.001,1.773804455796793e-05,1.773804455796793e-05,0.05555555555555555
power-grid,5,3537,3900,0,0.0,0.0,0.0,0.0,6.0,0.0,0.0,0.0,0.0,0.0,0.0,0.0,0.0,0.0,0.0,0.0,0.0,0.0,0.0
power-grid,5,2083,2278,0,0.0,0.0,0.0,0.0,6.0,0.0,0.0,0.0,0.0,0.0,0.0,0.0,0.0,0.0,0.0,0.0,0.0,0.0,0.0
power-grid,5,1330,1599,0,0.0,0.0,0.0,0.0,6.0,0.0,0.0,0.0,0.0,0.0,0.0,0.0,0.0,0.0,0.0,0.0,0.0,0.0,0.0
power-grid,5,2160,2162,1,0.0,0.0,0.0,0.0,2.0,0.0,0.0,0.0,0.0,0.0,0.0,0.0,0.0,0.0,0.0,0.0,0.0,0.0,0.0
power-grid,5,3585,3726,1,0.0,0.0,0.0,0.0,3.0,0.0,0.0,0.0,0.0,0.0,0.0,0.0,0.0,0.0,0.0,0.0,0.0,0.0,0.0
power-grid,5,80,626,0,0.0,0.0,0.0,0.0,8.0,0.0,0.0,0.0,0.0,0.0,0.0,0.0,0.0,0.0,0.0,0.0,0.0,0.0,0.0
power-grid,5,4369,4555,0,0.0,0.0,0.0,0.0,4.0,0.0,0.0,0.0,0.0,0.0,0.0,0.0,0.0,0.0,0.0,0.0,0.0,0.0,0.0
power-grid,5,4206,4217,1,1.0,0.7213475204444817,0.25,0.25,8.0,0.2,0.35355339059327373,0.3333333333333333,0.5,0.25,0.125,0.5,1.5687314579803584,0.0,0.1111111111111111,1.001,9.977650063856961e-06,4.9888250319284805e-05,0.0859375
power-grid,5,446,2481,0,0.0,0.0,0.0,0.0,2.0,0.0,0.0,0.0,0.0,0.0,0.0,0.0,0.0,0.0,0.0,0.0,0.0,0.0,0.0
power-grid,5,856,4458,1,0.0,0.0,0.0,0.0,14.0,0.0,0.0,0.0,0.0,0.0,0.0,0.0,0.0,0.0,0.0,0.0,0.0,0.0,0.0
power-grid,5,1955,2734,0,0.0,0.0,0.0,0.0,2.0,0.0,0.0,0.0,0.0,0.0,0.0,0.0,0.0,0.0,0.0,0.0,0.0,0.0,0.0
power-grid,5,2700,2970,0,0.0,0.0,0.0,0.0,4.0,0.0,0.0,0.0,0.0,0.0,0.0,0.0,0.0,0.0,0.0,0.0,0.0,0.0,0.0
power-grid,5,1883,1954,1,0.0,0.0,0.0,0.0,6.0,0.0,0.0,0.0,0.0,0.0,0.0,0.0,0.0,0.0,0.0,0.001,1.773804455796793e-05,1.773804455796793e-05,0.05555555555555555
power-grid,5,2548,2958,1,1.0,0.48089834696298783,0.125,0.125,8.0,0.125,0.35355339059327373,0.2222222222222222,1.0,0.125,0.125,0.25,0.441394693527143,0.0,0.04938271604938271,1.0,0.0,1.9955300127713922e-05,0.015625
power-grid,5,1087,3903,0,0.0,0.0,0.0,0.0,24.0,0.0,0.0,0.0,0.0,0.0,0.0,0.0,0.0,0.0,0.0,0.0,0.0,0.0,0.0
power-grid,5,4381,4398,1,2.0,0.9751430179754935,0.25757575757575757,0.4126984126984127,20.0,0.2,0.4472135954999579,0.3333333333333333,1.0,0.2,0.1,0.25757575757575757,1.7558466569330222,0.0,0.1111111111111111,2.004,1.3610685705194008e-05,5.473069808957421e-05,0.02760942760942761
power-grid,5,739,4680,0,0.0,0.0,0.0,0.0,3.0,0.0,0.0,0.0,0.0,0.0,0.0,0.0,0.0,0.0,0.0,0.0,0.0,0.0,0.0
power-grid,5,2722,2973,1,0.0,0.0,0.0,0.0,8.0,0.0,0.0,0.0,0.0,0.0,0.0,0.0,0.0,0.0,0.0,0.0,0.0,0.0,0.0
power-grid,5,2084,2085,1,0.0,0.0,0.0,0.0,4.0,0.0,0.0,0.0,0.0,0.0,0.0,0.0,0.0,0.0,0.0,0.001,1.773804455796793e-05,1.773804455796793e-05,0.05555555555555555
power-grid,5,4012,4891,0,0.0,0.0,0.0,0.0,6.0,0.0,0.0,0.0,0.0,0.0,0.0,0.0,0.0,0.0,0.0,0.0,0.0,0.0,0.0
power-grid,5,1694,3271,0,0.0,0.0,0.0,0.0,2.0,0.0,0.0,0.0,0.0,0.0,0.0,0.0,0.0,0.0,0.0,0.0,0.0,0.0,0.0
power-grid,5,1796,3215,0,0.0,0.0,0.0,0.0,6.0,0.0,0.0,0.0,0.0,0.0,0.0,0.0,0.0,0.0,0.0,0.0,0.0,0.0,0.0
power-grid,5,2814,2967,1,1.0,0.6213349345596119,0.2,0.2,6.0,0.25,0.4082482904638631,0.4,0.5,0.3333333333333333,0.16666666666666666,0.4,1.1456764251106726,0.0,0.16000000000000003,1.0,0.0,3.192848020434227e-05,0.06666666666666667
power-grid,5,2607,2654,1,0.0,0.0,0.0,0.0,14.0,0.0,0.0,0.0,0.0,0.0,0.0,0.0,0.0,0.0,0.0,0.0,0.0,0.0,0.0
power-grid,5,216,228,1,0.0,0.0,0.0,0.0,1.0,0.0,0.0,0.0,0.0,0.0,0.0,0.0,0.0,0.0,0.0,0.0,0.0,0.0,0.0
power-grid,5,4865,4923,1,0.0,0.0,0.0,0.0,2.0,0.0,0.0,0.0,0.0,0.0,0.0,0.0,0.0,0.0,0.0,0.0,0.0,0.0,0.0
power-grid,5,1158,1905,1,0.0,0.0,0.0,0.0,4.0,0.0,0.0,0.0,0.0,0.0,0.0,0.0,0.0,0.0,0.0,0.0,0.0,0.0,0.0
power-grid,5,3314,3444,0,0.0,0.0,0.0,0.0,4.0,0.0,0.0,0.0,0.0,0.0,0.0,0.0,0.0,0.0,0.0,0.0,0.0,0.0,0.0
power-grid,5,2348,3266,0,0.0,0.0,0.0,0.0,8.0,0.0,0.0,0.0,0.0,0.0,0.0,0.0,0.0,0.0,0.0,0.0,0.0,0.0,0.0
power-grid,5,1641,2395,0,0.0,0.0,0.0,0.0,2.0,0.0,0.0,0.0,0.0,0.0,0.0,0.0,0.0,0.0,0.0,0.0,0.0,0.0,0.0
power-grid,5,348,2858,0,0.0,0.0,0.0,0.0,3.0,0.0,0.0,0.0,0.0,0.0,0.0,0.0,0.0,0.0,0.0,0.0,0.0,0.0,0.0
power-grid,5,2211,2212,1,0.0,0.0,0.0,0.0,2.0,0.0,0.0,0.0,0.0,0.0,0.0,0.0,0.0,0.0,0.0,0.001,3.9910600255427844e-05,3.9910600255427844e-05,0.25
power-grid,5,974,2642,0,0.0,0.0,0.0,0.0,2.0,0.0,0.0,0.0,0.0,0.0,0.0,0.0,0.0,0.0,0.0,0.0,0.0,0.0,0.0
power-grid,5,160,1444,0,0.0,0.0,0.0,0.0,4.0,0.0,0.0,0.0,0.0,0.0,0.0,0.0,0.0,0.0,0.0,0.0,0.0,0.0,0.0
power-grid,5,681,708,1,0.0,0.0,0.0,0.0,6.0,0.0,0.0,0.0,0.0,0.0,0.0,0.0,0.0,0.0,0.0,0.0,0.0,0.0,0.0
power-grid,5,1530,1531,1,0.0,0.0,0.0,0.0,24.0,0.0,0.0,0.0,0.0,0.0,0.0,0.0,0.0,0.0,0.0,0.0,0.0,0.0,0.0
power-grid,5,1153,3099,0,0.0,0.0,0.0,0.0,4.0,0.0,0.0,0.0,0.0,0.0,0.0,0.0,0.0,0.0,0.0,0.0,0.0,0.0,0.0
power-grid,5,50,2971,0,0.0,0.0,0.0,0.0,12.0,0.0,0.0,0.0,0.0,0.0,0.0,0.0,0.0,0.0,0.0,0.0,0.0,0.0,0.0
power-grid,5,4344,4401,1,4.0,1.923335842248496,0.5004329004329005,1.2978354978354978,25.0,0.6666666666666666,0.8,0.8,0.8,0.8,0.16,1.000865800865801,3.7823563554139334,1.5012987012987011,0.6400000000000001,4.014,3.9064011765161196e-05,0.00011895432154052846,0.13380952380952382
power-grid,5,2997,3211,1,2.0,0.9151928288662396,0.225,0.275,8.0,0.5,0.7071067811865475,0.6666666666666666,1.0,0.5,0.25,0.3375,1.4089777222125648,0.225,0.4444444444444444,2.002,3.991060025542785e-06,3.9910600255427844e-05,0.059375000000000004
power-grid,5,2534,2823,1,1.0,0.43429448190325176,0.1,0.1,6.0,0.25,0.4082482904638631,0.4,0.5,0.3333333333333333,0.16666666666666666,0.2,0.576971032104621,0.0,0.16000000000000003,1.0,0.0,1.5964240102171135e-05,0.03333333333333333
power-grid,5,948,1265,0,0.0,0.0,0.0,0.0,5.0,0.0,0.0,0.0,0.0,0.0,0.0,0.0,0.0,0.0,0.0,0.0,0.0,0.0,0.0
power-grid,5,54,147,1,0.0,0.0,0.0,0.0,1.0,0.0,0.0,0.0,0.0,0.0,0.0,0.0,0.0,0.0,0.0,0.0,0.0,0.0,0.0
power-grid,5,3788,3935,1,1.0,0.5138983423697507,0.14285714285714285,0.14285714285714285,3.0,0.3333333333333333,0.5773502691896258,0.5,1.0,0.3333333333333333,0.3333333333333333,0.2857142857142857,0.5447155286225902,0.0,0.25,1.0,0.0,2.2806057288815908e-05,0.047619047619047616
power-grid,5,2118,2608,0,0.0,0.0,0.0,0.0,30.0,0.0,0.0,0.0,0.0,0.0,0.0,0.0,0.0,0.0,0.0,0.0,0.0,0.0,0.0
power-grid,5,538,551,1,1.0,0.5581106265512472,0.16666666666666666,0.5,8.0,0.2,0.35355339059327373,0.3333333333333333,0.5,0.25,0.125,0.3333333333333333,1.0502071900398011,0.0,0.1111111111111111,1.003,2.8824322406697884e-05,5.543138924364978e-05,0.18055555555555555
power-grid,5,3011,3221,0,0.0,0.0,0.0,0.0,2.0,0.0,0.0,0.0,0.0,0.0,0.0,0.0,0.0,0.0,0.0,0.0,0.0,0.0,0.0
power-grid,5,4632,4743,1,0.0,0.0,0.0,0.0,1.0,0.0,0.0,0.0,0.0,0.0,0.0,0.0,0.0,0.0,0.0,0.0,0.0,0.0,0.0
power-grid,5,1738,4464,0,0.0,0.0,0.0,0.0,3.0,0.0,0.0,0.0,0.0,0.0,0.0,0.0,0.0,0.0,0.0,0.0,0.0,0.0,0.0
power-grid,5,2753,2827,0,0.0,0.0,0.0,0.0,2.0,0.0,0.0,0.0,0.0,0.0,0.0,0.0,0.0,0.0,0.0,0.0,0.0,0.0,0.0
power-grid,5,4722,4723,1,0.0,0.0,0.0,0.0,4.0,0.0,0.0,0.0,0.0,0.0,0.0,0.0,0.0,0.0,0.0,0.0,0.0,0.0,0.0
power-grid,5,1234,1461,1,0.0,0.0,0.0,0.16666666666666666,12.0,0.0,0.0,0.0,0.0,0.0,0.0,0.0,0.0,0.0,0.0,0.001,8.869022278983965e-06,8.869022278983965e-06,0.027777777777777776
power-grid,5,3483,4251,0,0.0,0.0,0.0,0.0,2.0,0.0,0.0,0.0,0.0,0.0,0.0,0.0,0.0,0.0,0.0,0.0,0.0,0.0,0.0
power-grid,5,134,236,1,0.0,0.0,0.0,0.0,2.0,0.0,0.0,0.0,0.0,0.0,0.0,0.0,0.0,0.0,0.0,0.0,0.0,0.0,0.0
power-grid,5,4164,4179,1,1.0,0.6213349345596119,0.2,0.2,24.0,0.1111111111111111,0.20412414523193154,0.2,0.25,0.16666666666666666,0.041666666666666664,0.4,0.9059372756656542,0.0,0.04000000000000001,1.0,0.0,3.192848020434227e-05,0.03333333333333333
power-grid,5,1452,1541,1,0.0,0.0,0.0,0.04999999999999999,4.0,0.0,0.0,0.0,0.0,0.0,0.0,0.0,0.0,0.0,0.0,0.001,7.98212005108557e-06,7.98212005108557e-06,0.025
power-grid,5,2878,2883,1,3.0,1.9822481955478353,0.6428571428571428,1.051190476190476,42.0,0.3,0.4629100498862757,0.46153846153846156,0.5,0.42857142857142855,0.07142857142857142,0.6428571428571428,4.464896706879874,0.5,0.21301775147928997,3.004,2.5150013176833097e-05,0.00012777727097650467,0.12689909297052154
power-grid,5,412,2577,0,0.0,0.0,0.0,0.0,10.0,0.0,0.0,0.0,0.0,0.0,0.0,0.0,0.0,0.0,0.0,0.0,0.0,0.0,0.0
power-grid,5,3488,3498,1,0.0,0.0,0.0,0.0,3.0,0.0,0.0,0.0,0.0,0.0,0.0,0.0,0.0,0.0,0.0,0.0,0.0,0.0,0.0
power-grid,5,1383,1476,1,0.0,0.0,0.0,0.0,2.0,0.0,0.0,0.0,0.0,0.0,0.0,0.0,0.0,0.0,0.0,0.0,0.0,0.0,0.0
power-grid,5,2726,4806,0,0.0,0.0,0.0,0.0,3.0,0.0,0.0,0.0,0.0,0.0,0.0,0.0,0.0,0.0,0.0,0.0,0.0,0.0,0.0
power-grid,5,539,3604,0,0.0,0.0,0.0,0.0,14.0,0.0,0.0,0.0,0.0,0.0,0.0,0.0,0.0,0.0,0.0,0.0,0.0,0.0,0.0
power-grid,5,116,3032,0,0.0,0.0,0.0,0.0,5.0,0.0,0.0,0.0,0.0,0.0,0.0,0.0,0.0,0.0,0.0,0.0,0.0,0.0,0.0
power-grid,5,2019,2020,1,0.0,0.0,0.0,0.0,12.0,0.0,0.0,0.0,0.0,0.0,0.0,0.0,0.0,0.0,0.0,0.0,0.0,0.0,0.0
power-grid,5,2349,2350,1,0.0,0.0,0.0,0.0,2.0,0.0,0.0,0.0,0.0,0.0,0.0,0.0,0.0,0.0,0.0,0.0,0.0,0.0,0.0
power-grid,5,528,845,0,0.0,0.0,0.0,0.0,6.0,0.0,0.0,0.0,0.0,0.0,0.0,0.0,0.0,0.0,0.0,0.0,0.0,0.0,0.0
power-grid,5,2852,3276,1,1.0,0.45511961331341866,0.1111111111111111,0.7333333333333334,14.0,0.125,0.2672612419124244,0.2222222222222222,0.5,0.14285714285714285,0.07142857142857142,0.2222222222222222,0.7071523213637066,0.0,0.04938271604938271,1.005,2.3650726077290572e-05,4.1388770635258505e-05,0.023809523809523808
power-grid,5,1489,2139,1,0.0,0.0,0.0,0.2333333333333333,21.0,0.0,0.0,0.0,0.0,0.0,0.0,0.0,0.0,0.0,0.0,0.001,5.321413367390378e-06,5.321413367390378e-06,0.0047619047619047615
power-grid,5,282,295,1,2.0,1.2426698691192237,0.4,0.6083333333333334,12.0,0.4,0.5773502691896258,0.5714285714285714,0.6666666666666666,0.5,0.16666666666666666,0.6,2.9561385703956145,0.4,0.32653061224489793,2.005,3.2194550872711796e-05,9.605151128139634e-05,0.21297777777777777
power-grid,5,2462,3506,0,0.0,0.0,0.0,0.0,3.0,0.0,0.0,0.0,0.0,0.0,0.0,0.0,0.0,0.0,0.0,0.0,0.0,0.0,0.0
power-grid,5,131,139,1,1.0,0.7213475204444817,0.25,0.35714285714285715,8.0,0.2,0.35355339059327373,0.3333333333333333,0.5,0.25,0.125,0.5,1.5687314579803584,0.0,0.1111111111111111,1.001,5.701514322203977e-06,4.5612114577631816e-05,0.125
power-grid,5,1599,2689,0,0.0,0.0,0.0,0.0,3.0,0.0,0.0,0.0,0.0,0.0,0.0,0.0,0.0,0.0,0.0,0.0,0.0,0.0,0.0
power-grid,5,2528,2804,1,0.0,0.0,0.0,0.0,10.0,0.0,0.0,0.0,0.0,0.0,0.0,0.0,0.0,0.0,0.0,0.0,0.0,0.0,0.0
power-grid,5,3769,3770,1,0.0,0.0,0.0,0.0,4.0,0.0,0.0,0.0,0.0,0.0,0.0,0.0,0.0,0.0,0.0,0.0,0.0,0.0,0.0
power-grid,5,4067,4068,1,0.0,0.0,0.0,0.0,1.0,0.0,0.0,0.0,0.0,0.0,0.0,0.0,0.0,0.0,0.0,0.0,0.0,0.0,0.0
power-grid,5,747,4797,0,0.0,0.0,0.0,0.0,1.0,0.0,0.0,0.0,0.0,0.0,0.0,0.0,0.0,0.0,0.0,0.0,0.0,0.0,0.0
power-grid,5,273,2136,0,0.0,0.0,0.0,0.0,2.0,0.0,0.0,0.0,0.0,0.0,0.0,0.0,0.0,0.0,0.0,0.0,0.0,0.0,0.0
power-grid,5,1441,1442,1,0.0,0.0,0.0,0.0,12.0,0.0,0.0,0.0,0.0,0.0,0.0,0.0,0.0,0.0,0.0,0.0,0.0,0.0,0.0
power-grid,5,929,4862,0,0.0,0.0,0.0,0.0,9.0,0.0,0.0,0.0,0.0,0.0,0.0,0.0,0.0,0.0,0.0,0.0,0.0,0.0,0.0
power-grid,5,360,3078,0,0.0,0.0,0.0,0.0,3.0,0.0,0.0,0.0,0.0,0.0,0.0,0.0,0.0,0.0,0.0,0.0,0.0,0.0,0.0
power-grid,5,2928,3602,0,0.0,0.0,0.0,0.0,2.0,0.0,0.0,0.0,0.0,0.0,0.0,0.0,0.0,0.0,0.0,0.0,0.0,0.0,0.0
power-grid,5,4391,4395,1,3.0,1.7933564893654796,0.5595238095238095,1.0269841269841269,63.0,0.23076923076923078,0.3779644730092272,0.375,0.42857142857142855,0.3333333333333333,0.047619047619047616,0.5595238095238095,3.6326028878941643,0.30952380952380953,0.140625,3.007,2.7923342365658244e-05,0.00011724706674685388,0.1105493267265754
power-grid,5,2998,3197,1,1.0,0.48089834696298783,0.125,0.5,5.0,0.2,0.4472135954999579,0.3333333333333333,1.0,0.2,0.2,0.25,0.7652445608925007,0.0,0.1111111111111111,1.001,9.977650063856961e-06,2.9932950191570883e-05,0.1875
power-grid,5,4750,4751,1,0.0,0.0,0.0,0.0,3.0,0.0,0.0,0.0,0.0,0.0,0.0,0.0,0.0,0.0,0.0,0.0,0.0,0.0,0.0
power-grid,5,4372,4395,1,1.0,0.43429448190325176,0.1,0.47698412698412684,27.0,0.09090909090909091,0.19245008972987526,0.16666666666666666,0.3333333333333333,0.1111111111111111,0.037037037037037035,0.2,0.6475596527383585,0.0,0.027777777777777776,1.008,2.0715502037341116e-05,3.667974213951225e-05,0.08930000326605264
power-grid,5,1330,2949,0,0.0,0.0,0.0,0.0,4.0,0.0,0.0,0.0,0.0,0.0,0.0,0.0,0.0,0.0,0.0,0.0,0.0,0.0,0.0
power-grid,5,349,3846,0,0.0,0.0,0.0,0.0,1.0,0.0,0.0,0.0,0.0,0.0,0.0,0.0,0.0,0.0,0.0,0.0,0.0,0.0,0.0
power-grid,5,4036,4080,1,1.0,0.6213349345596119,0.2,0.45,12.0,0.16666666666666666,0.2886751345948129,0.2857142857142857,0.3333333333333333,0.25,0.08333333333333333,0.4,0.9059372756656542,0.0,0.08163265306122448,1.001,1.9955300127713922e-05,5.188378033205619e-05,0.12291666666666666
power-grid,5,3321,3965,0,0.0,0.0,0.0,0.0,12.0,0.0,0.0,0.0,0.0,0.0,0.0,0.0,0.0,0.0,0.0,0.0,0.0,0.0,0.0
power-grid,5,3435,3873,0,0.0,0.0,0.0,0.0,6.0,0.0,0.0,0.0,0.0,0.0,0.0,0.0,0.0,0.0,0.0,0.0,0.0,0.0,0.0
power-grid,5,3130,4720,0,0.0,0.0,0.0,0.0,6.0,0.0,0.0,0.0,0.0,0.0,0.0,0.0,0.0,0.0,0.0,0.0,0.0,0.0,0.0
power-grid,5,308,340,1,1.0,0.9102392266268373,0.3333333333333333,0.3333333333333333,9.0,0.2,0.3333333333333333,0.3333333333333333,0.3333333333333333,0.3333333333333333,0.1111111111111111,0.6666666666666666,1.8760995556654603,0.0,0.1111111111111111,1.0,0.0,5.321413367390378e-05,0.1111111111111111
power-grid,5,2332,2389,1,0.0,0.0,0.0,0.0,8.0,0.0,0.0,0.0,0.0,0.0,0.0,0.0,0.0,0.0,0.0,0.0,0.0,0.0,0.0
power-grid,5,3787,3789,1,0.0,0.0,0.0,0.0,4.0,0.0,0.0,0.0,0.0,0.0,0.0,0.0,0.0,0.0,0.0,0.0,0.0,0.0,0.0
power-grid,5,2613,3410,0,0.0,0.0,0.0,0.0,6.0,0.0,0.0,0.0,0.0,0.0,0.0,0.0,0.0,0.0,0.0,0.0,0.0,0.0,0.0
power-grid,5,1585,3275,0,0.0,0.0,0.0,0.0,2.0,0.0,0.0,0.0,0.0,0.0,0.0,0.0,0.0,0.0,0.0,0.0,0.0,0.0,0.0
power-grid,5,4384,4392,1,3.0,1.4560413649384814,0.38257575757575757,1.2814935064935065,70.0,0.21428571428571427,0.35856858280031806,0.35294117647058826,0.42857142857142855,0.3,0.04285714285714286,0.6376262626262627,2.7413641435489264,0.7651515151515151,0.12456747404844293,3.013,3.982709322747637e-05,0.00010090240573957049,0.05826118326118326
power-grid,5,1293,3531,0,0.0,0.0,0.0,0.0,1.0,0.0,0.0,0.0,0.0,0.0,0.0,0.0,0.0,0.0,0.0,0.0,0.0,0.0,0.0
power-grid,5,4445,4448,1,1.0,0.5138983423697507,0.14285714285714285,0.14285714285714285,10.0,0.16666666666666666,0.31622776601683794,0.2857142857142857,0.5,0.2,0.1,0.2857142857142857,0.5447155286225902,0.0,0.08163265306122448,1.0,0.0,2.2806057288815908e-05,0.07142857142857142
power-grid,5,1123,1313,1,0.0,0.0,0.0,0.033333333333333354,10.0,0.0,0.0,0.0,0.0,0.0,0.0,0.0,0.0,0.0,0.0,0.003,1.614162054775082e-05,1.614162054775082e-05,0.05055555555555556
power-grid,5,3173,3213,1,2.0,1.365358839940256,0.4444444444444444,0.8888888888888888,4.0,1.0,1.0,1.0,1.0,1.0,0.5,0.6666666666666666,3.2856144072410105,0.4444444444444444,0.7777964871534331,2.002,1.1825363038645286e-05,8.277754127051701e-05,0.24074074074074073
power-grid,5,1014,2634,0,0.0,0.0,0.0,0.0,3.0,0.0,0.0,0.0,0.0,0.0,0.0,0.0,0.0,0.0,0.0,0.0,0.0,0.0,0.0
power-grid,5,426,1377,0,0.0,0.0,0.0,0.0,12.0,0.0,0.0,0.0,0.0,0.0,0.0,0.0,0.0,0.0,0.0,0.0,0.0,0.0,0.0
power-grid,5,1940,2027,1,0.0,0.0,0.0,0.0,2.0,0.0,0.0,0.0,0.0,0.0,0.0,0.0,0.0,0.0,0.0,0.0,0.0,0.0,0.0
power-grid,5,4199,4227,1,0.0,0.0,0.0,0.0,7.0,0.0,0.0,0.0,0.0,0.0,0.0,0.0,0.0,0.0,0.0,0.001,9.977650063856961e-06,9.977650063856961e-06,0.008928571428571428
power-grid,5,2440,4148,1,0.0,0.0,0.0,0.0,2.0,0.0,0.0,0.0,0.0,0.0,0.0,0.0,0.0,0.0,0.0,0.0,0.0,0.0,0.0
power-grid,5,1440,3572,0,0.0,0.0,0.0,0.0,6.0,0.0,0.0,0.0,0.0,0.0,0.0,0.0,0.0,0.0,0.0,0.0,0.0,0.0,0.0
power-grid,5,1725,3921,0,0.0,0.0,0.0,0.0,8.0,0.0,0.0,0.0,0.0,0.0,0.0,0.0,0.0,0.0,0.0,0.0,0.0,0.0,0.0
power-grid,5,75,1740,0,0.0,0.0,0.0,0.0,4.0,0.0,0.0,0.0,0.0,0.0,0.0,0.0,0.0,0.0,0.0,0.0,0.0,0.0,0.0
power-grid,5,3152,3250,1,1.0,0.6213349345596119,0.2,0.2,2.0,0.5,0.7071067811865475,0.6666666666666666,1.0,0.5,0.5,0.4,1.2700866768859158,0.0,0.3200026755277598,1.001,6.385696040868455e-06,3.831417624521073e-05,0.12
power-grid,5,677,725,1,1.0,0.5581106265512472,0.16666666666666666,0.16666666666666666,8.0,0.125,0.35355339059327373,0.2222222222222222,1.0,0.125,0.125,0.3333333333333333,0.6900369352610913,0.0,0.04938271604938271,1.0,0.0,2.6607066836951895e-05,0.16666666666666666
power-grid,5,1365,4426,0,0.0,0.0,0.0,0.0,8.0,0.0,0.0,0.0,0.0,0.0,0.0,0.0,0.0,0.0,0.0,0.0,0.0,0.0,0.0
power-grid,5,2219,2332,1,2.0,1.8204784532536746,0.6666666666666666,0.7999999999999999,12.0,0.4,0.5773502691896258,0.5714285714285714,0.6666666666666666,0.5,0.16666666666666666,0.6666666666666666,4.230560619760695,0.0,0.32653061224489793,2.001,1.0642826734780758e-05,0.00011707109408258832,0.2222222222222222
power-grid,5,2415,2695,0,0.0,0.0,0.0,0.0,2.0,0.0,0.0,0.0,0.0,0.0,0.0,0.0,0.0,0.0,0.0,0.0,0.0,0.0,0.0
power-grid,5,3186,3202,1,2.0,1.8204784532536746,0.6666666666666666,0.6666666666666666,10.0,0.4,0.6324555320336759,0.5714285714285714,1.0,0.4,0.2,1.0,5.390022959878456,0.6666666666666666,0.32653061224489793,2.002,3.547608911593586e-05,0.00014190435646374344,0.15555555555555556
power-grid,5,1138,3560,0,0.0,0.0,0.0,0.0,1.0,0.0,0.0,0.0,0.0,0.0,0.0,0.0,0.0,0.0,0.0,0.0,0.0,0.0,0.0
power-grid,5,373,2550,0,0.0,0.0,0.0,0.0,6.0,0.0,0.0,0.0,0.0,0.0,0.0,0.0,0.0,0.0,0.0,0.0,0.0,0.0,0.0
power-grid,5,2943,4425,0,0.0,0.0,0.0,0.0,2.0,0.0,0.0,0.0,0.0,0.0,0.0,0.0,0.0,0.0,0.0,0.0,0.0,0.0,0.0
power-grid,5,202,356,0,0.0,0.0,0.0,0.0,2.0,0.0,0.0,0.0,0.0,0.0,0.0,0.0,0.0,0.0,0.0,0.0,0.0,0.0,0.0
power-grid,5,2462,3616,0,0.0,0.0,0.0,0.0,2.0,0.0,0.0,0.0,0.0,0.0,0.0,0.0,0.0,0.0,0.0,0.0,0.0,0.0,0.0
power-grid,5,1591,1930,1,0.0,0.0,0.0,0.0,3.0,0.0,0.0,0.0,0.0,0.0,0.0,0.0,0.0,0.0,0.0,0.0,0.0,0.0,0.0
power-grid,5,268,1721,0,0.0,0.0,0.0,0.0,2.0,0.0,0.0,0.0,0.0,0.0,0.0,0.0,0.0,0.0,0.0,0.0,0.0,0.0,0.0
power-grid,5,1797,2436,0,0.0,0.0,0.0,0.0,3.0,0.0,0.0,0.0,0.0,0.0,0.0,0.0,0.0,0.0,0.0,0.0,0.0,0.0,0.0
power-grid,5,979,1036,1,0.0,0.0,0.0,0.0,2.0,0.0,0.0,0.0,0.0,0.0,0.0,0.0,0.0,0.0,0.0,0.0,0.0,0.0,0.0
power-grid,5,4398,4402,1,1.0,0.5581106265512472,0.16666666666666666,0.25151515151515147,14.0,0.125,0.2672612419124244,0.2222222222222222,0.5,0.14285714285714285,0.07142857142857142,0.3333333333333333,1.1545969418544402,0.0,0.04938271604938271,1.004,9.997806932672834e-06,3.6604873769624726e-05,0.12414005130671797
power-grid,5,112,215,1,1.0,0.9102392266268373,0.3333333333333333,0.3333333333333333,4.0,0.3333333333333333,0.5,0.5,0.5,0.5,0.25,0.6666666666666666,1.8760995556654603,0.0,0.25,1.0,0.0,5.321413367390379e-05,0.16666666666666666
power-grid,5,2677,3969,0,0.0,0.0,0.0,0.0,12.0,0.0,0.0,0.0,0.0,0.0,0.0,0.0,0.0,0.0,0.0,0.0,0.0,0.0,0.0
power-grid,5,3178,4032,0,0.0,0.0,0.0,0.0,2.0,0.0,0.0,0.0,0.0,0.0,0.0,0.0,0.0,0.0,0.0,0.0,0.0,0.0,0.0
power-grid,5,2075,3186,0,0.0,0.0,0.0,0.0,10.0,0.0,0.0,0.0,0.0,0.0,0.0,0.0,0.0,0.0,0.0,0.0,0.0,0.0,0.0
power-grid,5,3371,3672,0,0.0,0.0,0.0,0.0,8.0,0.0,0.0,0.0,0.0,0.0,0.0,0.0,0.0,0.0,0.0,0.0,0.0,0.0,0.0
power-grid,5,1611,1760,1,0.0,0.0,0.0,0.0,3.0,0.0,0.0,0.0,0.0,0.0,0.0,0.0,0.0,0.0,0.0,0.0,0.0,0.0,0.0
power-grid,5,1173,3864,0,0.0,0.0,0.0,0.0,12.0,0.0,0.0,0.0,0.0,0.0,0.0,0.0,0.0,0.0,0.0,0.0,0.0,0.0,0.0
power-grid,5,4457,4458,1,0.0,0.0,0.0,0.0,14.0,0.0,0.0,0.0,0.0,0.0,0.0,0.0,0.0,0.0,0.0,0.0,0.0,0.0,0.0
power-grid,5,1746,4107,0,0.0,0.0,0.0,0.0,2.0,0.0,0.0,0.0,0.0,0.0,0.0,0.0,0.0,0.0,0.0,0.0,0.0,0.0,0.0
power-grid,5,1131,1330,1,0.0,0.0,0.0,0.0,6.0,0.0,0.0,0.0,0.0,0.0,0.0,0.0,0.0,0.0,0.0,0.0,0.0,0.0,0.0
power-grid,5,3826,3918,1,0.0,0.0,0.0,0.0,10.0,0.0,0.0,0.0,0.0,0.0,0.0,0.0,0.0,0.0,0.0,0.0,0.0,0.0,0.0
power-grid,5,1436,1462,1,0.0,0.0,0.0,0.08333333333333334,4.0,0.0,0.0,0.0,0.0,0.0,0.0,0.0,0.0,0.0,0.0,0.001,6.651766709237974e-06,6.651766709237974e-06,0.020833333333333332
power-grid,5,2144,2649,0,0.0,0.0,0.0,0.0,8.0,0.0,0.0,0.0,0.0,0.0,0.0,0.0,0.0,0.0,0.0,0.0,0.0,0.0,0.0
power-grid,5,1128,1401,1,0.0,0.0,0.0,0.0,4.0,0.0,0.0,0.0,0.0,0.0,0.0,0.0,0.0,0.0,0.0,0.0,0.0,0.0,0.0
power-grid,5,2121,2137,1,0.0,0.0,0.0,0.0,3.0,0.0,0.0,0.0,0.0,0.0,0.0,0.0,0.0,0.0,0.0,0.0,0.0,0.0,0.0
power-grid,5,182,1354,0,0.0,0.0,0.0,0.0,1.0,0.0,0.0,0.0,0.0,0.0,0.0,0.0,0.0,0.0,0.0,0.0,0.0,0.0,0.0
power-grid,5,1674,3976,0,0.0,0.0,0.0,0.0,2.0,0.0,0.0,0.0,0.0,0.0,0.0,0.0,0.0,0.0,0.0,0.0,0.0,0.0,0.0
power-grid,5,2413,4433,0,0.0,0.0,0.0,0.0,2.0,0.0,0.0,0.0,0.0,0.0,0.0,0.0,0.0,0.0,0.0,0.0,0.0,0.0,0.0
power-grid,5,1643,2067,1,0.0,0.0,0.0,0.0,2.0,0.0,0.0,0.0,0.0,0.0,0.0,0.0,0.0,0.0,0.0,0.0,0.0,0.0,0.0
power-grid,5,890,929,1,1.0,0.6213349345596119,0.2,0.2,3.0,0.3333333333333333,0.5773502691896258,0.5,1.0,0.3333333333333333,0.3333333333333333,0.4,1.1456764251106726,0.0,0.25,1.001,6.385696040868455e-06,3.8314176245210727e-05,0.24000000000000002
power-grid,5,1030,4622,0,0.0,0.0,0.0,0.0,30.0,0.0,0.0,0.0,0.0,0.0,0.0,0.0,0.0,0.0,0.0,0.0,0.0,0.0,0.0
power-grid,5,1435,2622,0,0.0,0.0,0.0,0.0,15.0,0.0,0.0,0.0,0.0,0.0,0.0,0.0,0.0,0.0,0.0,0.0,0.0,0.0,0.0
power-grid,5,408,1409,0,0.0,0.0,0.0,0.0,8.0,0.0,0.0,0.0,0.0,0.0,0.0,0.0,0.0,0.0,0.0,0.0,0.0,0.0,0.0
power-grid,5,2643,2983,0,0.0,0.0,0.0,0.0,16.0,0.0,0.0,0.0,0.0,0.0,0.0,0.0,0.0,0.0,0.0,0.0,0.0,0.0,0.0
power-grid,5,1312,4412,0,0.0,0.0,0.0,0.0,4.0,0.0,0.0,0.0,0.0,0.0,0.0,0.0,0.0,0.0,0.0,0.0,0.0,0.0,0.0
power-grid,5,2481,4130,0,0.0,0.0,0.0,0.0,1.0,0.0,0.0,0.0,0.0,0.0,0.0,0.0,0.0,0.0,0.0,0.0,0.0,0.0,0.0
power-grid,5,1821,1923,1,0.0,0.0,0.0,0.0,1.0,0.0,0.0,0.0,0.0,0.0,0.0,0.0,0.0,0.0,0.0,0.0,0.0,0.0,0.0
power-grid,5,4365,4373,1,1.0,0.3789231816899512,0.07142857142857142,0.4920634920634921,30.0,0.08333333333333333,0.18257418583505536,0.15384615384615385,0.3333333333333333,0.1,0.03333333333333333,0.14285714285714285,0.44247815299408444,0.0,0.02366863905325444,1.007,2.319319715020013e-05,3.459622579460809e-05,0.07568342151675485
power-grid,5,1638,1930,1,0.0,0.0,0.0,0.0,3.0,0.0,0.0,0.0,0.0,0.0,0.0,0.0,0.0,0.0,0.0,0.0,0.0,0.0,0.0
power-grid,5,2686,3001,0,0.0,0.0,0.0,0.0,9.0,0.0,0.0,0.0,0.0,0.0,0.0,0.0,0.0,0.0,0.0,0.0,0.0,0.0,0.0
power-grid,5,2272,3497,0,0.0,0.0,0.0,0.0,14.0,0.0,0.0,0.0,0.0,0.0,0.0,0.0,0.0,0.0,0.0,0.0,0.0,0.0,0.0
power-grid,5,4371,4372,1,2.0,0.9924051084544989,0.26666666666666666,0.6166666666666667,12.0,0.4,0.5773502691896258,0.5714285714285714,0.6666666666666666,0.5,0.16666666666666666,0.4,1.7635903465116,0.26666666666666666,0.32653061224489793,2.004,1.1973180076628353e-05,5.454448701575138e-05,0.08381944444444445
power-grid,5,72,3881,0,0.0,0.0,0.0,0.0,9.0,0.0,0.0,0.0,0.0,0.0,0.0,0.0,0.0,0.0,0.0,0.0,0.0,0.0,0.0
power-grid,5,2376,3385,0,0.0,0.0,0.0,0.0,2.0,0.0,0.0,0.0,0.0,0.0,0.0,0.0,0.0,0.0,0.0,0.0,0.0,0.0,0.0
power-grid,5,1819,4649,0,0.0,0.0,0.0,0.0,10.0,0.0,0.0,0.0,0.0,0.0,0.0,0.0,0.0,0.0,0.0,0.0,0.0,0.0,0.0
power-grid,5,1984,3726,0,0.0,0.0,0.0,0.0,3.0,0.0,0.0,0.0,0.0,0.0,0.0,0.0,0.0,0.0,0.0,0.0,0.0,0.0,0.0
power-grid,5,3982,4035,1,0.0,0.0,0.0,0.0,2.0,0.0,0.0,0.0,0.0,0.0,0.0,0.0,0.0,0.0,0.0,0.0,0.0,0.0,0.0
power-grid,5,2620,4007,0,0.0,0.0,0.0,0.0,9.0,0.0,0.0,0.0,0.0,0.0,0.0,0.0,0.0,0.0,0.0,0.0,0.0,0.0,0.0
power-grid,5,759,760,1,0.0,0.0,0.0,0.25,6.0,0.0,0.0,0.0,0.0,0.0,0.0,0.0,0.0,0.0,0.0,0.002,3.325883354618987e-05,3.325883354618987e-05,0.08101851851851852
power-grid,5,4577,4661,1,0.0,0.0,0.0,0.0,1.0,0.0,0.0,0.0,0.0,0.0,0.0,0.0,0.0,0.0,0.0,0.0,0.0,0.0,0.0
power-grid,5,1334,2400,0,0.0,0.0,0.0,0.0,10.0,0.0,0.0,0.0,0.0,0.0,0.0,0.0,0.0,0.0,0.0,0.0,0.0,0.0,0.0
power-grid,5,2585,2911,1,1.0,0.43429448190325176,0.1,0.1,11.0,0.09090909090909091,0.30151134457776363,0.16666666666666666,1.0,0.09090909090909091,0.09090909090909091,0.2,0.4184184734987664,0.0,0.027777777777777776,1.0,0.0,1.5964240102171135e-05,0.00909090909090909
power-grid,5,382,3439,0,0.0,0.0,0.0,0.0,1.0,0.0,0.0,0.0,0.0,0.0,0.0,0.0,0.0,0.0,0.0,0.0,0.0,0.0,0.0
power-grid,5,1191,1192,1,0.0,0.0,0.0,0.19047619047619047,8.0,0.0,0.0,0.0,0.0,0.0,0.0,0.0,0.0,0.0,0.0,0.001,7.60201909627197e-06,7.60201909627197e-06,0.011904761904761904
power-grid,5,244,1601,0,0.0,0.0,0.0,0.0,6.0,0.0,0.0,0.0,0.0,0.0,0.0,0.0,0.0,0.0,0.0,0.0,0.0,0.0,0.0
power-grid,5,2652,2795,1,1.0,0.5138983423697507,0.14285714285714285,0.14285714285714285,3.0,0.3333333333333333,0.5773502691896258,0.5,1.0,0.3333333333333333,0.3333333333333333,0.2857142857142857,0.7885835831937353,0.0,0.25,1.0,0.0,2.2806057288815908e-05,0.14285714285714285
power-grid,5,2309,2640,0,0.0,0.0,0.0,0.0,9.0,0.0,0.0,0.0,0.0,0.0,0.0,0.0,0.0,0.0,0.0,0.0,0.0,0.0,0.0
power-grid,5,534,4882,0,0.0,0.0,0.0,0.0,3.0,0.0,0.0,0.0,0.0,0.0,0.0,0.0,0.0,0.0,0.0,0.0,0.0,0.0,0.0
power-grid,5,852,865,1,0.0,0.0,0.0,0.0,4.0,0.0,0.0,0.0,0.0,0.0,0.0,0.0,0.0,0.0,0.0,0.0,0.0,0.0,0.0
power-grid,5,1532,2158,1,1.0,0.5581106265512472,0.16666666666666666,0.3333333333333333,4.0,0.3333333333333333,0.5,0.5,0.5,0.5,0.25,0.3333333333333333,0.9813016437469109,0.0,0.25,1.001,8.869022278983965e-06,3.547608911593586e-05,0.1111111111111111
power-grid,5,1603,1686,1,0.0,0.0,0.0,0.0,1.0,0.0,0.0,0.0,0.0,0.0,0.0,0.0,0.0,0.0,0.0,0.0,0.0,0.0,0.0
power-grid,5,1324,1365,1,0.0,0.0,0.0,0.0,4.0,0.0,0.0,0.0,0.0,0.0,0.0,0.0,0.0,0.0,0.0,0.0,0.0,0.0,0.0
power-grid,5,4365,4372,1,0.0,0.0,0.0,0.02857142857142858,9.0,0.0,0.0,0.0,0.0,0.0,0.0,0.0,0.0,0.0,0.0,0.001,1.1403028644407952e-06,1.1403028644407952e-06,0.0027777777777777775
power-grid,5,4346,4377,1,1.0,0.5581106265512472,0.16666666666666666,0.3333333333333333,27.0,0.09090909090909091,0.19245008972987526,0.16666666666666666,0.3333333333333333,0.1111111111111111,0.037037037037037035,0.3333333333333333,0.9813016437469109,0.0,0.027777777777777776,1.001,8.869022278983965e-06,3.547608911593586e-05,0.018518518518518517
power-grid,5,1198,1512,1,0.0,0.0,0.0,0.0,4.0,0.0,0.0,0.0,0.0,0.0,0.0,0.0,0.0,0.0,0.0,0.0,0.0,0.0,0.0
power-grid,5,1586,1928,1,1.0,0.5581106265512472,0.16666666666666666,0.33333333333333337,6.0,0.25,0.4082482904638631,0.4,0.5,0.3333333333333333,0.16666666666666666,0.3333333333333333,0.6900369352610913,0.0,0.16000000000000003,1.001,2.660706683695189e-05,5.321413367390378e-05,0.16666666666666666
power-grid,5,4448,4458,1,1.0,0.6213349345596119,0.2,0.2,70.0,0.05555555555555555,0.11952286093343936,0.10526315789473684,0.2,0.07142857142857142,0.014285714285714285,0.4,0.9059372756656542,0.0,0.011080332409972297,1.0,0.0,3.192848020434227e-05,0.04
power-grid,5,1323,4857,0,0.0,0.0,0.0,0.0,6.0,0.0,0.0,0.0,0.0,0.0,0.0,0.0,0.0,0.0,0.0,0.0,0.0,0.0,0.0
power-grid,5,859,864,1,2.0,1.1764671337579005,0.3611111111111111,0.3611111111111111,12.0,0.4,0.5773502691896258,0.5714285714285714,0.6666666666666666,0.5,0.16666666666666666,0.3611111111111111,1.7423305566118157,0.0,0.32653061224489793,2.0,0.0,5.764864481339577e-05,0.09027777777777778
power-grid,5,3837,3895,1,1.0,0.7213475204444817,0.25,0.41666666666666663,12.0,0.08333333333333333,0.2886751345948129,0.15384615384615385,1.0,0.08333333333333333,0.08333333333333333,0.5,1.7466055377873937,0.0,0.02366863905325444,1.002,2.660706683695189e-05,6.651766709237974e-05,0.41666666666666663
power-grid,5,2345,2346,1,0.0,0.0,0.0,0.0,2.0,0.0,0.0,0.0,0.0,0.0,0.0,0.0,0.0,0.0,0.0,0.0,0.0,0.0,0.0
power-grid,5,1190,4803,0,0.0,0.0,0.0,0.0,3.0,0.0,0.0,0.0,0.0,0.0,0.0,0.0,0.0,0.0,0.0,0.0,0.0,0.0,0.0
power-grid,5,3661,3682,1,0.0,0.0,0.0,0.0,3.0,0.0,0.0,0.0,0.0,0.0,0.0,0.0,0.0,0.0,0.0,0.0,0.0,0.0,0.0
power-grid,5,1804,3398,0,0.0,0.0,0.0,0.0,2.0,0.0,0.0,0.0,0.0,0.0,0.0,0.0,0.0,0.0,0.0,0.0,0.0,0.0,0.0
power-grid,5,4086,4090,1,1.0,0.6213349345596119,0.2,0.2,16.0,0.14285714285714285,0.25,0.25,0.25,0.25,0.0625,0.4,0.9059372756656542,0.0,0.0625,1.0,0.0,3.192848020434228e-05,0.05
power-grid,5,1175,1201,1,1.0,0.43429448190325176,0.1,0.1,4.0,0.3333333333333333,0.5,0.5,0.5,0.5,0.25,0.2,0.4184184734987664,0.0,0.25,1.001,1.5964240102171137e-06,1.7560664112388252e-05,0.0675
power-grid,5,305,313,1,2.0,1.179445561110859,0.3666666666666667,0.4333333333333334,25.0,0.25,0.4,0.4,0.4,0.4,0.08,0.55,2.4915039972250765,0.3666666666666667,0.16000000000000003,2.003,1.7028522775649213e-05,7.556406981694339e-05,0.08966666666666667
power-grid,5,393,1860,0,0.0,0.0,0.0,0.0,5.0,0.0,0.0,0.0,0.0,0.0,0.0,0.0,0.0,0.0,0.0,0.0,0.0,0.0,0.0
power-grid,5,2121,3323,0,0.0,0.0,0.0,0.0,3.0,0.0,0.0,0.0,0.0,0.0,0.0,0.0,0.0,0.0,0.0,0.0,0.0,0.0,0.0
power-grid,5,402,436,1,1.0,0.6213349345596119,0.2,0.2,12.0,0.14285714285714285,0.2886751345948129,0.25,0.5,0.16666666666666666,0.08333333333333333,0.4,0.9059372756656542,0.0,0.0625,1.0,0.0,3.192848020434227e-05,0.03333333333333333
power-grid,5,1993,1995,1,0.0,0.0,0.0,0.1333333333333333,6.0,0.0,0.0,0.0,0.0,0.0,0.0,0.0,0.0,0.0,0.0,0.001,1.0642826734780757e-05,1.0642826734780757e-05,0.02222222222222222
power-grid,5,939,4927,0,0.0,0.0,0.0,0.0,8.0,0.0,0.0,0.0,0.0,0.0,0.0,0.0,0.0,0.0,0.0,0.0,0.0,0.0,0.0
power-grid,5,2781,3001,1,0.0,0.0,0.0,0.04999999999999999,15.0,0.0,0.0,0.0,0.0,0.0,0.0,0.0,0.0,0.0,0.0,0.001,7.982120051085567e-06,7.982120051085567e-06,0.013333333333333332
power-grid,5,4152,4163,1,0.0,0.0,0.0,0.0,12.0,0.0,0.0,0.0,0.0,0.0,0.0,0.0,0.0,0.0,0.0,0.0,0.0,0.0,0.0
power-grid,5,2203,4935,0,0.0,0.0,0.0,0.0,4.0,0.0,0.0,0.0,0.0,0.0,0.0,0.0,0.0,0.0,0.0,0.0,0.0,0.0,0.0
power-grid,5,2534,2821,1,1.0,0.43429448190325176,0.1,0.1,6.0,0.25,0.4082482904638631,0.4,0.5,0.3333333333333333,0.16666666666666666,0.2,0.576971032104621,0.0,0.16000000000000003,1.0,0.0,1.5964240102171135e-05,0.03333333333333333
power-grid,5,4115,4211,1,1.0,0.48089834696298783,0.125,0.125,6.0,0.25,0.4082482904638631,0.4,0.5,0.3333333333333333,0.16666666666666666,0.25,0.651669351866709,0.0,0.16000000000000003,1.0,0.0,1.9955300127713922e-05,0.0625
power-grid,5,2809,3714,0,0.0,0.0,0.0,0.0,2.0,0.0,0.0,0.0,0.0,0.0,0.0,0.0,0.0,0.0,0.0,0.0,0.0,0.0,0.0
power-grid,5,1898,3682,0,0.0,0.0,0.0,0.0,2.0,0.0,0.0,0.0,0.0,0.0,0.0,0.0,0.0,0.0,0.0,0.0,0.0,0.0,0.0
power-grid,5,1377,1982,0,0.0,0.0,0.0,0.0,6.0,0.0,0.0,0.0,0.0,0.0,0.0,0.0,0.0,0.0,0.0,0.0,0.0,0.0,0.0
power-grid,5,595,3534,0,0.0,0.0,0.0,0.0,1.0,0.0,0.0,0.0,0.0,0.0,0.0,0.0,0.0,0.0,0.0,0.0,0.0,0.0,0.0
power-grid,5,1524,1632,1,0.0,0.0,0.0,0.0,4.0,0.0,0.0,0.0,0.0,0.0,0.0,0.0,0.0,0.0,0.0,0.0,0.0,0.0,0.0
power-grid,5,1100,1954,0,0.0,0.0,0.0,0.0,18.0,0.0,0.0,0.0,0.0,0.0,0.0,0.0,0.0,0.0,0.0,0.0,0.0,0.0,0.0
power-grid,5,1309,1436,1,0.0,0.0,0.0,0.0,20.0,0.0,0.0,0.0,0.0,0.0,0.0,0.0,0.0,0.0,0.0,0.0,0.0,0.0,0.0
power-grid,5,2243,2794,0,0.0,0.0,0.0,0.0,6.0,0.0,0.0,0.0,0.0,0.0,0.0,0.0,0.0,0.0,0.0,0.0,0.0,0.0,0.0
power-grid,5,4014,4335,0,0.0,0.0,0.0,0.0,12.0,0.0,0.0,0.0,0.0,0.0,0.0,0.0,0.0,0.0,0.0,0.0,0.0,0.0,0.0
power-grid,5,307,2267,0,0.0,0.0,0.0,0.0,5.0,0.0,0.0,0.0,0.0,0.0,0.0,0.0,0.0,0.0,0.0,0.0,0.0,0.0,0.0
power-grid,5,2084,4874,0,0.0,0.0,0.0,0.0,6.0,0.0,0.0,0.0,0.0,0.0,0.0,0.0,0.0,0.0,0.0,0.0,0.0,0.0,0.0
power-grid,5,3864,4092,0,0.0,0.0,0.0,0.0,8.0,0.0,0.0,0.0,0.0,0.0,0.0,0.0,0.0,0.0,0.0,0.0,0.0,0.0,0.0
power-grid,5,505,2001,0,0.0,0.0,0.0,0.0,6.0,0.0,0.0,0.0,0.0,0.0,0.0,0.0,0.0,0.0,0.0,0.0,0.0,0.0,0.0
power-grid,5,282,2062,0,0.0,0.0,0.0,0.0,3.0,0.0,0.0,0.0,0.0,0.0,0.0,0.0,0.0,0.0,0.0,0.0,0.0,0.0,0.0
power-grid,5,659,4124,0,0.0,0.0,0.0,0.0,3.0,0.0,0.0,0.0,0.0,0.0,0.0,0.0,0.0,0.0,0.0,0.0,0.0,0.0,0.0
power-grid,5,417,2743,0,0.0,0.0,0.0,0.0,2.0,0.0,0.0,0.0,0.0,0.0,0.0,0.0,0.0,0.0,0.0,0.0,0.0,0.0,0.0
power-grid,5,1380,4006,0,0.0,0.0,0.0,0.0,6.0,0.0,0.0,0.0,0.0,0.0,0.0,0.0,0.0,0.0,0.0,0.0,0.0,0.0,0.0
power-grid,5,2268,3336,0,0.0,0.0,0.0,0.0,20.0,0.0,0.0,0.0,0.0,0.0,0.0,0.0,0.0,0.0,0.0,0.0,0.0,0.0,0.0
power-grid,5,4372,4391,1,0.0,0.0,0.0,0.2595238095238095,21.0,0.0,0.0,0.0,0.0,0.0,0.0,0.0,0.0,0.0,0.0,0.004,1.3366883577611546e-05,1.3366883577611546e-05,0.0358404369978444
power-grid,5,4476,4678,1,0.0,0.0,0.0,0.0,10.0,0.0,0.0,0.0,0.0,0.0,0.0,0.0,0.0,0.0,0.0,0.0,0.0,0.0,0.0
power-grid,5,2622,2702,1,0.0,0.0,0.0,0.0,6.0,0.0,0.0,0.0,0.0,0.0,0.0,0.0,0.0,0.0,0.0,0.0,0.0,0.0,0.0
power-grid,5,2843,3096,1,2.0,0.8598745986309444,0.1984126984126984,0.8174603174603174,8.0,0.5,0.7071067811865475,0.6666666666666666,1.0,0.5,0.25,0.2976190476190476,1.1436836573899272,0.1984126984126984,0.4444444444444444,2.003,6.968517504915972e-06,3.864359707271584e-05,0.051587301587301584
power-grid,5,1353,1379,1,0.0,0.0,0.0,0.0,12.0,0.0,0.0,0.0,0.0,0.0,0.0,0.0,0.0,0.0,0.0,0.0,0.0,0.0,0.0
power-grid,5,3834,3863,1,0.0,0.0,0.0,0.0,24.0,0.0,0.0,0.0,0.0,0.0,0.0,0.0,0.0,0.0,0.0,0.0,0.0,0.0,0.0
power-grid,5,3874,3903,1,0.0,0.0,0.0,0.25,8.0,0.0,0.0,0.0,0.0,0.0,0.0,0.0,0.0,0.0,0.0,0.001,4.4345111394919825e-06,4.4345111394919825e-06,0.018518518518518517
power-grid,5,3232,3884,0,0.0,0.0,0.0,0.0,4.0,0.0,0.0,0.0,0.0,0.0,0.0,0.0,0.0,0.0,0.0,0.0,0.0,0.0,0.0
power-grid,5,2962,3550,0,0.0,0.0,0.0,0.0,2.0,0.0,0.0,0.0,0.0,0.0,0.0,0.0,0.0,0.0,0.0,0.0,0.0,0.0,0.0
power-grid,5,834,3597,0,0.0,0.0,0.0,0.0,4.0,0.0,0.0,0.0,0.0,0.0,0.0,0.0,0.0,0.0,0.0,0.0,0.0,0.0,0.0
power-grid,5,2072,2859,0,0.0,0.0,0.0,0.0,2.0,0.0,0.0,0.0,0.0,0.0,0.0,0.0,0.0,0.0,0.0,0.0,0.0,0.0,0.0
power-grid,5,683,2892,0,0.0,0.0,0.0,0.0,1.0,0.0,0.0,0.0,0.0,0.0,0.0,0.0,0.0,0.0,0.0,0.0,0.0,0.0,0.0
power-grid,5,2780,3011,1,0.0,0.0,0.0,0.16666666666666666,4.0,0.0,0.0,0.0,0.0,0.0,0.0,0.0,0.0,0.0,0.0,0.001,8.869022278983965e-06,8.869022278983965e-06,0.013888888888888888
power-grid,5,213,3361,0,0.0,0.0,0.0,0.0,3.0,0.0,0.0,0.0,0.0,0.0,0.0,0.0,0.0,0.0,0.0,0.0,0.0,0.0,0.0
power-grid,5,1041,4166,0,0.0,0.0,0.0,0.0,10.0,0.0,0.0,0.0,0.0,0.0,0.0,0.0,0.0,0.0,0.0,0.0,0.0,0.0,0.0
power-grid,5,1147,1830,0,0.0,0.0,0.0,0.0,10.0,0.0,0.0,0.0,0.0,0.0,0.0,0.0,0.0,0.0,0.0,0.0,0.0,0.0,0.0
power-grid,5,2141,3353,0,0.0,0.0,0.0,0.0,8.0,0.0,0.0,0.0,0.0,0.0,0.0,0.0,0.0,0.0,0.0,0.0,0.0,0.0,0.0
power-grid,5,1256,1326,1,0.0,0.0,0.0,0.0,18.0,0.0,0.0,0.0,0.0,0.0,0.0,0.0,0.0,0.0,0.0,0.0,0.0,0.0,0.0
power-grid,5,554,4264,0,0.0,0.0,0.0,0.0,6.0,0.0,0.0,0.0,0.0,0.0,0.0,0.0,0.0,0.0,0.0,0.0,0.0,0.0,0.0
power-grid,5,3512,3564,1,0.0,0.0,0.0,0.1333333333333333,6.0,0.0,0.0,0.0,0.0,0.0,0.0,0.0,0.0,0.0,0.0,0.001,1.0642826734780757e-05,1.0642826734780757e-05,0.03333333333333333
power-grid,5,790,1599,0,0.0,0.0,0.0,0.0,3.0,0.0,0.0,0.0,0.0,0.0,0.0,0.0,0.0,0.0,0.0,0.0,0.0,0.0,0.0
power-grid,5,1171,2233,0,0.0,0.0,0.0,0.0,3.0,0.0,0.0,0.0,0.0,0.0,0.0,0.0,0.0,0.0,0.0,0.0,0.0,0.0,0.0
power-grid,5,887,4577,0,0.0,0.0,0.0,0.0,1.0,0.0,0.0,0.0,0.0,0.0,0.0,0.0,0.0,0.0,0.0,0.0,0.0,0.0,0.0
power-grid,5,1281,2923,0,0.0,0.0,0.0,0.0,3.0,0.0,0.0,0.0,0.0,0.0,0.0,0.0,0.0,0.0,0.0,0.0,0.0,0.0,0.0
power-grid,5,2550,2551,1,1.0,0.45511961331341866,0.1111111111111111,0.3333333333333333,18.0,0.125,0.23570226039551587,0.2222222222222222,0.3333333333333333,0.16666666666666666,0.05555555555555555,0.2222222222222222,0.5499489137653928,0.0,0.04938271604938271,1.001,5.912681519322642e-06,2.365072607729057e-05,0.024691358024691357
power-grid,5,3321,3632,1,1.0,0.43429448190325176,0.1,0.1,4.0,0.25,0.5,0.4,1.0,0.25,0.25,0.2,0.4184184734987664,0.0,0.16000000000000003,1.0,0.0,1.596424010217114e-05,0.025
power-grid,5,506,2808,0,0.0,0.0,0.0,0.0,3.0,0.0,0.0,0.0,0.0,0.0,0.0,0.0,0.0,0.0,0.0,0.0,0.0,0.0,0.0
power-grid,5,1407,4929,0,0.0,0.0,0.0,0.0,4.0,0.0,0.0,0.0,0.0,0.0,0.0,0.0,0.0,0.0,0.0,0.0,0.0,0.0,0.0
power-grid,5,257,964,0,0.0,0.0,0.0,0.0,12.0,0.0,0.0,0.0,0.0,0.0,0.0,0.0,0.0,0.0,0.0,0.0,0.0,0.0,0.0
power-grid,5,2955,2956,1,1.0,0.48089834696298783,0.125,0.125,6.0,0.25,0.4082482904638631,0.4,0.5,0.3333333333333333,0.16666666666666666,0.25,0.5831859899359166,0.0,0.16000000000000003,1.0,0.0,1.9955300127713922e-05,0.0625
power-grid,5,2376,2403,1,1.0,0.45511961331341866,0.1111111111111111,0.1111111111111111,2.0,0.5,0.7071067811865475,0.6666666666666666,1.0,0.5,0.5,0.2222222222222222,0.5906029273017823,0.0,0.3200026755277598,1.0,0.0,1.773804455796793e-05,0.05555555555555555
power-grid,5,4138,4162,1,0.0,0.0,0.0,0.1333333333333333,25.0,0.0,0.0,0.0,0.0,0.0,0.0,0.0,0.0,0.0,0.0,0.002,1.507733787427274e-05,1.507733787427274e-05,0.01888888888888889
power-grid,5,2901,3068,0,0.0,0.0,0.0,0.0,1.0,0.0,0.0,0.0,0.0,0.0,0.0,0.0,0.0,0.0,0.0,0.0,0.0,0.0,0.0
power-grid,5,3850,3851,1,0.0,0.0,0.0,0.0,2.0,0.0,0.0,0.0,0.0,0.0,0.0,0.0,0.0,0.0,0.0,0.0,0.0,0.0,0.0
power-grid,5,908,2152,0,0.0,0.0,0.0,0.0,1.0,0.0,0.0,0.0,0.0,0.0,0.0,0.0,0.0,0.0,0.0,0.0,0.0,0.0,0.0
power-grid,5,4000,4029,1,0.0,0.0,0.0,0.0,24.0,0.0,0.0,0.0,0.0,0.0,0.0,0.0,0.0,0.0,0.0,0.0,0.0,0.0,0.0
power-grid,5,1065,2347,0,0.0,0.0,0.0,0.0,6.0,0.0,0.0,0.0,0.0,0.0,0.0,0.0,0.0,0.0,0.0,0.0,0.0,0.0,0.0
power-grid,5,1373,4314,0,0.0,0.0,0.0,0.0,4.0,0.0,0.0,0.0,0.0,0.0,0.0,0.0,0.0,0.0,0.0,0.0,0.0,0.0,0.0
power-grid,5,2812,3172,0,0.0,0.0,0.0,0.0,1.0,0.0,0.0,0.0,0.0,0.0,0.0,0.0,0.0,0.0,0.0,0.0,0.0,0.0,0.0
power-grid,5,1442,2276,0,0.0,0.0,0.0,0.0,18.0,0.0,0.0,0.0,0.0,0.0,0.0,0.0,0.0,0.0,0.0,0.0,0.0,0.0,0.0
power-grid,5,528,530,1,0.0,0.0,0.0,0.0,4.0,0.0,0.0,0.0,0.0,0.0,0.0,0.0,0.0,0.0,0.0,0.0,0.0,0.0,0.0
power-grid,5,915,3174,0,0.0,0.0,0.0,0.0,5.0,0.0,0.0,0.0,0.0,0.0,0.0,0.0,0.0,0.0,0.0,0.0,0.0,0.0,0.0
power-grid,5,347,600,0,0.0,0.0,0.0,0.0,1.0,0.0,0.0,0.0,0.0,0.0,0.0,0.0,0.0,0.0,0.0,0.0,0.0,0.0,0.0
power-grid,5,4661,4662,1,0.0,0.0,0.0,0.0,3.0,0.0,0.0,0.0,0.0,0.0,0.0,0.0,0.0,0.0,0.0,0.0,0.0,0.0,0.0
power-grid,5,2031,2175,1,0.0,0.0,0.0,0.0,6.0,0.0,0.0,0.0,0.0,0.0,0.0,0.0,0.0,0.0,0.0,0.0,0.0,0.0,0.0
power-grid,5,2373,3671,0,0.0,0.0,0.0,0.0,3.0,0.0,0.0,0.0,0.0,0.0,0.0,0.0,0.0,0.0,0.0,0.0,0.0,0.0,0.0
power-grid,5,1430,1432,1,0.0,0.0,0.0,0.0,4.0,0.0,0.0,0.0,0.0,0.0,0.0,0.0,0.0,0.0,0.0,0.0,0.0,0.0,0.0
power-grid,5,1419,1453,1,0.0,0.0,0.0,0.0,12.0,0.0,0.0,0.0,0.0,0.0,0.0,0.0,0.0,0.0,0.0,0.0,0.0,0.0,0.0
power-grid,5,1230,1231,1,0.0,0.0,0.0,0.0,4.0,0.0,0.0,0.0,0.0,0.0,0.0,0.0,0.0,0.0,0.0,0.0,0.0,0.0,0.0
power-grid,5,3572,3657,1,0.0,0.0,0.0,0.0,2.0,0.0,0.0,0.0,0.0,0.0,0.0,0.0,0.0,0.0,0.0,0.0,0.0,0.0,0.0
power-grid,5,1356,1558,1,1.0,0.9102392266268373,0.3333333333333333,0.4666666666666666,6.0,0.16666666666666666,0.4082482904638631,0.2857142857142857,1.0,0.16666666666666666,0.16666666666666666,0.6666666666666666,2.354461064095234,0.0,0.08163265306122448,1.001,1.0642826734780758e-05,6.385696040868454e-05,0.05555555555555555
power-grid,5,90,317,0,0.0,0.0,0.0,0.0,2.0,0.0,0.0,0.0,0.0,0.0,0.0,0.0,0.0,0.0,0.0,0.0,0.0,0.0,0.0
power-grid,5,1424,2805,0,0.0,0.0,0.0,0.0,3.0,0.0,0.0,0.0,0.0,0.0,0.0,0.0,0.0,0.0,0.0,0.0,0.0,0.0,0.0
power-grid,5,2850,2851,1,0.0,0.0,0.0,0.33333333333333337,9.0,0.0,0.0,0.0,0.0,0.0,0.0,0.0,0.0,0.0,0.0,0.001,1.3303533418475946e-05,1.3303533418475946e-05,0.08333333333333333
power-grid,5,2860,3323,0,0.0,0.0,0.0,0.0,9.0,0.0,0.0,0.0,0.0,0.0,0.0,0.0,0.0,0.0,0.0,0.0,0.0,0.0,0.0
power-grid,5,342,343,1,0.0,0.0,0.0,0.0,3.0,0.0,0.0,0.0,0.0,0.0,0.0,0.0,0.0,0.0,0.0,0.0,0.0,0.0,0.0
power-grid,5,2078,4421,0,0.0,0.0,0.0,0.0,8.0,0.0,0.0,0.0,0.0,0.0,0.0,0.0,0.0,0.0,0.0,0.0,0.0,0.0,0.0
power-grid,5,2378,2386,1,0.0,0.0,0.0,0.0,4.0,0.0,0.0,0.0,0.0,0.0,0.0,0.0,0.0,0.0,0.0,0.0,0.0,0.0,0.0
power-grid,5,776,1951,0,0.0,0.0,0.0,0.0,9.0,0.0,0.0,0.0,0.0,0.0,0.0,0.0,0.0,0.0,0.0,0.0,0.0,0.0,0.0
power-grid,5,994,1818,0,0.0,0.0,0.0,0.0,6.0,0.0,0.0,0.0,0.0,0.0,0.0,0.0,0.0,0.0,0.0,0.0,0.0,0.0,0.0
power-grid,5,1284,1526,1,0.0,0.0,0.0,0.0,4.0,0.0,0.0,0.0,0.0,0.0,0.0,0.0,0.0,0.0,0.0,0.0,0.0,0.0,0.0
power-grid,5,4357,4417,1,1.0,0.45511961331341866,0.1111111111111111,0.3333333333333333,12.0,0.14285714285714285,0.2886751345948129,0.25,0.5,0.16666666666666666,0.08333333333333333,0.2222222222222222,0.621894013721364,0.0,0.0625,1.001,5.912681519322642e-06,2.365072607729057e-05,0.024691358024691357
power-grid,5,1291,2689,0,0.0,0.0,0.0,0.0,3.0,0.0,0.0,0.0,0.0,0.0,0.0,0.0,0.0,0.0,0.0,0.0,0.0,0.0,0.0
power-grid,5,2642,4217,0,0.0,0.0,0.0,0.0,2.0,0.0,0.0,0.0,0.0,0.0,0.0,0.0,0.0,0.0,0.0,0.0,0.0,0.0,0.0
power-grid,5,2440,4458,1,0.0,0.0,0.0,0.0,14.0,0.0,0.0,0.0,0.0,0.0,0.0,0.0,0.0,0.0,0.0,0.0,0.0,0.0,0.0
power-grid,5,117,3787,0,0.0,0.0,0.0,0.0,2.0,0.0,0.0,0.0,0.0,0.0,0.0,0.0,0.0,0.0,0.0,0.0,0.0,0.0,0.0
power-grid,5,1596,2038,1,0.0,0.0,0.0,0.0,3.0,0.0,0.0,0.0,0.0,0.0,0.0,0.0,0.0,0.0,0.0,0.0,0.0,0.0,0.0
power-grid,5,2820,2952,1,2.0,1.4683498531780845,0.5,0.8333333333333333,20.0,0.2857142857142857,0.4472135954999579,0.4444444444444444,0.5,0.4,0.1,0.75,3.745218669979029,0.5,0.19753086419753085,2.002,1.773804455796793e-05,9.755924506882362e-05,0.1388888888888889
power-grid,5,4568,4679,1,0.0,0.0,0.0,0.0,1.0,0.0,0.0,0.0,0.0,0.0,0.0,0.0,0.0,0.0,0.0,0.0,0.0,0.0,0.0
power-grid,5,2358,2371,1,0.0,0.0,0.0,0.0,2.0,0.0,0.0,0.0,0.0,0.0,0.0,0.0,0.0,0.0,0.0,0.0,0.0,0.0,0.0
power-grid,5,327,3979,0,0.0,0.0,0.0,0.0,24.0,0.0,0.0,0.0,0.0,0.0,0.0,0.0,0.0,0.0,0.0,0.0,0.0,0.0,0.0
power-grid,5,4721,4751,1,0.0,0.0,0.0,0.0,6.0,0.0,0.0,0.0,0.0,0.0,0.0,0.0,0.0,0.0,0.0,0.0,0.0,0.0,0.0
power-grid,5,4602,4820,1,0.0,0.0,0.0,0.0,15.0,0.0,0.0,0.0,0.0,0.0,0.0,0.0,0.0,0.0,0.0,0.0,0.0,0.0,0.0
power-grid,5,2509,2627,1,0.0,0.0,0.0,0.04999999999999999,15.0,0.0,0.0,0.0,0.0,0.0,0.0,0.0,0.0,0.0,0.0,0.001,7.982120051085567e-06,7.982120051085567e-06,0.016666666666666666
power-grid,5,2407,4617,0,0.0,0.0,0.0,0.0,8.0,0.0,0.0,0.0,0.0,0.0,0.0,0.0,0.0,0.0,0.0,0.0,0.0,0.0,0.0
power-grid,5,2347,3808,0,0.0,0.0,0.0,0.0,4.0,0.0,0.0,0.0,0.0,0.0,0.0,0.0,0.0,0.0,0.0,0.0,0.0,0.0,0.0
power-grid,5,2324,2859,0,0.0,0.0,0.0,0.0,1.0,0.0,0.0,0.0,0.0,0.0,0.0,0.0,0.0,0.0,0.0,0.0,0.0,0.0,0.0
power-grid,5,1945,2148,1,0.0,0.0,0.0,0.0,4.0,0.0,0.0,0.0,0.0,0.0,0.0,0.0,0.0,0.0,0.0,0.001,9.977650063856961e-06,9.977650063856961e-06,0.015625
power-grid,5,4886,4888,1,0.0,0.0,0.0,0.0,6.0,0.0,0.0,0.0,0.0,0.0,0.0,0.0,0.0,0.0,0.0,0.001,1.773804455796793e-05,1.773804455796793e-05,0.05555555555555555
power-grid,5,2791,2792,1,0.0,0.0,0.0,0.0,4.0,0.0,0.0,0.0,0.0,0.0,0.0,0.0,0.0,0.0,0.0,0.0,0.0,0.0,0.0
power-grid,5,361,362,1,0.0,0.0,0.0,0.0,8.0,0.0,0.0,0.0,0.0,0.0,0.0,0.0,0.0,0.0,0.0,0.0,0.0,0.0,0.0
power-grid,5,3855,3912,1,0.0,0.0,0.0,0.0,2.0,0.0,0.0,0.0,0.0,0.0,0.0,0.0,0.0,0.0,0.0,0.0,0.0,0.0,0.0
power-grid,5,2018,2523,0,0.0,0.0,0.0,0.0,1.0,0.0,0.0,0.0,0.0,0.0,0.0,0.0,0.0,0.0,0.0,0.0,0.0,0.0,0.0
power-grid,5,138,208,0,0.0,0.0,0.0,0.023809523809523808,12.0,0.0,0.0,0.0,0.0,0.0,0.0,0.0,0.0,0.0,0.0,0.001,3.8010095481359844e-06,3.8010095481359844e-06,0.003968253968253968
power-grid,5,426,447,1,1.0,0.7213475204444817,0.25,0.3,8.0,0.2,0.35355339059327373,0.3333333333333333,0.5,0.25,0.125,0.5,1.5687314579803584,0.0,0.1111111111111111,1.001,7.98212005108557e-06,4.789272030651341e-05,0.075
power-grid,5,1230,1402,1,0.0,0.0,0.0,0.08333333333333334,4.0,0.0,0.0,0.0,0.0,0.0,0.0,0.0,0.0,0.0,0.0,0.001,6.651766709237974e-06,6.651766709237974e-06,0.020833333333333332
power-grid,5,2614,2617,1,1.0,0.48089834696298783,0.125,0.125,16.0,0.1111111111111111,0.25,0.2,0.5,0.125,0.0625,0.25,0.441394693527143,0.0,0.04000000000000001,1.0,0.0,1.9955300127713922e-05,0.0625
power-grid,5,1088,1091,1,1.0,0.7213475204444817,0.25,0.29166666666666663,27.0,0.09090909090909091,0.19245008972987526,0.16666666666666666,0.3333333333333333,0.1111111111111111,0.037037037037037035,0.5,1.2523148646475393,0.0,0.027777777777777776,1.001,3.3258833546189864e-06,4.323648361004683e-05,0.09027777777777778
power-grid,5,1623,2115,1,0.0,0.0,0.0,0.0,4.0,0.0,0.0,0.0,0.0,0.0,0.0,0.0,0.0,0.0,0.0,0.001,1.773804455796793e-05,1.773804455796793e-05,0.027777777777777776
power-grid,5,950,951,1,0.0,0.0,0.0,0.04999999999999999,12.0,0.0,0.0,0.0,0.0,0.0,0.0,0.0,0.0,0.0,0.0,0.002,2.5720164609053497e-05,2.5720164609053497e-05,0.0537037037037037
power-grid,5,843,862,1,0.0,0.0,0.0,0.0,3.0,0.0,0.0,0.0,0.0,0.0,0.0,0.0,0.0,0.0,0.0,0.0,0.0,0.0,0.0
power-grid,5,763,814,1,0.0,0.0,0.0,0.0,6.0,0.0,0.0,0.0,0.0,0.0,0.0,0.0,0.0,0.0,0.0,0.0,0.0,0.0,0.0
power-grid,5,1069,3368,0,0.0,0.0,0.0,0.0,21.0,0.0,0.0,0.0,0.0,0.0,0.0,0.0,0.0,0.0,0.0,0.0,0.0,0.0,0.0
power-grid,5,1370,1495,1,0.0,0.0,0.0,0.0,2.0,0.0,0.0,0.0,0.0,0.0,0.0,0.0,0.0,0.0,0.0,0.0,0.0,0.0,0.0
power-grid,5,4172,4218,1,1.0,0.7213475204444817,0.25,0.625,30.0,0.1,0.18257418583505536,0.18181818181818182,0.2,0.16666666666666666,0.03333333333333333,0.5,1.2523148646475393,0.0,0.03305785123966942,1.001,9.977650063856961e-06,4.98882503192848e-05,0.06354166666666666
power-grid,5,861,3856,0,0.0,0.0,0.0,0.0,4.0,0.0,0.0,0.0,0.0,0.0,0.0,0.0,0.0,0.0,0.0,0.0,0.0,0.0,0.0
power-grid,5,2801,3284,1,1.0,0.3459762562611936,0.05555555555555555,0.9888888888888889,10.0,0.16666666666666666,0.31622776601683794,0.2857142857142857,0.5,0.2,0.1,0.1111111111111111,0.25567146711871314,0.0,0.08163265306122448,1.003,9.755924506882362e-06,1.8624946785866327e-05,0.04666666666666666
power-grid,5,750,4660,0,0.0,0.0,0.0,0.0,25.0,0.0,0.0,0.0,0.0,0.0,0.0,0.0,0.0,0.0,0.0,0.0,0.0,0.0,0.0
power-grid,5,2204,2555,0,0.0,0.0,0.0,0.0,1.0,0.0,0.0,0.0,0.0,0.0,0.0,0.0,0.0,0.0,0.0,0.0,0.0,0.0,0.0
power-grid,5,1660,4723,0,0.0,0.0,0.0,0.0,4.0,0.0,0.0,0.0,0.0,0.0,0.0,0.0,0.0,0.0,0.0,0.0,0.0,0.0,0.0
power-grid,5,467,3902,0,0.0,0.0,0.0,0.0,6.0,0.0,0.0,0.0,0.0,0.0,0.0,0.0,0.0,0.0,0.0,0.0,0.0,0.0,0.0
power-grid,5,4864,4887,1,0.0,0.0,0.0,0.0,6.0,0.0,0.0,0.0,0.0,0.0,0.0,0.0,0.0,0.0,0.0,0.0,0.0,0.0,0.0
power-grid,5,2576,2989,1,1.0,0.6213349345596119,0.2,0.2,5.0,0.2,0.4472135954999579,0.3333333333333333,1.0,0.2,0.2,0.4,1.1456764251106726,0.0,0.1111111111111111,1.0,0.0,3.192848020434228e-05,0.04
power-grid,5,1296,1444,0,0.0,0.0,0.0,0.0,16.0,0.0,0.0,0.0,0.0,0.0,0.0,0.0,0.0,0.0,0.0,0.0,0.0,0.0,0.0
power-grid,5,1256,4080,0,0.0,0.0,0.0,0.0,8.0,0.0,0.0,0.0,0.0,0.0,0.0,0.0,0.0,0.0,0.0,0.0,0.0,0.0,0.0
power-grid,5,1093,4886,0,0.0,0.0,0.0,0.0,8.0,0.0,0.0,0.0,0.0,0.0,0.0,0.0,0.0,0.0,0.0,0.0,0.0,0.0,0.0
power-grid,5,560,1511,0,0.0,0.0,0.0,0.0,3.0,0.0,0.0,0.0,0.0,0.0,0.0,0.0,0.0,0.0,0.0,0.0,0.0,0.0,0.0
power-grid,5,4172,4193,1,1.0,0.6213349345596119,0.2,0.2,30.0,0.1,0.18257418583505536,0.18181818181818182,0.2,0.16666666666666666,0.03333333333333333,0.4,0.9059372756656542,0.0,0.03305785123966942,1.0,0.0,3.192848020434227e-05,0.04
power-grid,5,73,3007,0,0.0,0.0,0.0,0.0,6.0,0.0,0.0,0.0,0.0,0.0,0.0,0.0,0.0,0.0,0.0,0.0,0.0,0.0,0.0
power-grid,5,1770,1894,0,0.0,0.0,0.0,0.0,4.0,0.0,0.0,0.0,0.0,0.0,0.0,0.0,0.0,0.0,0.0,0.0,0.0,0.0,0.0
power-grid,5,710,3195,0,0.0,0.0,0.0,0.0,1.0,0.0,0.0,0.0,0.0,0.0,0.0,0.0,0.0,0.0,0.0,0.0,0.0,0.0,0.0
power-grid,5,4401,4402,1,1.0,0.43429448190325176,0.1,0.4443722943722943,35.0,0.09090909090909091,0.1690308509457033,0.16666666666666666,0.2,0.14285714285714285,0.02857142857142857,0.2,0.689732215636353,0.0,0.027777777777777776,1.006,1.4495668231300415e-05,3.045990833347155e-05,0.034163347763347764
power-grid,5,4150,4202,1,1.0,0.6213349345596119,0.2,0.2,3.0,0.3333333333333333,0.5773502691896258,0.5,1.0,0.3333333333333333,0.3333333333333333,0.4,0.9059372756656542,0.0,0.25,1.0,0.0,3.192848020434227e-05,0.2
power-grid,5,4646,4675,1,0.0,0.0,0.0,0.0,2.0,0.0,0.0,0.0,0.0,0.0,0.0,0.0,0.0,0.0,0.0,0.0,0.0,0.0,0.0
power-grid,5,1244,1306,1,1.0,0.6213349345596119,0.2,0.2,20.0,0.125,0.22360679774997896,0.2222222222222222,0.25,0.2,0.05,0.4,0.9059372756656542,0.0,0.04938271604938271,1.0,0.0,3.192848020434228e-05,0.04
power-grid,5,420,2283,1,1.0,0.48089834696298783,0.125,0.125,6.0,0.25,0.4082482904638631,0.4,0.5,0.3333333333333333,0.16666666666666666,0.25,0.441394693527143,0.0,0.16000000000000003,1.0,0.0,1.9955300127713922e-05,0.041666666666666664
power-grid,5,2918,2928,1,1.0,0.48089834696298783,0.125,0.3333333333333333,12.0,0.14285714285714285,0.2886751345948129,0.25,0.5,0.16666666666666666,0.08333333333333333,0.25,0.5831859899359166,0.0,0.0625,1.001,6.651766709237973e-06,2.660706683695189e-05,0.020833333333333332
power-grid,5,1172,1899,0,0.0,0.0,0.0,0.0,3.0,0.0,0.0,0.0,0.0,0.0,0.0,0.0,0.0,0.0,0.0,0.0,0.0,0.0,0.0
power-grid,5,506,2281,0,0.0,0.0,0.0,0.0,9.0,0.0,0.0,0.0,0.0,0.0,0.0,0.0,0.0,0.0,0.0,0.0,0.0,0.0,0.0
power-grid,5,2672,2674,1,0.0,0.0,0.0,0.0,6.0,0.0,0.0,0.0,0.0,0.0,0.0,0.0,0.0,0.0,0.0,0.0,0.0,0.0,0.0
power-grid,5,2456,2617,1,1.0,0.45511961331341866,0.1111111111111111,0.5,16.0,0.1111111111111111,0.25,0.2,0.5,0.125,0.0625,0.2222222222222222,0.5499489137653928,0.0,0.04000000000000001,1.001,8.869022278983965e-06,2.6607066836951895e-05,0.08680555555555555
power-grid,5,1661,1820,1,0.0,0.0,0.0,0.0,4.0,0.0,0.0,0.0,0.0,0.0,0.0,0.0,0.0,0.0,0.0,0.0,0.0,0.0,0.0
power-grid,5,4247,4448,0,0.0,0.0,0.0,0.0,5.0,0.0,0.0,0.0,0.0,0.0,0.0,0.0,0.0,0.0,0.0,0.0,0.0,0.0,0.0
power-grid,5,1907,3539,0,0.0,0.0,0.0,0.0,2.0,0.0,0.0,0.0,0.0,0.0,0.0,0.0,0.0,0.0,0.0,0.0,0.0,0.0,0.0
power-grid,5,4332,4402,1,3.0,1.5505157350057461,0.43333333333333335,0.9595238095238094,63.0,0.23076923076923078,0.3779644730092272,0.375,0.42857142857142855,0.3333333333333333,0.047619047619047616,0.7222222222222222,3.139052550300099,0.8666666666666667,0.140625,3.01,3.0513659983647212e-05,9.969203375972213e-05,0.06381620437175993
power-grid,5,4839,4904,1,0.0,0.0,0.0,0.0,1.0,0.0,0.0,0.0,0.0,0.0,0.0,0.0,0.0,0.0,0.0,0.0,0.0,0.0,0.0
power-grid,5,1308,1476,1,0.0,0.0,0.0,0.0,4.0,0.0,0.0,0.0,0.0,0.0,0.0,0.0,0.0,0.0,0.0,0.0,0.0,0.0,0.0
power-grid,5,493,4446,1,0.0,0.0,0.0,0.0,15.0,0.0,0.0,0.0,0.0,0.0,0.0,0.0,0.0,0.0,0.0,0.0,0.0,0.0,0.0
power-grid,5,2916,2918,1,3.0,2.012472508149437,0.6583333333333333,1.0904761904761906,24.0,0.42857142857142855,0.6123724356957946,0.6,0.75,0.5,0.125,0.4388888888888889,3.9734649453760804,0.0,0.36,3.002,1.4538861521620142e-05,0.00011963677552758012,0.19378472222222223
power-grid,5,33,1291,0,0.0,0.0,0.0,0.0,3.0,0.0,0.0,0.0,0.0,0.0,0.0,0.0,0.0,0.0,0.0,0.0,0.0,0.0,0.0
power-grid,5,1458,4486,0,0.0,0.0,0.0,0.0,9.0,0.0,0.0,0.0,0.0,0.0,0.0,0.0,0.0,0.0,0.0,0.0,0.0,0.0,0.0
power-grid,5,1582,2443,0,0.0,0.0,0.0,0.0,10.0,0.0,0.0,0.0,0.0,0.0,0.0,0.0,0.0,0.0,0.0,0.0,0.0,0.0,0.0
power-grid,5,1834,3936,0,0.0,0.0,0.0,0.0,4.0,0.0,0.0,0.0,0.0,0.0,0.0,0.0,0.0,0.0,0.0,0.0,0.0,0.0,0.0
power-grid,5,2585,3700,0,0.0,0.0,0.0,0.0,22.0,0.0,0.0,0.0,0.0,0.0,0.0,0.0,0.0,0.0,0.0,0.0,0.0,0.0,0.0
power-grid,5,168,794,0,0.0,0.0,0.0,0.0,4.0,0.0,0.0,0.0,0.0,0.0,0.0,0.0,0.0,0.0,0.0,0.0,0.0,0.0,0.0
power-grid,5,3629,3741,1,0.0,0.0,0.0,0.0,1.0,0.0,0.0,0.0,0.0,0.0,0.0,0.0,0.0,0.0,0.0,0.0,0.0,0.0,0.0
power-grid,5,1789,4929,0,0.0,0.0,0.0,0.0,4.0,0.0,0.0,0.0,0.0,0.0,0.0,0.0,0.0,0.0,0.0,0.0,0.0,0.0,0.0
power-grid,5,1864,2331,0,0.0,0.0,0.0,0.0,4.0,0.0,0.0,0.0,0.0,0.0,0.0,0.0,0.0,0.0,0.0,0.0,0.0,0.0,0.0
