experiment_key,network,fold_id,method,score_column,min_score,max_score,mean_score,median_score,std_score,nonzero_ratio,zero_ratio
ego-Facebook__fold_1,ego-Facebook,1,CN,score_common_neighbors,0.0,147.0,18.17185273159145,2.0,27.977741869137336,0.582125890736342,0.417874109263658
ego-Facebook__fold_1,ego-Facebook,1,AA,score_adamic_adar,0.0,33.042798135420774,3.992301659950094,0.4605752817500926,5.838182193437455,0.582125890736342,0.417874109263658
ego-Facebook__fold_1,ego-Facebook,1,RA,score_resource_allocation,0.0,6.579500747632036,0.2185269795071017,0.027274562244537517,0.27602458527317064,0.582125890736342,0.417874109263658
ego-Facebook__fold_1,ego-Facebook,1,RA-CNI,score_ra_cni,0.0,86.57957400585208,6.975353727534926,2.35821674136169,9.262256095407645,0.6965855106888361,0.3034144893111639
ego-Facebook__fold_1,ego-Facebook,1,PA,score_preferential_attachment,1.0,154364.0,4156.658758907363,1165.0,6450.3861740231805,1.0,0.0
ego-Facebook__fold_1,ego-Facebook,1,JA,score_jaccard,0.0,1.0,0.14966674062130791,0.05555555555555555,0.17651080627545718,0.582125890736342,0.417874109263658
ego-Facebook__fold_1,ego-Facebook,1,SA,score_salton,0.0,1.0,0.23233874898664614,0.12909944487358055,0.24920719767703897,0.582125890736342,0.417874109263658
ego-Facebook__fold_1,ego-Facebook,1,SO,score_sorensen,0.0,1.0,0.2229284418821365,0.10526315789473684,0.24561477058960388,0.582125890736342,0.417874109263658
ego-Facebook__fold_1,ego-Facebook,1,HPI,score_hub_promoted,0.0,1.0,0.2989869689088318,0.21739130434782608,0.3054823430945312,0.582125890736342,0.417874109263658
ego-Facebook__fold_1,ego-Facebook,1,HDI,score_hub_depressed,0.0,1.0,0.19047767100116345,0.07142857142857142,0.22123892825970295,0.582125890736342,0.417874109263658
ego-Facebook__fold_1,ego-Facebook,1,LLHN,score_local_leicht_holme_newman,0.0,1.0,0.00639051919460517,0.0034879718003676093,0.018803973674042643,0.582125890736342,0.417874109263658
ego-Facebook__fold_1,ego-Facebook,1,IA2,score_individual_attraction_2,0.0,57.295009061832296,3.24916332418717,0.041358351596323645,6.503301218752478,0.582125890736342,0.417874109263658
ego-Facebook__fold_1,ego-Facebook,1,LNB-RA,score_lnb_resource_allocation,0.0,32.5605658818665,1.0434848209842043,0.1020133413280526,1.3587684110995089,0.582125890736342,0.417874109263658
ego-Facebook__fold_1,ego-Facebook,1,CAR-RA,score_car_resource_allocation,0.0,91.36146801907815,6.048045135558704,0.030679191828822783,12.285051328380789,0.5112232779097388,0.4887767220902613
ego-Facebook__fold_1,ego-Facebook,1,FSW,score_functional_similarity_weight,0.0,0.6540442768632293,0.10234893851807157,0.00510204081632653,0.14299672100944696,0.582125890736342,0.417874109263658
ego-Facebook__fold_1,ego-Facebook,1,LPI-beta-0.001,score_local_path_beta_0_001,0.0,164.232,19.92134536817102,2.1025,31.264591302530143,0.6965855106888361,0.3034144893111639
ego-Facebook__fold_1,ego-Facebook,1,LRW-l3,score_lrw_l3,0.0,6.122043322819607e-05,2.6220630309657156e-06,4.107291417983841e-07,3.4144982236535606e-06,0.6964964370546318,0.3035035629453682
ego-Facebook__fold_1,ego-Facebook,1,SRW-l3,score_srw_l3,0.0,0.00015337804798058472,5.682922199902905e-06,8.61859952732582e-07,7.23002155997425e-06,0.6965855106888361,0.3034144893111639
ego-Facebook__fold_1,ego-Facebook,1,PFP-l3,score_propflow_l3,0.0,0.27269323795800743,0.007996955607048202,0.002556428958833767,0.013799723346405796,0.6965855106888361,0.3034144893111639
ego-Facebook__fold_2,ego-Facebook,2,CN,score_common_neighbors,0.0,140.0,18.04629134746719,2.0,28.023853536044324,0.5827840133024527,0.41721598669754734
ego-Facebook__fold_2,ego-Facebook,2,AA,score_adamic_adar,0.0,30.487553443488125,3.964033179983928,0.4500381004839078,5.843721909694432,0.5827840133024527,0.41721598669754734
ego-Facebook__fold_2,ego-Facebook,2,RA,score_resource_allocation,0.0,3.0521030672512475,0.217099649061433,0.02727286608132848,0.27456632799820563,0.5827840133024527,0.41721598669754734
ego-Facebook__fold_2,ego-Facebook,2,RA-CNI,score_ra_cni,0.0,82.35561316253602,6.991714518269753,2.292981983779133,9.381101047749357,0.6587386424371994,0.3412613575628006
ego-Facebook__fold_2,ego-Facebook,2,PA,score_preferential_attachment,1.0,821628.0,4162.358037888235,1152.0,7831.5355728700515,1.0,0.0
ego-Facebook__fold_2,ego-Facebook,2,JA,score_jaccard,0.0,1.0,0.14879983431290192,0.05263157894736842,0.1769750107103606,0.5827840133024527,0.41721598669754734
ego-Facebook__fold_2,ego-Facebook,2,SA,score_salton,0.0,1.0,0.23107146785874663,0.12598815766974242,0.2491026141337821,0.5827840133024527,0.41721598669754734
ego-Facebook__fold_2,ego-Facebook,2,SO,score_sorensen,0.0,1.0,0.22153734237193493,0.1,0.24542383585325356,0.5827840133024527,0.41721598669754734
ego-Facebook__fold_2,ego-Facebook,2,HPI,score_hub_promoted,0.0,1.0,0.2983198085172261,0.21428571428571427,0.3059538738242451,0.5827840133024527,0.41721598669754734
ego-Facebook__fold_2,ego-Facebook,2,HDI,score_hub_depressed,0.0,1.0,0.18888531165535388,0.07017543859649122,0.22080938975044703,0.5827840133024527,0.41721598669754734
ego-Facebook__fold_2,ego-Facebook,2,LLHN,score_local_leicht_holme_newman,0.0,1.0,0.006406474126698739,0.0034758779610831315,0.0192404732454594,0.5827840133024527,0.41721598669754734
ego-Facebook__fold_2,ego-Facebook,2,IA2,score_individual_attraction_2,0.0,50.38685869727614,3.2532485245959406,0.04090929912199272,6.623515607764413,0.5827840133024527,0.41721598669754734
ego-Facebook__fold_2,ego-Facebook,2,LNB-RA,score_lnb_resource_allocation,0.0,14.276123549687856,1.037919898098065,0.10384270549581667,1.3553231764375728,0.5827840133024527,0.41721598669754734
ego-Facebook__fold_2,ego-Facebook,2,CAR-RA,score_car_resource_allocation,0.0,91.74603476891245,6.054301985918059,0.028649179220921944,12.519472650915377,0.5111051725161827,0.48889482748381735
ego-Facebook__fold_2,ego-Facebook,2,FSW,score_functional_similarity_weight,0.0,0.6944444444444445,0.10156782311897243,0.0044444444444444444,0.14326509338373725,0.5827840133024527,0.41721598669754734
ego-Facebook__fold_2,ego-Facebook,2,LPI-beta-0.001,score_local_path_beta_0_001,0.0,157.955,19.78834764534711,2.095,31.32990428951564,0.6587386424371994,0.3412613575628006
ego-Facebook__fold_2,ego-Facebook,2,LRW-l3,score_lrw_l3,0.0,3.175000377837968e-05,2.606161965095567e-06,3.622410460975218e-07,3.4113568570871425e-06,0.6586792564879149,0.341320743512085
ego-Facebook__fold_2,ego-Facebook,2,SRW-l3,score_srw_l3,0.0,7.449953900145198e-05,5.646986239364535e-06,8.240070476817827e-07,7.2067323546158465e-06,0.6587386424371994,0.3412613575628006
ego-Facebook__fold_2,ego-Facebook,2,PFP-l3,score_propflow_l3,0.0,0.2354937877436128,0.00796430066615716,0.0026387975903158427,0.013553844005925159,0.6587386424371994,0.3412613575628006
ego-Facebook__fold_3,ego-Facebook,3,CN,score_common_neighbors,0.0,234.0,18.20814775224182,2.0,28.050037628998925,0.5847140566541956,0.4152859433458044
ego-Facebook__fold_3,ego-Facebook,3,AA,score_adamic_adar,0.0,51.32936357721925,3.997779754133779,0.47350892560308666,5.852016714388842,0.5847140566541956,0.4152859433458044
ego-Facebook__fold_3,ego-Facebook,3,RA,score_resource_allocation,0.0,2.709232207564269,0.21804792629552,0.028736550548631085,0.27383914054423825,0.5847140566541956,0.4152859433458044
ego-Facebook__fold_3,ego-Facebook,3,RA-CNI,score_ra_cni,0.0,109.51394752611569,7.011722240767455,2.3768635374096214,9.26640151387495,0.7011995961755448,0.2988004038244551
ego-Facebook__fold_3,ego-Facebook,3,PA,score_preferential_attachment,1.0,231546.0,4162.552942573787,1160.0,6545.107833682765,1.0,0.0
ego-Facebook__fold_3,ego-Facebook,3,JA,score_jaccard,0.0,1.0,0.1495943475202379,0.05405405405405406,0.17724128519713686,0.5847140566541956,0.4152859433458044
ego-Facebook__fold_3,ego-Facebook,3,SA,score_salton,0.0,1.0,0.23179113265219134,0.1277487208421242,0.24941712991282125,0.5847140566541956,0.4152859433458044
ego-Facebook__fold_3,ego-Facebook,3,SO,score_sorensen,0.0,1.0,0.22260897720651684,0.10256410256410256,0.2459938389713003,0.5847140566541956,0.4152859433458044
ego-Facebook__fold_3,ego-Facebook,3,HPI,score_hub_promoted,0.0,1.0,0.29733903220337277,0.216538789428815,0.30449933700994286,0.5847140566541956,0.4152859433458044
ego-Facebook__fold_3,ego-Facebook,3,HDI,score_hub_depressed,0.0,1.0,0.19059332427246153,0.07142857142857142,0.22194897365941246,0.5847140566541956,0.4152859433458044
ego-Facebook__fold_3,ego-Facebook,3,LLHN,score_local_leicht_holme_newman,0.0,1.0,0.006314355873288912,0.003485079668723858,0.018424424828339094,0.5847140566541956,0.4152859433458044
ego-Facebook__fold_3,ego-Facebook,3,IA2,score_individual_attraction_2,0.0,90.90979185382324,3.2554362829243124,0.04383958610429491,6.53842126347955,0.5847140566541956,0.4152859433458044
ego-Facebook__fold_3,ego-Facebook,3,LNB-RA,score_lnb_resource_allocation,0.0,13.526467516641707,1.0417716771277536,0.11203794002899291,1.349234761260453,0.5847140566541956,0.4152859433458044
ego-Facebook__fold_3,ego-Facebook,3,CAR-RA,score_car_resource_allocation,0.0,139.21784440029506,6.066455561823122,0.034209664749410174,12.366048149732592,0.5118178039075955,0.48818219609240454
ego-Facebook__fold_3,ego-Facebook,3,FSW,score_functional_similarity_weight,0.0,0.7119140625,0.10240478121476701,0.004639939281651736,0.14379758170026324,0.5847140566541956,0.4152859433458044
ego-Facebook__fold_3,ego-Facebook,3,LPI-beta-0.001,score_local_path_beta_0_001,0.0,259.753,19.961405962349307,2.112,31.342331778688592,0.7011995961755448,0.2988004038244551
ego-Facebook__fold_3,ego-Facebook,3,LRW-l3,score_lrw_l3,0.0,3.6033217670504246e-05,2.6281050299282264e-06,4.0721580993454543e-07,3.4109083001628186e-06,0.7011402102262605,0.29885978977373956
ego-Facebook__fold_3,ego-Facebook,3,SRW-l3,score_srw_l3,0.0,7.398030370684108e-05,5.682211428072635e-06,8.893818973039343e-07,7.1988167324435375e-06,0.7011995961755448,0.2988004038244551
ego-Facebook__fold_3,ego-Facebook,3,PFP-l3,score_propflow_l3,0.0,0.21958007410456976,0.0079419207395768,0.0026980641228842176,0.013562965167948611,0.7011995961755448,0.2988004038244551
ego-Facebook__fold_4,ego-Facebook,4,CN,score_common_neighbors,0.0,134.0,18.25500326622721,2.0,27.93784541974656,0.5826355484292416,0.41736445157075835
ego-Facebook__fold_4,ego-Facebook,4,AA,score_adamic_adar,0.0,30.832400582956502,4.006261291115317,0.45042119506657813,5.83577195475368,0.5826355484292416,0.41736445157075835
ego-Facebook__fold_4,ego-Facebook,4,RA,score_resource_allocation,0.0,2.0763939763939763,0.21771940393330275,0.026173560692730073,0.2735278093607005,0.5826355484292416,0.41736445157075835
ego-Facebook__fold_4,ego-Facebook,4,RA-CNI,score_ra_cni,0.0,77.94292590921549,6.961140447857428,2.337881210434187,9.179049860158573,0.6982599916859671,0.3017400083140329
ego-Facebook__fold_4,ego-Facebook,4,PA,score_preferential_attachment,1.0,128625.0,4196.008106182077,1190.0,6418.977044891292,1.0,0.0
ego-Facebook__fold_4,ego-Facebook,4,JA,score_jaccard,0.0,1.0,0.1495301251101737,0.05263157894736842,0.17679355071203726,0.5826355484292416,0.41736445157075835
ego-Facebook__fold_4,ego-Facebook,4,SA,score_salton,0.0,1.0,0.2321466055001374,0.1267731382092775,0.24930948785174506,0.5826355484292416,0.41736445157075835
ego-Facebook__fold_4,ego-Facebook,4,SO,score_sorensen,0.0,1.0,0.22264410710781934,0.1,0.24573743492530278,0.5826355484292416,0.41736445157075835
ego-Facebook__fold_4,ego-Facebook,4,HPI,score_hub_promoted,0.0,1.0,0.2993778060352281,0.2222222222222222,0.30582987562254205,0.5826355484292416,0.41736445157075835
ego-Facebook__fold_4,ego-Facebook,4,HDI,score_hub_depressed,0.0,1.0,0.1901671912294429,0.06966632962588473,0.22163566468575938,0.5826355484292416,0.41736445157075835
ego-Facebook__fold_4,ego-Facebook,4,LLHN,score_local_leicht_holme_newman,0.0,1.0,0.006512516415678702,0.003472222222222222,0.022626970153393954,0.5826355484292416,0.41736445157075835
ego-Facebook__fold_4,ego-Facebook,4,IA2,score_individual_attraction_2,0.0,50.95908593231878,3.242860917706665,0.040434932647675434,6.400948936989251,0.5826355484292416,0.41736445157075835
ego-Facebook__fold_4,ego-Facebook,4,LNB-RA,score_lnb_resource_allocation,0.0,10.349003444438836,1.0393739960567836,0.0976542813693639,1.3449212466063296,0.5826355484292416,0.41736445157075835
ego-Facebook__fold_4,ego-Facebook,4,CAR-RA,score_car_resource_allocation,0.0,84.5728874213503,6.039504379842633,0.02827380952380952,12.116230062464087,0.5111348654908249,0.4888651345091751
ego-Facebook__fold_4,ego-Facebook,4,FSW,score_functional_similarity_weight,0.0,0.6400000000000001,0.10235734076204256,0.004638230875641424,0.1431547194075403,0.5826355484292416,0.41736445157075835
ego-Facebook__fold_4,ego-Facebook,4,LPI-beta-0.001,score_local_path_beta_0_001,0.0,150.208,20.01261348654908,2.0934999999999997,31.197239932902654,0.6982599916859671,0.3017400083140329
ego-Facebook__fold_4,ego-Facebook,4,LRW-l3,score_lrw_l3,0.0,2.8503541041838015e-05,2.6219722315005264e-06,3.826805135769544e-07,3.407984327617421e-06,0.6979927549141873,0.30200724508581267
ego-Facebook__fold_4,ego-Facebook,4,SRW-l3,score_srw_l3,0.0,5.469760291171435e-05,5.6714771538802835e-06,8.400061424916483e-07,7.190843872340309e-06,0.6982599916859671,0.3017400083140329
ego-Facebook__fold_4,ego-Facebook,4,PFP-l3,score_propflow_l3,0.0,0.19647988505747124,0.007867283170985008,0.0026063137536336115,0.013170570433387846,0.6982599916859671,0.3017400083140329
ego-Facebook__fold_5,ego-Facebook,5,CN,score_common_neighbors,0.0,133.0,18.097482035750343,2.0,27.971768632662666,0.5821901538096087,0.41780984619039135
ego-Facebook__fold_5,ego-Facebook,5,AA,score_adamic_adar,0.0,30.112842228851267,3.974343039466572,0.4564170413729844,5.838527636779537,0.5821901538096087,0.41780984619039135
ego-Facebook__fold_5,ego-Facebook,5,RA,score_resource_allocation,0.0,2.7395701793005665,0.21716554321318196,0.027816977720888435,0.2744692674963771,0.5821901538096087,0.41780984619039135
ego-Facebook__fold_5,ego-Facebook,5,RA-CNI,score_ra_cni,0.0,78.29919932338377,7.035941802764147,2.30340430520903,9.432626551880203,0.7015559118712512,0.29844408812874873
ego-Facebook__fold_5,ego-Facebook,5,PA,score_preferential_attachment,1.0,137970.0,4158.831106360235,1176.0,6461.97962389693,1.0,0.0
ego-Facebook__fold_5,ego-Facebook,5,JA,score_jaccard,0.0,1.0,0.14937218928695487,0.05454545454545454,0.1764780752983255,0.5821901538096087,0.41780984619039135
ego-Facebook__fold_5,ego-Facebook,5,SA,score_salton,0.0,1.0,0.23186414842006453,0.12909944487358055,0.24917324236397168,0.5821901538096087,0.41780984619039135
ego-Facebook__fold_5,ego-Facebook,5,SO,score_sorensen,0.0,1.0,0.22249615048743981,0.10344827586206896,0.24551580192134873,0.5821901538096087,0.41780984619039135
ego-Facebook__fold_5,ego-Facebook,5,HPI,score_hub_promoted,0.0,1.0,0.29866593450165474,0.21052631578947367,0.30597547244089446,0.5821901538096087,0.41780984619039135
ego-Facebook__fold_5,ego-Facebook,5,HDI,score_hub_depressed,0.0,1.0,0.18980027204630684,0.07142857142857142,0.22058500388550803,0.5821901538096087,0.41780984619039135
ego-Facebook__fold_5,ego-Facebook,5,LLHN,score_local_leicht_holme_newman,0.0,1.0,0.0065857485873037835,0.0035136347471873787,0.021272837918969483,0.5821901538096087,0.41780984619039135
ego-Facebook__fold_5,ego-Facebook,5,IA2,score_individual_attraction_2,0.0,50.325213545807046,3.246874478776995,0.042412207231509805,6.5522859255382295,0.5821901538096087,0.41780984619039135
ego-Facebook__fold_5,ego-Facebook,5,LNB-RA,score_lnb_resource_allocation,0.0,13.241408781684727,1.037627242767541,0.10921946456562696,1.3519657071511382,0.5821901538096087,0.41780984619039135
ego-Facebook__fold_5,ego-Facebook,5,CAR-RA,score_car_resource_allocation,0.0,84.66833446787666,6.0415601815339075,0.030781627719580984,12.369524423763625,0.5111051725161827,0.48889482748381735
ego-Facebook__fold_5,ego-Facebook,5,FSW,score_functional_similarity_weight,0.0,0.7500245132326917,0.10194477172572845,0.004648760330578512,0.14293720616217256,0.5821901538096087,0.41780984619039135
ego-Facebook__fold_5,ego-Facebook,5,LPI-beta-0.001,score_local_path_beta_0_001,0.0,149.757,19.84266093592256,2.094,31.258287669652105,0.7015559118712512,0.29844408812874873
ego-Facebook__fold_5,ego-Facebook,5,LRW-l3,score_lrw_l3,0.0,3.233689050045259e-05,2.6089144454953926e-06,3.767248229589407e-07,3.4170759360113462e-06,0.7014074469980403,0.29859255300195975
ego-Facebook__fold_5,ego-Facebook,5,SRW-l3,score_srw_l3,0.0,7.070890785881897e-05,5.650661671676246e-06,8.543125968351638e-07,7.213031405434713e-06,0.7015559118712512,0.29844408812874873
ego-Facebook__fold_5,ego-Facebook,5,PFP-l3,score_propflow_l3,0.0,0.2143197826961293,0.007954825137027177,0.002657615146858909,0.013496187439991935,0.7015559118712512,0.29844408812874873
ca-GrQc__fold_1,ca-GrQc,1,CN,score_common_neighbors,0.0,38.0,4.56502968159741,0.0,8.475014127779009,0.47355639503507824,0.5264436049649217
ca-GrQc__fold_1,ca-GrQc,1,AA,score_adamic_adar,0.0,11.762257453229886,1.4760949026499006,0.0,2.4271996368693256,0.47355639503507824,0.5264436049649217
ca-GrQc__fold_1,ca-GrQc,1,RA,score_resource_allocation,0.0,1.9987117973723534,0.2211803220305515,0.0,0.30854084945443677,0.47355639503507824,0.5264436049649217
ca-GrQc__fold_1,ca-GrQc,1,RA-CNI,score_ra_cni,0.0,13.057516796015769,1.2016882483107856,0.0031127568084089834,2.0611292580878176,0.5002698327037237,0.4997301672962763
ca-GrQc__fold_1,ca-GrQc,1,PA,score_preferential_attachment,1.0,4012.0,214.8677819751754,24.0,463.94483629377913,1.0,0.0
ca-GrQc__fold_1,ca-GrQc,1,JA,score_jaccard,0.0,1.0,0.2001727705380135,0.0,0.28403453406225987,0.47355639503507824,0.5264436049649217
ca-GrQc__fold_1,ca-GrQc,1,SA,score_salton,0.0,1.0,0.2675589474271401,0.0,0.3363268634274702,0.47355639503507824,0.5264436049649217
ca-GrQc__fold_1,ca-GrQc,1,SO,score_sorensen,0.0,1.0,0.25589607380807744,0.0,0.33225275631715256,0.47355639503507824,0.5264436049649217
ca-GrQc__fold_1,ca-GrQc,1,HPI,score_hub_promoted,0.0,1.0,0.34248018397054886,0.0,0.4059233955418256,0.47355639503507824,0.5264436049649217
ca-GrQc__fold_1,ca-GrQc,1,HDI,score_hub_depressed,0.0,1.0,0.22489845986206086,0.0,0.3095999617055892,0.47355639503507824,0.5264436049649217
ca-GrQc__fold_1,ca-GrQc,1,LLHN,score_local_leicht_holme_newman,0.0,1.0,0.04658772379313024,0.0,0.12306256977633694,0.47355639503507824,0.5264436049649217
ca-GrQc__fold_1,ca-GrQc,1,IA2,score_individual_attraction_2,0.0,17.474451714169717,1.229080009735721,0.0,2.482110186172637,0.47355639503507824,0.5264436049649217
ca-GrQc__fold_1,ca-GrQc,1,LNB-RA,score_lnb_resource_allocation,0.0,12.427766755474574,1.5746563518825916,0.0,2.3147634923553713,0.47355639503507824,0.5264436049649217
ca-GrQc__fold_1,ca-GrQc,1,CAR-RA,score_car_resource_allocation,0.0,25.01104100815428,2.2357244300047934,0.0,4.8549912048917605,0.3480841878035618,0.6519158121964382
ca-GrQc__fold_1,ca-GrQc,1,FSW,score_functional_similarity_weight,0.0,1.0,0.15163139224816913,0.0,0.24224918274332854,0.47355639503507824,0.5264436049649217
ca-GrQc__fold_1,ca-GrQc,1,LPI-beta-0.001,score_local_path_beta_0_001,0.0,39.294,4.67776740420939,0.001,8.735560073050824,0.500809498111171,0.4991905018888289
ca-GrQc__fold_1,ca-GrQc,1,LRW-l3,score_lrw_l3,0.0,8.365327842097084e-05,1.3113933154372036e-05,0.0,2.14133652081644e-05,0.47220723151645977,0.5277927684835402
ca-GrQc__fold_1,ca-GrQc,1,SRW-l3,score_srw_l3,0.0,0.00025102206187169196,3.2232294467411323e-05,8.800636333725934e-08,4.6950913432614584e-05,0.500809498111171,0.4991905018888289
ca-GrQc__fold_1,ca-GrQc,1,PFP-l3,score_propflow_l3,0.0,0.41666666666666663,0.03452503633075747,0.00010457119546675563,0.056397468393024466,0.500809498111171,0.4991905018888289
ca-GrQc__fold_2,ca-GrQc,2,CN,score_common_neighbors,0.0,41.0,4.585806799784134,0.0,8.547923384086094,0.47355639503507824,0.5264436049649217
ca-GrQc__fold_2,ca-GrQc,2,AA,score_adamic_adar,0.0,12.834024611433227,1.4887475949623943,0.0,2.452958926142202,0.47355639503507824,0.5264436049649217
ca-GrQc__fold_2,ca-GrQc,2,RA,score_resource_allocation,0.0,2.1516233766233768,0.22525632337523144,0.0,0.31551548278352304,0.47355639503507824,0.5264436049649217
ca-GrQc__fold_2,ca-GrQc,2,RA-CNI,score_ra_cni,0.0,16.25864620156845,1.2163980271763106,0.0,2.1697504547075863,0.4991905018888289,0.500809498111171
ca-GrQc__fold_2,ca-GrQc,2,PA,score_preferential_attachment,1.0,3888.0,216.98138154344306,24.0,475.65917603366586,1.0,0.0
ca-GrQc__fold_2,ca-GrQc,2,JA,score_jaccard,0.0,1.0,0.20074441960997377,0.0,0.2833429892883046,0.47355639503507824,0.5264436049649217
ca-GrQc__fold_2,ca-GrQc,2,SA,score_salton,0.0,1.0,0.2673231750857624,0.0,0.33675922457834945,0.47355639503507824,0.5264436049649217
ca-GrQc__fold_2,ca-GrQc,2,SO,score_sorensen,0.0,1.0,0.2567313739113682,0.0,0.33288158800646417,0.47355639503507824,0.5264436049649217
ca-GrQc__fold_2,ca-GrQc,2,HPI,score_hub_promoted,0.0,1.0,0.33703792806029986,0.0,0.40156554091227425,0.47355639503507824,0.5264436049649217
ca-GrQc__fold_2,ca-GrQc,2,HDI,score_hub_depressed,0.0,1.0,0.22644939214015275,0.0,0.3103303336361847,0.47355639503507824,0.5264436049649217
ca-GrQc__fold_2,ca-GrQc,2,LLHN,score_local_leicht_holme_newman,0.0,1.0,0.04534706170108541,0.0,0.11947547983865767,0.47355639503507824,0.5264436049649217
ca-GrQc__fold_2,ca-GrQc,2,IA2,score_individual_attraction_2,0.0,20.887099506801526,1.2557303915137217,0.0,2.567604640431212,0.47355639503507824,0.5264436049649217
ca-GrQc__fold_2,ca-GrQc,2,LNB-RA,score_lnb_resource_allocation,0.0,15.664634550860237,1.6042434357396926,0.0,2.363188873654171,0.47355639503507824,0.5264436049649217
ca-GrQc__fold_2,ca-GrQc,2,CAR-RA,score_car_resource_allocation,0.0,25.08099588392132,2.2598886458694967,0.0,4.9111021491919,0.34349703184025904,0.656502968159741
ca-GrQc__fold_2,ca-GrQc,2,FSW,score_functional_similarity_weight,0.0,1.0,0.15335491012243035,0.0,0.24290739580425122,0.47355639503507824,0.5264436049649217
ca-GrQc__fold_2,ca-GrQc,2,LPI-beta-0.001,score_local_path_beta_0_001,0.0,42.292,4.698467889908256,0.0,8.812496182216876,0.4997301672962763,0.5002698327037237
ca-GrQc__fold_2,ca-GrQc,2,LRW-l3,score_lrw_l3,0.0,9.990276162628176e-05,1.3381901119584798e-05,0.0,2.177145772047343e-05,0.46762007555315704,0.532379924446843
ca-GrQc__fold_2,ca-GrQc,2,SRW-l3,score_srw_l3,0.0,0.000261474274106555,3.28525834063193e-05,0.0,4.788096606679625e-05,0.4997301672962763,0.5002698327037237
ca-GrQc__fold_2,ca-GrQc,2,PFP-l3,score_propflow_l3,0.0,0.38888888888888884,0.03466459467973047,0.0,0.056653881648568674,0.4997301672962763,0.5002698327037237
ca-GrQc__fold_3,ca-GrQc,3,CN,score_common_neighbors,0.0,39.0,4.830814894765245,0.0,8.432712489440043,0.4784133837021047,0.5215866162978953
ca-GrQc__fold_3,ca-GrQc,3,AA,score_adamic_adar,0.0,13.052222151163537,1.5527993656158248,0.0,2.433330103591437,0.4784133837021047,0.5215866162978953
ca-GrQc__fold_3,ca-GrQc,3,RA,score_resource_allocation,0.0,2.173973207656563,0.2293548695177625,0.0,0.3110738747660415,0.4784133837021047,0.5215866162978953
ca-GrQc__fold_3,ca-GrQc,3,RA-CNI,score_ra_cni,0.0,18.291056243655962,1.309528679826447,0.011481481481481485,2.2269500246170386,0.5021586616297895,0.4978413383702105
ca-GrQc__fold_3,ca-GrQc,3,PA,score_preferential_attachment,1.0,4290.0,229.22072315164598,29.0,474.32437110896905,1.0,0.0
ca-GrQc__fold_3,ca-GrQc,3,JA,score_jaccard,0.0,1.0,0.2025361631647002,0.0,0.27671136928771056,0.4784133837021047,0.5215866162978953
ca-GrQc__fold_3,ca-GrQc,3,SA,score_salton,0.0,1.0,0.2716990373359716,0.0,0.33421431798129575,0.4784133837021047,0.5215866162978953
ca-GrQc__fold_3,ca-GrQc,3,SO,score_sorensen,0.0,1.0,0.2617135543579933,0.0,0.3302001863631305,0.4784133837021047,0.5215866162978953
ca-GrQc__fold_3,ca-GrQc,3,HPI,score_hub_promoted,0.0,1.0,0.33901089149641217,0.0,0.3983566849936026,0.4784133837021047,0.5215866162978953
ca-GrQc__fold_3,ca-GrQc,3,HDI,score_hub_depressed,0.0,1.0,0.2308172114357721,0.0,0.30647103805587017,0.4784133837021047,0.5215866162978953
ca-GrQc__fold_3,ca-GrQc,3,LLHN,score_local_leicht_holme_newman,0.0,1.0,0.04144822876681151,0.0,0.10684981879747019,0.4784133837021047,0.5215866162978953
ca-GrQc__fold_3,ca-GrQc,3,IA2,score_individual_attraction_2,0.0,16.207236374071712,1.2457011180823956,0.0,2.3490534244575416,0.4784133837021047,0.5215866162978953
ca-GrQc__fold_3,ca-GrQc,3,LNB-RA,score_lnb_resource_allocation,0.0,15.517630995107309,1.6364733462847794,0.0,2.325764355321435,0.4784133837021047,0.5215866162978953
ca-GrQc__fold_3,ca-GrQc,3,CAR-RA,score_car_resource_allocation,0.0,27.699453077447842,2.2647982133788966,0.0,4.527222270260477,0.36886130599028605,0.631138694009714
ca-GrQc__fold_3,ca-GrQc,3,FSW,score_functional_similarity_weight,0.0,1.0,0.15762956963354582,0.0,0.24016444544925722,0.4784133837021047,0.5215866162978953
ca-GrQc__fold_3,ca-GrQc,3,LPI-beta-0.001,score_local_path_beta_0_001,0.0,40.045,4.948122234214788,0.001,8.684301355326793,0.5024284943335132,0.4975715056664868
ca-GrQc__fold_3,ca-GrQc,3,LRW-l3,score_lrw_l3,0.0,0.00011052924855272538,1.4218769528646368e-05,0.0,2.1961382634243153e-05,0.48057204533189424,0.5194279546681058
ca-GrQc__fold_3,ca-GrQc,3,SRW-l3,score_srw_l3,0.0,0.0002984429150456429,3.40437215139314e-05,1.1573017861901737e-07,4.7979272047426804e-05,0.5024284943335132,0.4975715056664868
ca-GrQc__fold_3,ca-GrQc,3,PFP-l3,score_propflow_l3,0.0,0.5,0.03294617467371228,0.00020056987994041746,0.05347163344998614,0.5024284943335132,0.4975715056664868
ca-GrQc__fold_4,ca-GrQc,4,CN,score_common_neighbors,0.0,41.0,4.523475445223961,0.0,8.454824902937935,0.47139773340528873,0.5286022665947113
ca-GrQc__fold_4,ca-GrQc,4,AA,score_adamic_adar,0.0,12.952615913585765,1.4724137762608358,0.0,2.4170889970990386,0.47139773340528873,0.5286022665947113
ca-GrQc__fold_4,ca-GrQc,4,RA,score_resource_allocation,0.0,2.063095238095238,0.22372727305086024,0.0,0.3095829402225383,0.47139773340528873,0.5286022665947113
ca-GrQc__fold_4,ca-GrQc,4,RA-CNI,score_ra_cni,0.0,14.859433015806184,1.2065715637517331,0.0,2.122301393468953,0.49838100377765787,0.5016189962223422
ca-GrQc__fold_4,ca-GrQc,4,PA,score_preferential_attachment,1.0,4290.0,214.9600647598489,26.0,476.30617459151506,1.0,0.0
ca-GrQc__fold_4,ca-GrQc,4,JA,score_jaccard,0.0,1.0,0.20032215812075088,0.0,0.2824675430024636,0.47139773340528873,0.5286022665947113
ca-GrQc__fold_4,ca-GrQc,4,SA,score_salton,0.0,1.0,0.26733142596000703,0.0,0.3360461013402456,0.47139773340528873,0.5286022665947113
ca-GrQc__fold_4,ca-GrQc,4,SO,score_sorensen,0.0,1.0,0.2566148358378404,0.0,0.33180911779511074,0.47139773340528873,0.5286022665947113
ca-GrQc__fold_4,ca-GrQc,4,HPI,score_hub_promoted,0.0,1.0,0.3379656673849909,0.0,0.40289918966879174,0.47139773340528873,0.5286022665947113
ca-GrQc__fold_4,ca-GrQc,4,HDI,score_hub_depressed,0.0,1.0,0.22538404206478976,0.0,0.3082399994809163,0.47139773340528873,0.5286022665947113
ca-GrQc__fold_4,ca-GrQc,4,LLHN,score_local_leicht_holme_newman,0.0,1.0,0.046128725309086474,0.0,0.12249250063457293,0.47139773340528873,0.5286022665947113
ca-GrQc__fold_4,ca-GrQc,4,IA2,score_individual_attraction_2,0.0,23.10872752812276,1.2368732406790797,0.0,2.5237363815270193,0.47139773340528873,0.5286022665947113
ca-GrQc__fold_4,ca-GrQc,4,LNB-RA,score_lnb_resource_allocation,0.0,14.111836744406979,1.5957898126476007,0.0,2.3220930538446756,0.47139773340528873,0.5286022665947113
ca-GrQc__fold_4,ca-GrQc,4,CAR-RA,score_car_resource_allocation,0.0,26.275911307869617,2.2429637136072276,0.0,4.9159598813754855,0.3572584997301673,0.6427415002698327
ca-GrQc__fold_4,ca-GrQc,4,FSW,score_functional_similarity_weight,0.0,1.0,0.15193641415167397,0.0,0.24151146521667938,0.47139773340528873,0.5286022665947113
ca-GrQc__fold_4,ca-GrQc,4,LPI-beta-0.001,score_local_path_beta_0_001,0.0,42.249,4.635146249325418,0.0,8.71931737127288,0.49865083648138153,0.5013491635186185
ca-GrQc__fold_4,ca-GrQc,4,LRW-l3,score_lrw_l3,0.0,8.11707264066659e-05,1.3183202275058103e-05,0.0,2.150719583513499e-05,0.4686994063680518,0.5313005936319481
ca-GrQc__fold_4,ca-GrQc,4,SRW-l3,score_srw_l3,0.0,0.0002472645250321086,3.252171667136376e-05,0.0,4.7061623869256706e-05,0.49865083648138153,0.5013491635186185
ca-GrQc__fold_4,ca-GrQc,4,PFP-l3,score_propflow_l3,0.0,0.4375,0.03431962197133059,0.0,0.0566462634324961,0.49865083648138153,0.5013491635186185
ca-GrQc__fold_5,ca-GrQc,5,CN,score_common_neighbors,0.0,38.0,4.703453858607663,0.0,8.430730622957599,0.471127900701565,0.5288720992984349
ca-GrQc__fold_5,ca-GrQc,5,AA,score_adamic_adar,0.0,11.442310539216612,1.525774232814535,0.0,2.4291869098727736,0.471127900701565,0.5288720992984349
ca-GrQc__fold_5,ca-GrQc,5,RA,score_resource_allocation,0.0,1.7698841698841699,0.2294769280151375,0.0,0.31402322831052454,0.471127900701565,0.5288720992984349
ca-GrQc__fold_5,ca-GrQc,5,RA-CNI,score_ra_cni,0.0,12.73048981160246,1.2470185441842698,0.010024708263872351,2.109283270832624,0.503507825148408,0.496492174851592
ca-GrQc__fold_5,ca-GrQc,5,PA,score_preferential_attachment,1.0,4216.0,227.741230437129,27.0,476.67349829668956,1.0,0.0
ca-GrQc__fold_5,ca-GrQc,5,JA,score_jaccard,0.0,1.0,0.20155887780980491,0.0,0.27871877703671827,0.471127900701565,0.5288720992984349
ca-GrQc__fold_5,ca-GrQc,5,SA,score_salton,0.0,1.0,0.2700855942385903,0.0,0.33539407952591377,0.471127900701565,0.5288720992984349
ca-GrQc__fold_5,ca-GrQc,5,SO,score_sorensen,0.0,1.0,0.25959598040172466,0.0,0.3310185074746937,0.471127900701565,0.5288720992984349
ca-GrQc__fold_5,ca-GrQc,5,HPI,score_hub_promoted,0.0,1.0,0.34006431526237646,0.0,0.40222236495437164,0.471127900701565,0.5288720992984349
ca-GrQc__fold_5,ca-GrQc,5,HDI,score_hub_depressed,0.0,1.0,0.2277005771717836,0.0,0.3063503588506461,0.471127900701565,0.5288720992984349
ca-GrQc__fold_5,ca-GrQc,5,LLHN,score_local_leicht_holme_newman,0.0,1.0,0.044864584327597636,0.0,0.11768400109915506,0.471127900701565,0.5288720992984349
ca-GrQc__fold_5,ca-GrQc,5,IA2,score_individual_attraction_2,0.0,15.91417666893718,1.2450152108940928,0.0,2.42773350644756,0.471127900701565,0.5288720992984349
ca-GrQc__fold_5,ca-GrQc,5,LNB-RA,score_lnb_resource_allocation,0.0,12.506971620270932,1.6355876078710685,0.0,2.3352162409147024,0.471127900701565,0.5288720992984349
ca-GrQc__fold_5,ca-GrQc,5,CAR-RA,score_car_resource_allocation,0.0,24.234302153036722,2.2539785666989696,0.0,4.6863109778629575,0.35644900161899623,0.6435509983810038
ca-GrQc__fold_5,ca-GrQc,5,FSW,score_functional_similarity_weight,0.0,1.0,0.1539793664225122,0.0,0.23888737538786287,0.471127900701565,0.5288720992984349
ca-GrQc__fold_5,ca-GrQc,5,LPI-beta-0.001,score_local_path_beta_0_001,0.0,39.081,4.818233405288721,0.001,8.686107079172526,0.5037776578521317,0.4962223421478683
ca-GrQc__fold_5,ca-GrQc,5,LRW-l3,score_lrw_l3,0.0,9.546715639571754e-05,1.387474099152381e-05,0.0,2.1789879031473717e-05,0.47355639503507824,0.5264436049649217
ca-GrQc__fold_5,ca-GrQc,5,SRW-l3,score_srw_l3,0.0,0.00022409956271910906,3.371024345631225e-05,1.1390784399789195e-07,4.780808541233871e-05,0.5037776578521317,0.4962223421478683
ca-GrQc__fold_5,ca-GrQc,5,PFP-l3,score_propflow_l3,0.0,0.5,0.03468071468423771,0.00020218665742075881,0.057491212107097706,0.5037776578521317,0.4962223421478683
ca-HepTh__fold_1,ca-HepTh,1,CN,score_common_neighbors,0.0,25.0,1.4551638837353122,0.0,3.156355313645611,0.4398577612863327,0.5601422387136673
ca-HepTh__fold_1,ca-HepTh,1,AA,score_adamic_adar,0.0,10.836857674148161,0.6076304111172979,0.0,1.1439891217983222,0.4398577612863327,0.5601422387136673
ca-HepTh__fold_1,ca-HepTh,1,RA,score_resource_allocation,0.0,2.89330292556099,0.13347577463462995,0.0,0.23701462664560619,0.4398577612863327,0.5601422387136673
ca-HepTh__fold_1,ca-HepTh,1,RA-CNI,score_ra_cni,0.0,10.733220333528461,0.4945361933215831,0.0,0.8567572139673103,0.48608534322820035,0.5139146567717996
ca-HepTh__fold_1,ca-HepTh,1,PA,score_preferential_attachment,1.0,2162.0,87.28726035868893,21.0,170.97583389783762,1.0,0.0
ca-HepTh__fold_1,ca-HepTh,1,JA,score_jaccard,0.0,1.0,0.11062471833425552,0.0,0.20742700678499634,0.4398577612863327,0.5601422387136673
ca-HepTh__fold_1,ca-HepTh,1,SA,score_salton,0.0,1.0,0.1661828622425146,0.0,0.2562242239279613,0.4398577612863327,0.5601422387136673
ca-HepTh__fold_1,ca-HepTh,1,SO,score_sorensen,0.0,1.0,0.15376210103618687,0.0,0.2476786731808102,0.4398577612863327,0.5601422387136673
ca-HepTh__fold_1,ca-HepTh,1,HPI,score_hub_promoted,0.0,1.0,0.23956244801409607,0.0,0.3477969721063348,0.4398577612863327,0.5601422387136673
ca-HepTh__fold_1,ca-HepTh,1,HDI,score_hub_depressed,0.0,1.0,0.12718738780386135,0.0,0.22275316031329448,0.4398577612863327,0.5601422387136673
ca-HepTh__fold_1,ca-HepTh,1,LLHN,score_local_leicht_holme_newman,0.0,1.0,0.040979238560580694,0.0,0.1169568742867611,0.4398577612863327,0.5601422387136673
ca-HepTh__fold_1,ca-HepTh,1,IA2,score_individual_attraction_2,0.0,9.560304956735932,0.3163750625176477,0.0,0.9099193002889349,0.4398577612863327,0.5601422387136673
ca-HepTh__fold_1,ca-HepTh,1,LNB-RA,score_lnb_resource_allocation,0.0,21.480125173496557,0.94144492422377,0.0,1.8019494119121593,0.4398577612863327,0.5601422387136673
ca-HepTh__fold_1,ca-HepTh,1,CAR-RA,score_car_resource_allocation,0.0,18.826467214755628,0.4171107073482031,0.0,1.7387724126064124,0.23593073593073594,0.7640692640692641
ca-HepTh__fold_1,ca-HepTh,1,FSW,score_functional_similarity_weight,0.0,1.0,0.06709073620192912,0.0,0.15526645474149112,0.4398577612863327,0.5601422387136673
ca-HepTh__fold_1,ca-HepTh,1,LPI-beta-0.001,score_local_path_beta_0_001,0.0,25.588,1.4697752009894869,0.0,3.212254120486381,0.48608534322820035,0.5139146567717996
ca-HepTh__fold_1,ca-HepTh,1,LRW-l3,score_lrw_l3,0.0,4.097336051167537e-05,2.7954639713428578e-06,0.0,6.3151366849200035e-06,0.44418676561533704,0.5558132343846629
ca-HepTh__fold_1,ca-HepTh,1,SRW-l3,score_srw_l3,0.0,0.00017392959985121215,8.98291875692741e-06,0.0,1.63430499884982e-05,0.48608534322820035,0.5139146567717996
ca-HepTh__fold_1,ca-HepTh,1,PFP-l3,score_propflow_l3,0.0,0.5,0.027886224260825095,0.0,0.053189320086950514,0.48608534322820035,0.5139146567717996
ca-HepTh__fold_2,ca-HepTh,2,CN,score_common_neighbors,0.0,26.0,1.4587198515769944,0.0,3.1306773867663598,0.44465058750773034,0.5553494124922697
ca-HepTh__fold_2,ca-HepTh,2,AA,score_adamic_adar,0.0,8.744133135119268,0.6046762977089821,0.0,1.116058097567781,0.44465058750773034,0.5553494124922697
ca-HepTh__fold_2,ca-HepTh,2,RA,score_resource_allocation,0.0,2.4987840174911113,0.1320744754916197,0.0,0.22544825547842537,0.44465058750773034,0.5553494124922697
ca-HepTh__fold_2,ca-HepTh,2,RA-CNI,score_ra_cni,0.0,8.681036000733883,0.49777575093322285,0.0,0.846955631019977,0.4850030921459493,0.5149969078540507
ca-HepTh__fold_2,ca-HepTh,2,PA,score_preferential_attachment,1.0,1710.0,84.26252319109462,24.0,158.41774582411315,1.0,0.0
ca-HepTh__fold_2,ca-HepTh,2,JA,score_jaccard,0.0,1.0,0.11236881052929151,0.0,0.21083098820338256,0.44465058750773034,0.5553494124922697
ca-HepTh__fold_2,ca-HepTh,2,SA,score_salton,0.0,1.0,0.16852443355483795,0.0,0.25786870510504317,0.44465058750773034,0.5553494124922697
ca-HepTh__fold_2,ca-HepTh,2,SO,score_sorensen,0.0,1.0,0.1556270086007158,0.0,0.2493975124249177,0.44465058750773034,0.5553494124922697
ca-HepTh__fold_2,ca-HepTh,2,HPI,score_hub_promoted,0.0,1.0,0.24365153084279673,0.0,0.3501296414233658,0.44465058750773034,0.5553494124922697
ca-HepTh__fold_2,ca-HepTh,2,HDI,score_hub_depressed,0.0,1.0,0.12928535286962928,0.0,0.22674673827279182,0.44465058750773034,0.5553494124922697
ca-HepTh__fold_2,ca-HepTh,2,LLHN,score_local_leicht_holme_newman,0.0,1.0,0.04150435951963951,0.0,0.1192924821960402,0.44465058750773034,0.5553494124922697
ca-HepTh__fold_2,ca-HepTh,2,IA2,score_individual_attraction_2,0.0,10.269706500926876,0.3144465067366517,0.0,0.9068679961684651,0.44465058750773034,0.5553494124922697
ca-HepTh__fold_2,ca-HepTh,2,LNB-RA,score_lnb_resource_allocation,0.0,17.57371895456384,0.9325866848650302,0.0,1.7313200506080086,0.44465058750773034,0.5553494124922697
ca-HepTh__fold_2,ca-HepTh,2,CAR-RA,score_car_resource_allocation,0.0,20.08764936178542,0.41509976730189774,0.0,1.735760066500616,0.24520717377860235,0.7547928262213977
ca-HepTh__fold_2,ca-HepTh,2,FSW,score_functional_similarity_weight,0.0,1.0,0.06751460272122976,0.0,0.15425636146841354,0.44465058750773034,0.5553494124922697
ca-HepTh__fold_2,ca-HepTh,2,LPI-beta-0.001,score_local_path_beta_0_001,0.0,26.585,1.4732283549783547,0.0,3.186649514287693,0.48562152133580705,0.514378478664193
ca-HepTh__fold_2,ca-HepTh,2,LRW-l3,score_lrw_l3,0.0,4.47013111521421e-05,2.8216744222927975e-06,0.0,6.288238701789435e-06,0.4448051948051948,0.5551948051948052
ca-HepTh__fold_2,ca-HepTh,2,SRW-l3,score_srw_l3,0.0,0.00016053591237090306,8.944170041225659e-06,0.0,1.591202899373812e-05,0.48562152133580705,0.514378478664193
ca-HepTh__fold_2,ca-HepTh,2,PFP-l3,score_propflow_l3,0.0,0.5,0.028517577340324552,0.0,0.05503059118038406,0.48562152133580705,0.514378478664193
ca-HepTh__fold_3,ca-HepTh,3,CN,score_common_neighbors,0.0,24.0,1.4723252937538651,0.0,3.1384240658933695,0.4466604823747681,0.5533395176252319
ca-HepTh__fold_3,ca-HepTh,3,AA,score_adamic_adar,0.0,7.425435800137342,0.6146713788402807,0.0,1.1234963268907787,0.4466604823747681,0.5533395176252319
ca-HepTh__fold_3,ca-HepTh,3,RA,score_resource_allocation,0.0,2.210673234811166,0.1353236725343482,0.0,0.2290143490424728,0.4466604823747681,0.5533395176252319
ca-HepTh__fold_3,ca-HepTh,3,RA-CNI,score_ra_cni,0.0,7.941055471204331,0.4966895221512701,0.0,0.8489612482946332,0.48562152133580705,0.514378478664193
ca-HepTh__fold_3,ca-HepTh,3,PA,score_preferential_attachment,1.0,2162.0,86.74474335188621,24.0,167.70568591580744,1.0,0.0
ca-HepTh__fold_3,ca-HepTh,3,JA,score_jaccard,0.0,1.0,0.11277320137780672,0.0,0.20865356987853925,0.4466604823747681,0.5533395176252319
ca-HepTh__fold_3,ca-HepTh,3,SA,score_salton,0.0,1.0,0.17002717581069451,0.0,0.25726383927385377,0.4466604823747681,0.5533395176252319
ca-HepTh__fold_3,ca-HepTh,3,SO,score_sorensen,0.0,1.0,0.15695422413676574,0.0,0.24845698687511977,0.4466604823747681,0.5533395176252319
ca-HepTh__fold_3,ca-HepTh,3,HPI,score_hub_promoted,0.0,1.0,0.24678548238928505,0.0,0.35204194524338783,0.4466604823747681,0.5533395176252319
ca-HepTh__fold_3,ca-HepTh,3,HDI,score_hub_depressed,0.0,1.0,0.12968498849363516,0.0,0.22430174120630378,0.4466604823747681,0.5533395176252319
ca-HepTh__fold_3,ca-HepTh,3,LLHN,score_local_leicht_holme_newman,0.0,1.0,0.042162989476529494,0.0,0.11856127287700095,0.4466604823747681,0.5533395176252319
ca-HepTh__fold_3,ca-HepTh,3,IA2,score_individual_attraction_2,0.0,8.652168016962605,0.31555294965643166,0.0,0.9035292384683014,0.4466604823747681,0.5533395176252319
ca-HepTh__fold_3,ca-HepTh,3,LNB-RA,score_lnb_resource_allocation,0.0,16.6511075846341,0.9527412203385546,0.0,1.749819484832278,0.4466604823747681,0.5533395176252319
ca-HepTh__fold_3,ca-HepTh,3,CAR-RA,score_car_resource_allocation,0.0,16.98879047060674,0.41525970908325127,0.0,1.7338303418991732,0.24335188620902906,0.756648113790971
ca-HepTh__fold_3,ca-HepTh,3,FSW,score_functional_similarity_weight,0.0,1.0,0.06779577720070064,0.0,0.15462568236597474,0.4466604823747681,0.5533395176252319
ca-HepTh__fold_3,ca-HepTh,3,LPI-beta-0.001,score_local_path_beta_0_001,0.0,24.544,1.4868447742733457,0.0,3.194410276419684,0.48639455782312924,0.5136054421768708
ca-HepTh__fold_3,ca-HepTh,3,LRW-l3,score_lrw_l3,0.0,3.9081698390547976e-05,2.8404213341433654e-06,0.0,6.335810588803907e-06,0.44155844155844154,0.5584415584415584
ca-HepTh__fold_3,ca-HepTh,3,SRW-l3,score_srw_l3,0.0,0.00013363865151964978,9.113537991585802e-06,0.0,1.6088468727315133e-05,0.48639455782312924,0.5136054421768708
ca-HepTh__fold_3,ca-HepTh,3,PFP-l3,score_propflow_l3,0.0,0.4444444444444444,0.028399470209213656,0.0,0.05291931126748091,0.48639455782312924,0.5136054421768708
ca-HepTh__fold_4,ca-HepTh,4,CN,score_common_neighbors,0.0,28.0,1.4398577612863328,0.0,3.1450576725871944,0.4454236239950526,0.5545763760049475
ca-HepTh__fold_4,ca-HepTh,4,AA,score_adamic_adar,0.0,8.572556134726003,0.6077483706503526,0.0,1.1328828832760567,0.4454236239950526,0.5545763760049475
ca-HepTh__fold_4,ca-HepTh,4,RA,score_resource_allocation,0.0,2.683766233766234,0.13587744854248882,0.0,0.23618687113732142,0.4454236239950526,0.5545763760049475
ca-HepTh__fold_4,ca-HepTh,4,RA-CNI,score_ra_cni,0.0,7.8694205375471356,0.490517448044141,0.0,0.8380399714301299,0.4877860235003092,0.5122139764996908
ca-HepTh__fold_4,ca-HepTh,4,PA,score_preferential_attachment,1.0,1938.0,88.91032776747062,21.0,174.19230027440585,1.0,0.0
ca-HepTh__fold_4,ca-HepTh,4,JA,score_jaccard,0.0,1.0,0.11086793704718928,0.0,0.20891068245633462,0.4454236239950526,0.5545763760049475
ca-HepTh__fold_4,ca-HepTh,4,SA,score_salton,0.0,1.0,0.1664774901850771,0.0,0.2558616939833581,0.4454236239950526,0.5545763760049475
ca-HepTh__fold_4,ca-HepTh,4,SO,score_sorensen,0.0,1.0,0.1539798080543754,0.0,0.24718599342629208,0.4454236239950526,0.5545763760049475
ca-HepTh__fold_4,ca-HepTh,4,HPI,score_hub_promoted,0.0,1.0,0.23988255995283017,0.0,0.34781838719502994,0.4454236239950526,0.5545763760049475
ca-HepTh__fold_4,ca-HepTh,4,HDI,score_hub_depressed,0.0,1.0,0.12750874052928582,0.0,0.22354554851360997,0.4454236239950526,0.5545763760049475
ca-HepTh__fold_4,ca-HepTh,4,LLHN,score_local_leicht_holme_newman,0.0,1.0,0.04141489645959128,0.0,0.11658993766673849,0.4454236239950526,0.5545763760049475
ca-HepTh__fold_4,ca-HepTh,4,IA2,score_individual_attraction_2,0.0,11.853877700855104,0.31742259437247,0.0,0.9648049147436788,0.4454236239950526,0.5545763760049475
ca-HepTh__fold_4,ca-HepTh,4,LNB-RA,score_lnb_resource_allocation,0.0,19.45629879724112,0.9591610684086922,0.0,1.8067504680027704,0.4454236239950526,0.5545763760049475
ca-HepTh__fold_4,ca-HepTh,4,CAR-RA,score_car_resource_allocation,0.0,23.40140456134459,0.4183201162749501,0.0,1.867115952659058,0.23933209647495363,0.7606679035250464
ca-HepTh__fold_4,ca-HepTh,4,FSW,score_functional_similarity_weight,0.0,1.0,0.06659168929649457,0.0,0.1548781752783653,0.4454236239950526,0.5545763760049475
ca-HepTh__fold_4,ca-HepTh,4,LPI-beta-0.001,score_local_path_beta_0_001,0.0,28.663,1.4540728200371056,0.0,3.203166454059395,0.48871366728509585,0.5112863327149041
ca-HepTh__fold_4,ca-HepTh,4,LRW-l3,score_lrw_l3,0.0,4.433300116403764e-05,2.840787356807393e-06,0.0,6.332287943032853e-06,0.44758812615955473,0.5524118738404453
ca-HepTh__fold_4,ca-HepTh,4,SRW-l3,score_srw_l3,0.0,0.00016656540421432412,9.139575069698585e-06,0.0,1.6399236211217517e-05,0.48871366728509585,0.5112863327149041
ca-HepTh__fold_4,ca-HepTh,4,PFP-l3,score_propflow_l3,0.0,0.5,0.028235251832775404,0.0,0.053491261592691755,0.48871366728509585,0.5112863327149041
ca-HepTh__fold_5,ca-HepTh,5,CN,score_common_neighbors,0.0,24.0,1.4672131147540983,0.0,3.1558523981494404,0.44076708939065884,0.5592329106093412
ca-HepTh__fold_5,ca-HepTh,5,AA,score_adamic_adar,0.0,7.403732012251439,0.6144865559557064,0.0,1.13146757389105,0.44076708939065884,0.5592329106093412
ca-HepTh__fold_5,ca-HepTh,5,RA,score_resource_allocation,0.0,1.8666666666666667,0.13571754806055414,0.0,0.23123637693513246,0.44076708939065884,0.5592329106093412
ca-HepTh__fold_5,ca-HepTh,5,RA-CNI,score_ra_cni,0.0,6.473426815291465,0.4882689598300763,0.0,0.8237131044677667,0.48128673059078253,0.5187132694092175
ca-HepTh__fold_5,ca-HepTh,5,PA,score_preferential_attachment,1.0,2464.0,86.45576863594185,21.0,171.99596563994118,1.0,0.0
ca-HepTh__fold_5,ca-HepTh,5,JA,score_jaccard,0.0,1.0,0.11241720614879971,0.0,0.20943770034991369,0.44076708939065884,0.5592329106093412
ca-HepTh__fold_5,ca-HepTh,5,SA,score_salton,0.0,1.0,0.16865213426589246,0.0,0.2578332522514547,0.44076708939065884,0.5592329106093412
ca-HepTh__fold_5,ca-HepTh,5,SO,score_sorensen,0.0,1.0,0.1560809321137672,0.0,0.2490588371252533,0.44076708939065884,0.5592329106093412
ca-HepTh__fold_5,ca-HepTh,5,HPI,score_hub_promoted,0.0,1.0,0.24258261663534772,0.0,0.3510049661405805,0.44076708939065884,0.5592329106093412
ca-HepTh__fold_5,ca-HepTh,5,HDI,score_hub_depressed,0.0,1.0,0.12945008892169596,0.0,0.225093333289281,0.44076708939065884,0.5592329106093412
ca-HepTh__fold_5,ca-HepTh,5,LLHN,score_local_leicht_holme_newman,0.0,1.0,0.041445320618069756,0.0,0.11756228585651914,0.44076708939065884,0.5592329106093412
ca-HepTh__fold_5,ca-HepTh,5,IA2,score_individual_attraction_2,0.0,8.707207834926317,0.31786552851783983,0.0,0.910567409250712,0.44076708939065884,0.5592329106093412
ca-HepTh__fold_5,ca-HepTh,5,LNB-RA,score_lnb_resource_allocation,0.0,13.184191363475055,0.9582508481360218,0.0,1.765770442532085,0.44076708939065884,0.5592329106093412
ca-HepTh__fold_5,ca-HepTh,5,CAR-RA,score_car_resource_allocation,0.0,17.095250668800404,0.4210801753573312,0.0,1.750661577313898,0.244045777915249,0.755954222084751
ca-HepTh__fold_5,ca-HepTh,5,FSW,score_functional_similarity_weight,0.0,1.0,0.06810002970482538,0.0,0.1543576827538809,0.44076708939065884,0.5592329106093412
ca-HepTh__fold_5,ca-HepTh,5,LPI-beta-0.001,score_local_path_beta_0_001,0.0,24.557,1.4818730281472319,0.0,3.212351641980238,0.48190535106712035,0.5180946489328797
ca-HepTh__fold_5,ca-HepTh,5,LRW-l3,score_lrw_l3,0.0,4.3451430741120595e-05,2.8503738687756843e-06,0.0,6.366340758030128e-06,0.43937519331889885,0.5606248066811012
ca-HepTh__fold_5,ca-HepTh,5,SRW-l3,score_srw_l3,0.0,0.0001211797732942585,9.141457540984193e-06,0.0,1.620820148405304e-05,0.48190535106712035,0.5180946489328797
ca-HepTh__fold_5,ca-HepTh,5,PFP-l3,score_propflow_l3,0.0,0.5,0.028492489815142703,0.0,0.05374963998338728,0.48190535106712035,0.5180946489328797
email-Eu-core__fold_1,email-Eu-core,1,CN,score_common_neighbors,0.0,89.0,7.207393899204244,3.0,9.764237467234606,0.6856763925729443,0.31432360742705573
email-Eu-core__fold_1,email-Eu-core,1,AA,score_adamic_adar,0.0,24.325659823422363,1.7780549461708404,0.7172252010196383,2.4174042786946055,0.6856763925729443,0.31432360742705573
email-Eu-core__fold_1,email-Eu-core,1,RA,score_resource_allocation,0.0,2.727601857507109,0.1426538078280795,0.045815089875475,0.2106995930134352,0.6856763925729443,0.31432360742705573
email-Eu-core__fold_1,email-Eu-core,1,RA-CNI,score_ra_cni,0.0,55.37590404032554,4.839086686343819,2.0325712010058736,6.722849009431829,0.9504310344827587,0.04956896551724138
email-Eu-core__fold_1,email-Eu-core,1,PA,score_preferential_attachment,1.0,37639.0,2057.331896551724,760.0,3271.711006931082,1.0,0.0
email-Eu-core__fold_1,email-Eu-core,1,JA,score_jaccard,0.0,0.631578947368421,0.07599687387271786,0.043478260869565216,0.0893112840126619,0.6856763925729443,0.31432360742705573
email-Eu-core__fold_1,email-Eu-core,1,SA,score_salton,0.0,0.7745966692414834,0.14501131341867712,0.11180339887498948,0.1469621625402917,0.6856763925729443,0.31432360742705573
email-Eu-core__fold_1,email-Eu-core,1,SO,score_sorensen,0.0,0.7741935483870968,0.12961047780520762,0.08333333333333333,0.14100663470165495,0.6856763925729443,0.31432360742705573
email-Eu-core__fold_1,email-Eu-core,1,HPI,score_hub_promoted,0.0,1.0,0.23768653753309565,0.2,0.23687937483951949,0.6856763925729443,0.31432360742705573
email-Eu-core__fold_1,email-Eu-core,1,HDI,score_hub_depressed,0.0,0.75,0.10142856875576531,0.05555555555555555,0.12032813349950872,0.6856763925729443,0.31432360742705573
email-Eu-core__fold_1,email-Eu-core,1,LLHN,score_local_leicht_holme_newman,0.0,0.5,0.004669212826105838,0.0024737167594310453,0.01052648360355801,0.6856763925729443,0.31432360742705573
email-Eu-core__fold_1,email-Eu-core,1,IA2,score_individual_attraction_2,0.0,17.88243485073404,0.57977343540894,0.06060606060606061,1.2372757785148665,0.6856763925729443,0.31432360742705573
email-Eu-core__fold_1,email-Eu-core,1,LNB-RA,score_lnb_resource_allocation,0.0,7.7157004575220824,0.39087743607039527,0.10464789438986788,0.6141395315162026,0.6856763925729443,0.31432360742705573
email-Eu-core__fold_1,email-Eu-core,1,CAR-RA,score_car_resource_allocation,0.0,24.732256234292727,0.928511087950419,0.03995687818238053,1.9206092261884307,0.5494031830238727,0.4505968169761273
email-Eu-core__fold_1,email-Eu-core,1,FSW,score_functional_similarity_weight,0.0,0.48674959437533805,0.03598529746740582,0.006195948151100817,0.06024236820594522,0.6856763925729443,0.31432360742705573
email-Eu-core__fold_1,email-Eu-core,1,LPI-beta-0.001,score_local_path_beta_0_001,0.0,92.943,7.557346816976127,3.141,10.248746562121035,0.9504310344827587,0.04956896551724138
email-Eu-core__fold_1,email-Eu-core,1,LRW-l3,score_lrw_l3,0.0,0.0001003351117218982,8.324463864277522e-06,3.2766442735650685e-06,1.117307702621577e-05,0.9500994694960212,0.04990053050397878
email-Eu-core__fold_1,email-Eu-core,1,SRW-l3,score_srw_l3,0.0,0.00030937878565714564,1.925746569046387e-05,6.816373794082919e-06,2.6734410839945812e-05,0.9504310344827587,0.04956896551724138
email-Eu-core__fold_1,email-Eu-core,1,PFP-l3,score_propflow_l3,0.0,0.08333333333333333,0.005121214396350031,0.00225632556608346,0.006927594038735552,0.9504310344827587,0.04956896551724138
email-Eu-core__fold_2,email-Eu-core,2,CN,score_common_neighbors,0.0,93.0,7.114555702917772,3.0,9.52894726690565,0.6753978779840849,0.3246021220159151
email-Eu-core__fold_2,email-Eu-core,2,AA,score_adamic_adar,0.0,23.242124636258723,1.7563186796830847,0.7081498052624091,2.344261248602088,0.6753978779840849,0.3246021220159151
email-Eu-core__fold_2,email-Eu-core,2,RA,score_resource_allocation,0.0,1.8323318193554052,0.1410314818077099,0.04560993877005663,0.2007043232420351,0.6753978779840849,0.3246021220159151
email-Eu-core__fold_2,email-Eu-core,2,RA-CNI,score_ra_cni,0.0,59.95448467352086,4.827210914196763,2.0609638356141757,6.720690715544003,0.9514257294429708,0.048574270557029176
email-Eu-core__fold_2,email-Eu-core,2,PA,score_preferential_attachment,1.0,33210.0,2100.977619363395,759.0,3328.778320437128,1.0,0.0
email-Eu-core__fold_2,email-Eu-core,2,JA,score_jaccard,0.0,0.5483870967741935,0.07462323479772683,0.0425531914893617,0.0877059855859981,0.6753978779840849,0.3246021220159151
email-Eu-core__fold_2,email-Eu-core,2,SA,score_salton,0.0,0.7139328934618736,0.14266732967810114,0.10887588907733554,0.14592804376783242,0.6753978779840849,0.3246021220159151
email-Eu-core__fold_2,email-Eu-core,2,SO,score_sorensen,0.0,0.7083333333333334,0.1275771165904489,0.08163265306122448,0.13916488656275283,0.6753978779840849,0.3246021220159151
email-Eu-core__fold_2,email-Eu-core,2,HPI,score_hub_promoted,0.0,1.0,0.23230676107370887,0.19047619047619047,0.233587210932702,0.6753978779840849,0.3246021220159151
email-Eu-core__fold_2,email-Eu-core,2,HDI,score_hub_depressed,0.0,0.6363636363636364,0.09913864925557982,0.0547945205479452,0.11720860226912085,0.6753978779840849,0.3246021220159151
email-Eu-core__fold_2,email-Eu-core,2,LLHN,score_local_leicht_holme_newman,0.0,0.25,0.004588709475508213,0.002352941176470588,0.009308229534114943,0.6753978779840849,0.3246021220159151
email-Eu-core__fold_2,email-Eu-core,2,IA2,score_individual_attraction_2,0.0,20.273864968996904,0.5684004579233235,0.062285735182600166,1.1803562217251535,0.6753978779840849,0.3246021220159151
email-Eu-core__fold_2,email-Eu-core,2,LNB-RA,score_lnb_resource_allocation,0.0,5.938592457145545,0.38735938193762115,0.10637545773487869,0.5863294869168467,0.6753978779840849,0.3246021220159151
email-Eu-core__fold_2,email-Eu-core,2,CAR-RA,score_car_resource_allocation,0.0,29.792924914127923,0.9163432244844624,0.0435344130533927,1.8589043659403832,0.5510610079575596,0.4489389920424403
email-Eu-core__fold_2,email-Eu-core,2,FSW,score_functional_similarity_weight,0.0,0.5017361111111112,0.034972431595883084,0.006032613818456027,0.058746845841138214,0.6753978779840849,0.3246021220159151
email-Eu-core__fold_2,email-Eu-core,2,LPI-beta-0.001,score_local_path_beta_0_001,0.0,97.669,7.464326259946949,3.137,10.01536565359686,0.9515915119363395,0.04840848806366048
email-Eu-core__fold_2,email-Eu-core,2,LRW-l3,score_lrw_l3,0.0,9.619114672760297e-05,8.388792864967464e-06,3.458273145600041e-06,1.109613658099143e-05,0.9515915119363395,0.04840848806366048
email-Eu-core__fold_2,email-Eu-core,2,SRW-l3,score_srw_l3,0.0,0.00023662123711351696,1.91974594658036e-05,7.166373185405926e-06,2.5858226968279473e-05,0.9515915119363395,0.04840848806366048
email-Eu-core__fold_2,email-Eu-core,2,PFP-l3,score_propflow_l3,0.0,0.061811925496395734,0.005206776045291257,0.002304599290435989,0.007017226182688402,0.9515915119363395,0.04840848806366048
email-Eu-core__fold_3,email-Eu-core,3,CN,score_common_neighbors,0.0,109.0,7.193965517241379,3.0,9.842425065994073,0.6795424403183024,0.3204575596816976
email-Eu-core__fold_3,email-Eu-core,3,AA,score_adamic_adar,0.0,29.027290373801602,1.7807646689945291,0.7626671296347121,2.445770645410936,0.6795424403183024,0.3204575596816976
email-Eu-core__fold_3,email-Eu-core,3,RA,score_resource_allocation,0.0,2.8447524860383715,0.14386126340780062,0.04871960863753698,0.21168431239035806,0.6795424403183024,0.3204575596816976
email-Eu-core__fold_3,email-Eu-core,3,RA-CNI,score_ra_cni,0.0,70.64278275064198,4.893561989887159,2.174368019800613,6.825800420030907,0.949104774535809,0.05089522546419098
email-Eu-core__fold_3,email-Eu-core,3,PA,score_preferential_attachment,1.0,51612.0,2109.1619694960214,780.0,3492.2528570207464,1.0,0.0
email-Eu-core__fold_3,email-Eu-core,3,JA,score_jaccard,0.0,0.75,0.07531243535382091,0.04285714285714286,0.0875464874211521,0.6795424403183024,0.3204575596816976
email-Eu-core__fold_3,email-Eu-core,3,SA,score_salton,0.0,0.8660254037844387,0.14339889750680573,0.1086229957886598,0.14558683089951824,0.6795424403183024,0.3204575596816976
email-Eu-core__fold_3,email-Eu-core,3,SO,score_sorensen,0.0,0.8571428571428571,0.12877546905456863,0.0821917808219178,0.13940890660074431,0.6795424403183024,0.3204575596816976
email-Eu-core__fold_3,email-Eu-core,3,HPI,score_hub_promoted,0.0,1.0,0.2315373585844382,0.19047619047619047,0.23069080850518578,0.6795424403183024,0.3204575596816976
email-Eu-core__fold_3,email-Eu-core,3,HDI,score_hub_depressed,0.0,0.75,0.10054706819724858,0.0547827743902439,0.11777834469095168,0.6795424403183024,0.3204575596816976
email-Eu-core__fold_3,email-Eu-core,3,LLHN,score_local_leicht_holme_newman,0.0,0.25,0.004481317646405012,0.0024154589371980675,0.007930866226835495,0.6795424403183024,0.3204575596816976
email-Eu-core__fold_3,email-Eu-core,3,IA2,score_individual_attraction_2,0.0,22.74831257643657,0.5651666223084241,0.06295109642098742,1.2181476957925164,0.6795424403183024,0.3204575596816976
email-Eu-core__fold_3,email-Eu-core,3,LNB-RA,score_lnb_resource_allocation,0.0,8.08765232021157,0.3926893119947842,0.1096417512400521,0.610813933163953,0.6795424403183024,0.3204575596816976
email-Eu-core__fold_3,email-Eu-core,3,CAR-RA,score_car_resource_allocation,0.0,28.875136752386005,0.9066553988492201,0.04431794841138456,1.8858220550041722,0.5440981432360743,0.45590185676392575
email-Eu-core__fold_3,email-Eu-core,3,FSW,score_functional_similarity_weight,0.0,0.4162330905306972,0.0353399120876833,0.00591715976331361,0.05751726922730432,0.6795424403183024,0.3204575596816976
email-Eu-core__fold_3,email-Eu-core,3,LPI-beta-0.001,score_local_path_beta_0_001,0.0,113.69200000000001,7.542850795755967,3.1895,10.327615486861228,0.949104774535809,0.05089522546419098
email-Eu-core__fold_3,email-Eu-core,3,LRW-l3,score_lrw_l3,0.0,0.00013015928586066551,8.492619031799366e-06,3.539184102924197e-06,1.1520665076469767e-05,0.949104774535809,0.05089522546419098
email-Eu-core__fold_3,email-Eu-core,3,SRW-l3,score_srw_l3,0.0,0.0003465991342801325,1.951816037206612e-05,7.5351929896818185e-06,2.7245795361642518e-05,0.949104774535809,0.05089522546419098
email-Eu-core__fold_3,email-Eu-core,3,PFP-l3,score_propflow_l3,0.0,0.07952039994589569,0.005219547552956942,0.0023980865026328483,0.006950369328086527,0.949104774535809,0.05089522546419098
email-Eu-core__fold_4,email-Eu-core,4,CN,score_common_neighbors,0.0,110.0,7.199933687002653,3.0,9.862433645351798,0.674237400530504,0.32576259946949604
email-Eu-core__fold_4,email-Eu-core,4,AA,score_adamic_adar,0.0,29.25725929792359,1.7840562763341152,0.7364171519138174,2.444074830697991,0.674237400530504,0.32576259946949604
email-Eu-core__fold_4,email-Eu-core,4,RA,score_resource_allocation,0.0,2.951926541964069,0.1450421076698778,0.050102498646244296,0.21217289237955214,0.674237400530504,0.32576259946949604
email-Eu-core__fold_4,email-Eu-core,4,RA-CNI,score_ra_cni,0.0,73.5642123671716,4.858245098306683,2.174711036928149,6.7016313320964045,0.9396551724137931,0.0603448275862069
email-Eu-core__fold_4,email-Eu-core,4,PA,score_preferential_attachment,1.0,49046.0,2094.247679045093,782.0,3345.065037155005,1.0,0.0
email-Eu-core__fold_4,email-Eu-core,4,JA,score_jaccard,0.0,0.8333333333333334,0.07511645819839119,0.042350461841987264,0.08893124019266968,0.674237400530504,0.32576259946949604
email-Eu-core__fold_4,email-Eu-core,4,SA,score_salton,0.0,0.9100315103865801,0.14274214799589666,0.10639850030290807,0.14589818671193974,0.674237400530504,0.32576259946949604
email-Eu-core__fold_4,email-Eu-core,4,SO,score_sorensen,0.0,0.9090909090909091,0.12819254226495416,0.0812595435599026,0.1403224677590971,0.674237400530504,0.32576259946949604
email-Eu-core__fold_4,email-Eu-core,4,HPI,score_hub_promoted,0.0,1.0,0.230037149931448,0.19047619047619047,0.22828138906452194,0.674237400530504,0.32576259946949604
email-Eu-core__fold_4,email-Eu-core,4,HDI,score_hub_depressed,0.0,0.8695652173913043,0.10056785350667048,0.05555555555555555,0.11986142918604603,0.674237400530504,0.32576259946949604
email-Eu-core__fold_4,email-Eu-core,4,LLHN,score_local_leicht_holme_newman,0.0,0.2222222222222222,0.004483902604892974,0.002446816295034857,0.008243098590697114,0.674237400530504,0.32576259946949604
email-Eu-core__fold_4,email-Eu-core,4,IA2,score_individual_attraction_2,0.0,28.68735884872354,0.5759332264098724,0.06532588081256138,1.27037841498617,0.674237400530504,0.32576259946949604
email-Eu-core__fold_4,email-Eu-core,4,LNB-RA,score_lnb_resource_allocation,0.0,8.82721876772281,0.3969835173698792,0.11491576519432489,0.6169136394478275,0.674237400530504,0.32576259946949604
email-Eu-core__fold_4,email-Eu-core,4,CAR-RA,score_car_resource_allocation,0.0,34.683754768492605,0.925592480447208,0.043388859878557104,1.9701787721531665,0.5490716180371353,0.4509283819628647
email-Eu-core__fold_4,email-Eu-core,4,FSW,score_functional_similarity_weight,0.0,0.74103628245035,0.03530163149560783,0.00591715976331361,0.0595873578816551,0.674237400530504,0.32576259946949604
email-Eu-core__fold_4,email-Eu-core,4,LPI-beta-0.001,score_local_path_beta_0_001,0.0,114.443,7.550104442970822,3.1654999999999998,10.349842958302101,0.9398209549071618,0.060179045092838196
email-Eu-core__fold_4,email-Eu-core,4,LRW-l3,score_lrw_l3,0.0,0.0001339049310704895,8.485305973502305e-06,3.507387444299284e-06,1.1397703985363586e-05,0.9394893899204244,0.060510610079575596
email-Eu-core__fold_4,email-Eu-core,4,SRW-l3,score_srw_l3,0.0,0.0003248247683538644,1.9601347333854682e-05,7.626090229051007e-06,2.7086932590926228e-05,0.9398209549071618,0.060179045092838196
email-Eu-core__fold_4,email-Eu-core,4,PFP-l3,score_propflow_l3,0.0,0.07595392299544607,0.005248942224299181,0.002361115827749947,0.006939393485188157,0.9398209549071618,0.060179045092838196
email-Eu-core__fold_5,email-Eu-core,5,CN,score_common_neighbors,0.0,81.0,7.16318407960199,3.0,9.679225966142141,0.6873963515754561,0.31260364842454397
email-Eu-core__fold_5,email-Eu-core,5,AA,score_adamic_adar,0.0,21.472722779184526,1.7730212320680565,0.7017579658533915,2.394334772285822,0.6873963515754561,0.31260364842454397
email-Eu-core__fold_5,email-Eu-core,5,RA,score_resource_allocation,0.0,2.12814681967963,0.1437087672066755,0.044987199980473444,0.20702473768264013,0.6873963515754561,0.31260364842454397
email-Eu-core__fold_5,email-Eu-core,5,RA-CNI,score_ra_cni,0.0,61.737600328579056,4.875436554754786,2.066831692124695,6.766855392129341,0.9497512437810945,0.050248756218905476
email-Eu-core__fold_5,email-Eu-core,5,PA,score_preferential_attachment,1.0,36352.0,2089.3421227197346,770.0,3350.698820945886,1.0,0.0
email-Eu-core__fold_5,email-Eu-core,5,JA,score_jaccard,0.0,0.5714285714285714,0.07484931463987922,0.04302411677596785,0.0870995008512633,0.6873963515754561,0.31260364842454397
email-Eu-core__fold_5,email-Eu-core,5,SA,score_salton,0.0,0.735767207381959,0.1431658031060238,0.10889310129609417,0.14461084325304818,0.6873963515754561,0.31260364842454397
email-Eu-core__fold_5,email-Eu-core,5,SO,score_sorensen,0.0,0.7272727272727273,0.12810761389347922,0.08249878463782206,0.1384261038923458,0.6873963515754561,0.31260364842454397
email-Eu-core__fold_5,email-Eu-core,5,HPI,score_hub_promoted,0.0,1.0,0.23366628336905246,0.2,0.230992539709203,0.6873963515754561,0.31260364842454397
email-Eu-core__fold_5,email-Eu-core,5,HDI,score_hub_depressed,0.0,0.675,0.09961326560718523,0.05486978774650007,0.11708958716605561,0.6873963515754561,0.31260364842454397
email-Eu-core__fold_5,email-Eu-core,5,LLHN,score_local_leicht_holme_newman,0.0,0.25,0.004543008529637952,0.0024620439106592257,0.008052413648888321,0.6873963515754561,0.31260364842454397
email-Eu-core__fold_5,email-Eu-core,5,IA2,score_individual_attraction_2,0.0,15.737777098618498,0.5792952965451428,0.05922534134077534,1.2197690948704891,0.6873963515754561,0.31260364842454397
email-Eu-core__fold_5,email-Eu-core,5,LNB-RA,score_lnb_resource_allocation,0.0,6.087646709344345,0.3956062644352031,0.10058999829617657,0.6037944995048883,0.6873963515754561,0.31260364842454397
email-Eu-core__fold_5,email-Eu-core,5,CAR-RA,score_car_resource_allocation,0.0,22.427396238728313,0.9251953567032488,0.03906004190758477,1.8997644826772433,0.5466003316749586,0.45339966832504147
email-Eu-core__fold_5,email-Eu-core,5,FSW,score_functional_similarity_weight,0.0,0.46137415450338193,0.03490402587436785,0.005695977216091135,0.05821556581708239,0.6873963515754561,0.31260364842454397
email-Eu-core__fold_5,email-Eu-core,5,LPI-beta-0.001,score_local_path_beta_0_001,0.0,85.097,7.512817744610281,3.136,10.167196742761556,0.9500829187396351,0.04991708126036484
email-Eu-core__fold_5,email-Eu-core,5,LRW-l3,score_lrw_l3,0.0,9.443361666685672e-05,8.45722016662326e-06,3.4024785428857156e-06,1.1253678371261207e-05,0.9495854063018242,0.05041459369817579
email-Eu-core__fold_5,email-Eu-core,5,SRW-l3,score_srw_l3,0.0,0.000257522498548965,1.9470230144910906e-05,7.102645543829316e-06,2.660586666058471e-05,0.9500829187396351,0.04991708126036484
email-Eu-core__fold_5,email-Eu-core,5,PFP-l3,score_propflow_l3,0.0,0.07444839245532525,0.005249206532751455,0.0023398814433256633,0.007058184787125737,0.9500829187396351,0.04991708126036484
power-grid__fold_1,power-grid,1,CN,score_common_neighbors,0.0,6.0,0.283987915407855,0.0,0.6607773718154717,0.2039274924471299,0.7960725075528701
power-grid__fold_1,power-grid,1,AA,score_adamic_adar,0.0,3.018865588183831,0.18481074751101698,0.0,0.43721533776574023,0.2039274924471299,0.7960725075528701
power-grid__fold_1,power-grid,1,RA,score_resource_allocation,0.0,1.0,0.057427083239016775,0.0,0.13967194420242654,0.2039274924471299,0.7960725075528701
power-grid__fold_1,power-grid,1,RA-CNI,score_ra_cni,0.0,1.6150793650793651,0.11106763536899489,0.0,0.2498282439482521,0.27492447129909364,0.7250755287009063
power-grid__fold_1,power-grid,1,PA,score_preferential_attachment,1.0,90.0,9.194864048338369,6.0,11.260487633825383,1.0,0.0
power-grid__fold_1,power-grid,1,JA,score_jaccard,0.0,1.0,0.056800615019914825,0.0,0.14968250125009316,0.2039274924471299,0.7960725075528701
power-grid__fold_1,power-grid,1,SA,score_salton,0.0,1.0,0.08828226761331984,0.0,0.19811418181771068,0.2039274924471299,0.7960725075528701
power-grid__fold_1,power-grid,1,SO,score_sorensen,0.0,1.0,0.08166109485312949,0.0,0.1872859093212162,0.2039274924471299,0.7960725075528701
power-grid__fold_1,power-grid,1,HPI,score_hub_promoted,0.0,1.0,0.1264626192873927,0.0,0.2817134290804251,0.2039274924471299,0.7960725075528701
power-grid__fold_1,power-grid,1,HDI,score_hub_depressed,0.0,1.0,0.06678797033781929,0.0,0.16468731452097024,0.2039274924471299,0.7960725075528701
power-grid__fold_1,power-grid,1,LLHN,score_local_leicht_holme_newman,0.0,1.0,0.03752861026463745,0.0,0.12231530120145324,0.2039274924471299,0.7960725075528701
power-grid__fold_1,power-grid,1,IA2,score_individual_attraction_2,0.0,1.0962962962962963,0.09297017112349439,0.0,0.21136531668237216,0.2039274924471299,0.7960725075528701
power-grid__fold_1,power-grid,1,LNB-RA,score_lnb_resource_allocation,0.0,6.475756264509419,0.35042568908611155,0.0,0.896745105827495,0.2039274924471299,0.7960725075528701
power-grid__fold_1,power-grid,1,CAR-RA,score_car_resource_allocation,0.0,1.8,0.01588551176919757,0.0,0.10654037296010148,0.03323262839879154,0.9667673716012085
power-grid__fold_1,power-grid,1,FSW,score_functional_similarity_weight,0.0,0.7779353359927431,0.03379085151130827,0.0,0.09221685856122766,0.2039274924471299,0.7960725075528701
power-grid__fold_1,power-grid,1,LPI-beta-0.001,score_local_path_beta_0_001,0.0,6.012,0.2844848942598187,0.0,0.6618922141102435,0.2809667673716012,0.7190332326283988
power-grid__fold_1,power-grid,1,LRW-l3,score_lrw_l3,0.0,8.614462869612159e-05,2.9749761579459127e-06,0.0,8.169700050945543e-06,0.18731117824773413,0.8126888217522659
power-grid__fold_1,power-grid,1,SRW-l3,score_srw_l3,0.0,0.00019563118237874745,1.2144237412778545e-05,0.0,2.6776261655230105e-05,0.2809667673716012,0.7190332326283988
power-grid__fold_1,power-grid,1,PFP-l3,score_propflow_l3,0.0,0.375,0.024295494892486277,0.0,0.05523465838274852,0.2809667673716012,0.7190332326283988
power-grid__fold_2,power-grid,2,CN,score_common_neighbors,0.0,5.0,0.24169184290030213,0.0,0.5992043452837188,0.1797583081570997,0.8202416918429003
power-grid__fold_2,power-grid,2,AA,score_adamic_adar,0.0,3.163160908257768,0.1572483113890669,0.0,0.39726390558127544,0.1797583081570997,0.8202416918429003
power-grid__fold_2,power-grid,2,RA,score_resource_allocation,0.0,1.1166666666666667,0.04952931425741093,0.0,0.12869213370126248,0.1797583081570997,0.8202416918429003
power-grid__fold_2,power-grid,2,RA-CNI,score_ra_cni,0.0,1.55,0.09328492791284967,0.0,0.2129337512855242,0.270392749244713,0.729607250755287
power-grid__fold_2,power-grid,2,PA,score_preferential_attachment,1.0,108.0,8.022658610271904,4.0,10.579192042284852,1.0,0.0
power-grid__fold_2,power-grid,2,JA,score_jaccard,0.0,1.0,0.04859902996121229,0.0,0.1309013221092708,0.1797583081570997,0.8202416918429003
power-grid__fold_2,power-grid,2,SA,score_salton,0.0,1.0,0.07922436640926296,0.0,0.18760470850734726,0.1797583081570997,0.8202416918429003
power-grid__fold_2,power-grid,2,SO,score_sorensen,0.0,1.0,0.07153575276687059,0.0,0.17313076721496695,0.1797583081570997,0.8202416918429003
power-grid__fold_2,power-grid,2,HPI,score_hub_promoted,0.0,1.0,0.12294633865630845,0.0,0.29330435547330574,0.1797583081570997,0.8202416918429003
power-grid__fold_2,power-grid,2,HDI,score_hub_depressed,0.0,1.0,0.05559517270242346,0.0,0.1415358669747497,0.1797583081570997,0.8202416918429003
power-grid__fold_2,power-grid,2,LLHN,score_local_leicht_holme_newman,0.0,1.0,0.034644292346466495,0.0,0.10935810156625843,0.1797583081570997,0.8202416918429003
power-grid__fold_2,power-grid,2,IA2,score_individual_attraction_2,0.0,1.0033333333333334,0.08328518661600232,0.0,0.20186560782293927,0.1797583081570997,0.8202416918429003
power-grid__fold_2,power-grid,2,LNB-RA,score_lnb_resource_allocation,0.0,8.40022959816794,0.3025536710212676,0.0,0.8362497727448771,0.1797583081570997,0.8202416918429003
power-grid__fold_2,power-grid,2,CAR-RA,score_car_resource_allocation,0.0,1.2000000000000002,0.01578551525681435,0.0,0.10552227223931857,0.027190332326283987,0.972809667673716
power-grid__fold_2,power-grid,2,FSW,score_functional_similarity_weight,0.0,0.7779353359927431,0.029375262674936002,0.0,0.08325986757647882,0.1797583081570997,0.8202416918429003
power-grid__fold_2,power-grid,2,LPI-beta-0.001,score_local_path_beta_0_001,0.0,5.009,0.24215256797583082,0.0,0.6002335924393437,0.27794561933534745,0.7220543806646526
power-grid__fold_2,power-grid,2,LRW-l3,score_lrw_l3,0.0,7.845902744513633e-05,2.983492526512835e-06,0.0,8.099924429277869e-06,0.19939577039274925,0.8006042296072508
power-grid__fold_2,power-grid,2,SRW-l3,score_srw_l3,0.0,0.0002567548388241347,1.0891733666128185e-05,0.0,2.5517244325627634e-05,0.27794561933534745,0.7220543806646526
power-grid__fold_2,power-grid,2,PFP-l3,score_propflow_l3,0.0,0.5,0.02353833481598746,0.0,0.058955297120337986,0.27794561933534745,0.7220543806646526
power-grid__fold_3,power-grid,3,CN,score_common_neighbors,0.0,6.0,0.2583081570996979,0.0,0.6305741508030974,0.1933534743202417,0.8066465256797583
power-grid__fold_3,power-grid,3,AA,score_adamic_adar,0.0,5.122900926455848,0.1776085746198678,0.0,0.4620059163477095,0.1933534743202417,0.8066465256797583
power-grid__fold_3,power-grid,3,RA,score_resource_allocation,0.0,1.6464646464646464,0.05666015315403135,0.0,0.15193106255900882,0.1933534743202417,0.8066465256797583
power-grid__fold_3,power-grid,3,RA-CNI,score_ra_cni,0.0,2.604978354978355,0.11440319521294239,0.0,0.2667343447923998,0.283987915407855,0.716012084592145
power-grid__fold_3,power-grid,3,PA,score_preferential_attachment,1.0,108.0,7.922960725075528,4.0,9.879383857886365,1.0,0.0
power-grid__fold_3,power-grid,3,JA,score_jaccard,0.0,1.0,0.05743993334627776,0.0,0.15188941984922347,0.1933534743202417,0.8066465256797583
power-grid__fold_3,power-grid,3,SA,score_salton,0.0,1.0,0.08864486025002201,0.0,0.20340977764837578,0.1933534743202417,0.8066465256797583
power-grid__fold_3,power-grid,3,SO,score_sorensen,0.0,1.0,0.08182043795334508,0.0,0.19133056441359597,0.1933534743202417,0.8066465256797583
power-grid__fold_3,power-grid,3,HPI,score_hub_promoted,0.0,1.0,0.1280445259674867,0.0,0.29323631041366466,0.1933534743202417,0.8066465256797583
power-grid__fold_3,power-grid,3,HDI,score_hub_depressed,0.0,1.0,0.06626226660214575,0.0,0.16491558682971116,0.1933534743202417,0.8066465256797583
power-grid__fold_3,power-grid,3,LLHN,score_local_leicht_holme_newman,0.0,1.0,0.041887554512176864,0.0,0.1304966309201323,0.1933534743202417,0.8066465256797583
power-grid__fold_3,power-grid,3,IA2,score_individual_attraction_2,0.0,1.3720538720538722,0.09347293380665139,0.0,0.22070334494668298,0.1933534743202417,0.8066465256797583
power-grid__fold_3,power-grid,3,LNB-RA,score_lnb_resource_allocation,0.0,10.463632700442417,0.344022022452171,0.0,0.9658772246244515,0.1933534743202417,0.8066465256797583
power-grid__fold_3,power-grid,3,CAR-RA,score_car_resource_allocation,0.0,1.5222222222222221,0.013770143568203672,0.0,0.10729612990038745,0.0256797583081571,0.974320241691843
power-grid__fold_3,power-grid,3,FSW,score_functional_similarity_weight,0.0,0.7779353359927431,0.03415891344512216,0.0,0.09134928632107277,0.1933534743202417,0.8066465256797583
power-grid__fold_3,power-grid,3,LPI-beta-0.001,score_local_path_beta_0_001,0.0,6.014,0.2587507552870091,0.0,0.6315977265327255,0.2945619335347432,0.7054380664652568
power-grid__fold_3,power-grid,3,LRW-l3,score_lrw_l3,0.0,4.801460773039888e-05,2.8495637856714015e-06,0.0,7.3215183058104885e-06,0.20241691842900303,0.797583081570997
power-grid__fold_3,power-grid,3,SRW-l3,score_srw_l3,0.0,0.00030314371152095345,1.1896370931453192e-05,0.0,2.8238153648665957e-05,0.2945619335347432,0.7054380664652568
power-grid__fold_3,power-grid,3,PFP-l3,score_propflow_l3,0.0,0.5,0.02872495486449699,0.0,0.06857767907908499,0.2945619335347432,0.7054380664652568
power-grid__fold_4,power-grid,4,CN,score_common_neighbors,0.0,4.0,0.2537764350453172,0.0,0.6239854808820211,0.18429003021148035,0.8157099697885196
power-grid__fold_4,power-grid,4,AA,score_adamic_adar,0.0,3.88450842870225,0.16362679766904334,0.0,0.41649156500778867,0.18429003021148035,0.8157099697885196
power-grid__fold_4,power-grid,4,RA,score_resource_allocation,0.0,1.3666666666666667,0.05106717300826062,0.0,0.13473134013829874,0.18429003021148035,0.8157099697885196
power-grid__fold_4,power-grid,4,RA-CNI,score_ra_cni,0.0,2.077777777777778,0.1052736077282905,0.0,0.25478663659921075,0.2719033232628399,0.7280966767371602
power-grid__fold_4,power-grid,4,PA,score_preferential_attachment,1.0,99.0,8.645015105740182,6.0,10.919841242123235,1.0,0.0
power-grid__fold_4,power-grid,4,JA,score_jaccard,0.0,1.0,0.04950095641183254,0.0,0.13340569608806116,0.18429003021148035,0.8157099697885196
power-grid__fold_4,power-grid,4,SA,score_salton,0.0,1.0,0.07945955127664434,0.0,0.18641039154254144,0.18429003021148035,0.8157099697885196
power-grid__fold_4,power-grid,4,SO,score_sorensen,0.0,1.0,0.07274045237471106,0.0,0.17399407681793294,0.18429003021148035,0.8157099697885196
power-grid__fold_4,power-grid,4,HPI,score_hub_promoted,0.0,1.0,0.11781158586294538,0.0,0.27920057385726527,0.18429003021148035,0.8157099697885196
power-grid__fold_4,power-grid,4,HDI,score_hub_depressed,0.0,1.0,0.05839093350422655,0.0,0.14784543147723075,0.18429003021148035,0.8157099697885196
power-grid__fold_4,power-grid,4,LLHN,score_local_leicht_holme_newman,0.0,1.0,0.032965757597555184,0.0,0.10665498944255669,0.18429003021148035,0.8157099697885196
power-grid__fold_4,power-grid,4,IA2,score_individual_attraction_2,0.0,1.025,0.08195482345784459,0.0,0.19555422575734258,0.18429003021148035,0.8157099697885196
power-grid__fold_4,power-grid,4,LNB-RA,score_lnb_resource_allocation,0.0,9.728785922316838,0.30589142826417504,0.0,0.8640343144043108,0.18429003021148035,0.8157099697885196
power-grid__fold_4,power-grid,4,CAR-RA,score_car_resource_allocation,0.0,0.7651515151515151,0.012066189936280572,0.0,0.0733955232722758,0.030211480362537766,0.9697885196374623
power-grid__fold_4,power-grid,4,FSW,score_functional_similarity_weight,0.0,0.7779353359927431,0.030136294698170002,0.0,0.08536101981685014,0.18429003021148035,0.8157099697885196
power-grid__fold_4,power-grid,4,LPI-beta-0.001,score_local_path_beta_0_001,0.0,4.017,0.2542235649546828,0.0,0.6250818777380565,0.2824773413897281,0.7175226586102719
power-grid__fold_4,power-grid,4,LRW-l3,score_lrw_l3,0.0,5.410967410009403e-05,2.9484677671735595e-06,0.0,7.715056973866976e-06,0.19788519637462235,0.8021148036253777
power-grid__fold_4,power-grid,4,SRW-l3,score_srw_l3,0.0,0.0002678872389873507,1.110225556986566e-05,0.0,2.605563798949236e-05,0.2824773413897281,0.7175226586102719
power-grid__fold_4,power-grid,4,PFP-l3,score_propflow_l3,0.0,0.5,0.021650430727670582,0.0,0.04998470162543802,0.2824773413897281,0.7175226586102719
power-grid__fold_5,power-grid,5,CN,score_common_neighbors,0.0,4.0,0.2409090909090909,0.0,0.5734323547473574,0.18181818181818182,0.8181818181818182
power-grid__fold_5,power-grid,5,AA,score_adamic_adar,0.0,2.8853900817779268,0.1426698544664887,0.0,0.3603883956734408,0.18181818181818182,0.8181818181818182
power-grid__fold_5,power-grid,5,RA,score_resource_allocation,0.0,1.0,0.043056938852393395,0.0,0.1145790188233121,0.18181818181818182,0.8181818181818182
power-grid__fold_5,power-grid,5,RA-CNI,score_ra_cni,0.0,1.3181818181818181,0.08903656108201563,0.0,0.21002691776582688,0.24848484848484848,0.7515151515151515
power-grid__fold_5,power-grid,5,PA,score_preferential_attachment,1.0,99.0,7.972727272727273,6.0,9.372700251335223,1.0,0.0
power-grid__fold_5,power-grid,5,JA,score_jaccard,0.0,1.0,0.04754497606770334,0.0,0.12261773134878255,0.18181818181818182,0.8181818181818182
power-grid__fold_5,power-grid,5,SA,score_salton,0.0,1.0,0.07755995910063256,0.0,0.18122084701434296,0.18181818181818182,0.8181818181818182
power-grid__fold_5,power-grid,5,SO,score_sorensen,0.0,1.0,0.07124603727052362,0.0,0.1694731187783103,0.18181818181818182,0.8181818181818182
power-grid__fold_5,power-grid,5,HPI,score_hub_promoted,0.0,1.0,0.11458273208273209,0.0,0.27003083599624145,0.18181818181818182,0.8181818181818182
power-grid__fold_5,power-grid,5,HDI,score_hub_depressed,0.0,1.0,0.05663255935983208,0.0,0.14084047348044237,0.18181818181818182,0.8181818181818182
power-grid__fold_5,power-grid,5,LLHN,score_local_leicht_holme_newman,0.0,0.5,0.03030828122494789,0.0,0.08519959018692141,0.18181818181818182,0.8181818181818182
power-grid__fold_5,power-grid,5,IA2,score_individual_attraction_2,0.0,1.000865800865801,0.07173145457236366,0.0,0.17256354918523972,0.18181818181818182,0.8181818181818182
power-grid__fold_5,power-grid,5,LNB-RA,score_lnb_resource_allocation,0.0,6.475596527383584,0.26088299516933144,0.0,0.744281943662675,0.18181818181818182,0.8181818181818182
power-grid__fold_5,power-grid,5,CAR-RA,score_car_resource_allocation,0.0,1.5012987012987011,0.015907013861559318,0.0,0.09778200541772825,0.03636363636363636,0.9636363636363636
power-grid__fold_5,power-grid,5,FSW,score_functional_similarity_weight,0.0,0.7777964871534331,0.03138334174863669,0.0,0.09067494513738589,0.18181818181818182,0.8181818181818182
power-grid__fold_5,power-grid,5,LPI-beta-0.001,score_local_path_beta_0_001,0.0,4.014,0.24135606060606063,0.0,0.57432221625284,0.2681818181818182,0.7318181818181818
power-grid__fold_5,power-grid,5,LRW-l3,score_lrw_l3,0.0,4.434511139491982e-05,2.7654368127019633e-06,0.0,6.982084766296362e-06,0.19393939393939394,0.806060606060606
power-grid__fold_5,power-grid,5,SRW-l3,score_srw_l3,0.0,0.00015964240102171138,9.639149911743055e-06,0.0,2.2341890483438555e-05,0.2681818181818182,0.7318181818181818
power-grid__fold_5,power-grid,5,PFP-l3,score_propflow_l3,0.0,0.41666666666666663,0.021836297481940676,0.0,0.05120750010873745,0.2681818181818182,0.7318181818181818
