benchmark,network_id,network,domain,family,analysis_family,method_id,method,average_precision_mean,average_precision_std,roc_auc_mean,roc_auc_std,precision_mean,precision_std,recall_mean,recall_std,f1_mean,f1_std,ndcg_mean,ndcg_std
standard,ca_grqc,ca-GrQc,scientific_collaboration,degree_based,standard_local,pa,PA,0.8628888089330177,0.004232154817945291,0.8421915541344399,0.0054118808866969745,0.7597409606044253,0.007030164735879981,0.7597409606044253,0.007030164735879981,0.7597409606044252,0.007030164735879957,0.7891579073809867,0.006257773667806515
standard,ca_grqc,ca-GrQc,scientific_collaboration,enhanced_local,enhanced_local,car_aa,CAR-AA,0.8506057809214045,0.008656058133259679,0.8504962853953376,0.008577789566053151,0.7729087965461414,0.01086323811340411,0.7729087965461414,0.01086323811340411,0.7729087965461414,0.010863238113404132,0.8062599352675346,0.009526811827318207
standard,ca_grqc,ca-GrQc,scientific_collaboration,enhanced_local,enhanced_local,car_cn,CAR-CN,0.8504856860755581,0.008565048855124205,0.8504570555354437,0.00854971645048597,0.7729087965461414,0.01086323811340411,0.7729087965461414,0.01086323811340411,0.7729087965461414,0.010863238113404132,0.8062516477149126,0.009520794418081197
standard,ca_grqc,ca-GrQc,scientific_collaboration,enhanced_local,enhanced_local,car_ra,CAR-RA,0.8506555928706685,0.00866155962588055,0.8505251180317852,0.00858244424909574,0.7729087965461414,0.01086323811340411,0.7729087965461414,0.01086323811340411,0.7729087965461414,0.010863238113404132,0.8062663765787288,0.00952635450500402
standard,ca_grqc,ca-GrQc,scientific_collaboration,enhanced_local,enhanced_local,fsw,FSW,0.966183580847157,0.003679815922316773,0.9662230906314611,0.0037088809323990906,0.9382622773880194,0.005919123403430595,0.9382622773880194,0.005919123403430595,0.9382622773880194,0.005919123403430595,0.9481813986007108,0.005002438676116364
standard,ca_grqc,ca-GrQc,scientific_collaboration,enhanced_local,enhanced_local,ia1,IA1,0.9667321110171475,0.003708476834443493,0.9666166124331571,0.0037353516248890433,0.9382622773880194,0.005919123403430595,0.9382622773880194,0.005919123403430595,0.9382622773880194,0.005919123403430595,0.9482399043146916,0.005002605668252609
standard,ca_grqc,ca-GrQc,scientific_collaboration,enhanced_local,enhanced_local,ia2,IA2,0.96669194102798,0.0037090520728801043,0.9665837024541816,0.0037356225835246033,0.9382622773880194,0.005919123403430595,0.9382622773880194,0.005919123403430595,0.9382622773880194,0.005919123403430595,0.9482353929010404,0.005000107286259859
standard,ca_grqc,ca-GrQc,scientific_collaboration,enhanced_local,enhanced_local,lit,LIT-i2,0.9331738985288535,0.00667460944415598,0.9329805752489582,0.006748253968034758,0.8820291419320021,0.0091472888578127,0.8820291419320021,0.0091472888578127,0.8820291419320021,0.0091472888578127,0.9006164927716223,0.007816232936115415
standard,ca_grqc,ca-GrQc,scientific_collaboration,enhanced_local,enhanced_local,ra_cni,RA-CNI,0.9815998114711076,0.0031756978781570396,0.9815060771334185,0.0030986198165335417,0.9671883432271992,0.005223894242991951,0.9671883432271992,0.005223894242991951,0.9671883432271992,0.005223894242991951,0.9723512695160966,0.004441414469859491
standard,ca_grqc,ca-GrQc,scientific_collaboration,local_bayesian,local_bayesian,lnb_aa,LNB-AA,0.9666711682342409,0.003765712529958129,0.9665572288516252,0.0037852787542454413,0.9382622773880194,0.005919123403430595,0.9382622773880194,0.005919123403430595,0.9382622773880194,0.005919123403430595,0.9482313885938712,0.0050094712273517335
standard,ca_grqc,ca-GrQc,scientific_collaboration,local_bayesian,local_bayesian,lnb_cn,LNB-CN,0.9663530965877541,0.003913966795637856,0.9663209468521314,0.0038871754245031896,0.9382622773880194,0.005919123403430595,0.9382622773880194,0.005919123403430595,0.9382622773880194,0.005919123403430595,0.9481929421381785,0.005028613298103866
standard,ca_grqc,ca-GrQc,scientific_collaboration,local_bayesian,local_bayesian,lnb_ra,LNB-RA,0.9667526069238509,0.003694613320278822,0.9666217673590672,0.0037311269488743727,0.9382622773880194,0.005919123403430595,0.9382622773880194,0.005919123403430595,0.9382622773880194,0.005919123403430595,0.948241083139812,0.004999273697683018
standard,ca_grqc,ca-GrQc,scientific_collaboration,local_similarity,standard_local,aa,AA,0.9667049271219333,0.0037345049531454927,0.9665936336956247,0.0037576029622871207,0.9382622773880194,0.005919123403430595,0.9382622773880194,0.005919123403430595,0.9382622773880194,0.005919123403430595,0.9482366814312913,0.005007428888216513
standard,ca_grqc,ca-GrQc,scientific_collaboration,local_similarity,standard_local,cn,CN,0.965784431946364,0.00399843943566795,0.9662382059226895,0.0038695488002413883,0.9382622773880194,0.005919123403430595,0.9382622773880194,0.005919123403430595,0.9382622773880194,0.005919123403430595,0.9481880451175273,0.005020116074504934
standard,ca_grqc,ca-GrQc,scientific_collaboration,local_similarity,standard_local,hdi,HDI,0.9656505611158632,0.0039658575753191705,0.9659188043833762,0.0038067283632657514,0.9382622773880194,0.005919123403430595,0.9382622773880194,0.005919123403430595,0.9382622773880194,0.005919123403430595,0.9481083554626956,0.005033406710392383
standard,ca_grqc,ca-GrQc,scientific_collaboration,local_similarity,standard_local,hpi,HPI,0.9635043098596178,0.0058915730191937575,0.9654420174224846,0.004344371110866263,0.9382622773880194,0.005919123403430595,0.9382622773880194,0.005919123403430595,0.9382622773880194,0.005919123403430595,0.947731710516436,0.005261982598217622
standard,ca_grqc,ca-GrQc,scientific_collaboration,local_similarity,standard_local,ja,JA,0.9656786264203292,0.0040775855824248565,0.9659318518794656,0.003877756448344399,0.9382622773880194,0.005919123403430595,0.9382622773880194,0.005919123403430595,0.9382622773880194,0.005919123403430595,0.9481121782155393,0.005046877448516676
standard,ca_grqc,ca-GrQc,scientific_collaboration,local_similarity,standard_local,llhn,LLHN,0.9608115722548666,0.005989690299241045,0.964412488434181,0.004190302388213007,0.9382622773880194,0.005919123403430595,0.9382622773880194,0.005919123403430595,0.9382622773880194,0.005919123403430595,0.947121114812617,0.005501845609338759
standard,ca_grqc,ca-GrQc,scientific_collaboration,local_similarity,standard_local,ra,RA,0.9667647408342134,0.0036717989543386294,0.9666411056122,0.0037089697073379537,0.9382622773880194,0.005919123403430595,0.9382622773880194,0.005919123403430595,0.9382622773880194,0.005919123403430595,0.9482439093259798,0.0049972293735339865
standard,ca_grqc,ca-GrQc,scientific_collaboration,local_similarity,standard_local,sa,SA,0.9656977021096192,0.004190839988006988,0.9659397735735199,0.0039488712160399096,0.9382622773880194,0.005919123403430595,0.9382622773880194,0.005919123403430595,0.9382622773880194,0.005919123403430595,0.948110179679136,0.005060425104724579
standard,ca_grqc,ca-GrQc,scientific_collaboration,local_similarity,standard_local,so,SO,0.9656786264203292,0.0040775855824248565,0.9659318518794656,0.003877756448344399,0.9382622773880194,0.005919123403430595,0.9382622773880194,0.005919123403430595,0.9382622773880194,0.005919123403430595,0.9481121782155393,0.005046877448516676
standard,ca_grqc,ca-GrQc,scientific_collaboration,quasi_local_path,quasi_local_path,fl,FL-l3,0.9820305938209868,0.0031636655250474916,0.981985630862454,0.003128172227643513,0.967620075553157,0.005004651103883295,0.967620075553157,0.005004651103883295,0.967620075553157,0.005004651103883295,0.9727529013024458,0.004254410631868237
standard,ca_grqc,ca-GrQc,scientific_collaboration,quasi_local_path,quasi_local_path,lpi,LPI-beta-0.001,0.9820305938209868,0.0031636655250474916,0.981985630862454,0.003128172227643513,0.967620075553157,0.005004651103883295,0.967620075553157,0.005004651103883295,0.967620075553157,0.005004651103883295,0.9727529013024458,0.004254410631868237
standard,ca_grqc,ca-GrQc,scientific_collaboration,quasi_local_path,quasi_local_path,ora_cni,ORA-CNI-beta-0.001,0.9818539632287626,0.0031765955746650525,0.9817546785321218,0.003106651737546936,0.967620075553157,0.005004651103883295,0.967620075553157,0.005004651103883295,0.967620075553157,0.005004651103883295,0.9727115512794082,0.004259144889836342
standard,ca_grqc,ca-GrQc,scientific_collaboration,quasi_local_walk,quasi_local_walk,lrw,LRW-l3,0.9534237051067892,0.004969398233179972,0.9524259459944332,0.00517474551176608,0.9137614678899082,0.008258820479784695,0.9137614678899082,0.008258820479784695,0.9137614678899082,0.008258820479784695,0.9274802460168964,0.007021024090259136
standard,ca_grqc,ca-GrQc,scientific_collaboration,quasi_local_walk,quasi_local_walk,pfp,PFP-l3,0.9810902095099152,0.003935904823371298,0.9815711689944895,0.003254119769845911,0.9675121424716675,0.004787534833506092,0.9675121424716675,0.004787534833506092,0.9675121424716675,0.004787534833506092,0.9724936590610757,0.004161737124625892
standard,ca_grqc,ca-GrQc,scientific_collaboration,quasi_local_walk,quasi_local_walk,srw,SRW-l3,0.9830306537905142,0.002867914987334268,0.9826687022313841,0.0029212844917775043,0.9677280086346466,0.0052238942429919865,0.9677280086346466,0.0052238942429919865,0.9677280086346466,0.0052238942429919865,0.9729435889688958,0.00440089350639837
standard,ca_hepth,ca-HepTh,scientific_collaboration,degree_based,standard_local,pa,PA,0.8352817232942801,0.002571408808192637,0.8253882061086035,0.0024377863421652293,0.7463045077998018,0.0033913149582840804,0.7463045077998018,0.0033913149582840804,0.7463045077998018,0.003391314958284049,0.7711835563743815,0.0028553970637465735
standard,ca_hepth,ca-HepTh,scientific_collaboration,enhanced_local,enhanced_local,car_aa,CAR-AA,0.7405121719956682,0.003858339799907191,0.7404590183084541,0.0038962610980995327,0.6573689960195196,0.003630696992598243,0.6573689960195196,0.003630696992598243,0.6573689960195196,0.003630696992598243,0.6971291531671893,0.003432733096244645
standard,ca_hepth,ca-HepTh,scientific_collaboration,enhanced_local,enhanced_local,car_cn,CAR-CN,0.7404351195257061,0.00390981055524106,0.7404421553188911,0.003910770201190259,0.6573689960195196,0.003630696992598243,0.6573689960195196,0.003630696992598243,0.6573689960195196,0.003630696992598243,0.6971231621819577,0.003435800847074849
standard,ca_hepth,ca-HepTh,scientific_collaboration,enhanced_local,enhanced_local,car_ra,CAR-RA,0.7405148813556999,0.0038597346842312295,0.7404595822042825,0.0038967463871271016,0.6573689960195196,0.003630696992598243,0.6573689960195196,0.003630696992598243,0.6573689960195196,0.003630696992598243,0.697129596340284,0.003432784106769627
standard,ca_hepth,ca-HepTh,scientific_collaboration,enhanced_local,enhanced_local,fsw,FSW,0.9359854343793181,0.0025719154087055366,0.936189912537387,0.002557660767661884,0.8879335531980134,0.005040648512099952,0.8879335531980134,0.005040648512099952,0.8879335531980134,0.005040648512099952,0.9040360053209355,0.004344641381961044
standard,ca_hepth,ca-HepTh,scientific_collaboration,enhanced_local,enhanced_local,ia1,IA1,0.9365502301068434,0.0025699701524497403,0.9364943256521325,0.0025638129396145523,0.8879335531980134,0.005040648512099952,0.8879335531980134,0.005040648512099952,0.8879335531980134,0.005040648512099952,0.9041058631202388,0.0043483422588468665
standard,ca_hepth,ca-HepTh,scientific_collaboration,enhanced_local,enhanced_local,ia2,IA2,0.9364120943953159,0.0026235148452129426,0.9364088635666066,0.002585165814859119,0.8879335531980134,0.005040648512099952,0.8879335531980134,0.005040648512099952,0.8879335531980134,0.005040648512099952,0.904089964833538,0.0043556162958507914
standard,ca_hepth,ca-HepTh,scientific_collaboration,enhanced_local,enhanced_local,lit,LIT-i2,0.88777176085381,0.0032093062449428064,0.8877735339274819,0.003158511166761585,0.8179230840889626,0.0044184639588898435,0.8179230840889626,0.0044184639588898435,0.8179230840889626,0.004418463958889855,0.8431054463791672,0.0038889451076490836
standard,ca_hepth,ca-HepTh,scientific_collaboration,enhanced_local,enhanced_local,ra_cni,RA-CNI,0.9674197620998038,0.001821385922234637,0.9670660826970107,0.0018671682021975864,0.9406887575770965,0.003566739250573639,0.9406887575770965,0.003566739250573639,0.9406887575770965,0.003566739250573639,0.9492950335716437,0.003035243996529775
standard,ca_hepth,ca-HepTh,scientific_collaboration,local_bayesian,local_bayesian,lnb_aa,LNB-AA,0.9365558638416178,0.002582575863662897,0.9364889258833022,0.0025733941999040626,0.8879335531980134,0.005040648512099952,0.8879335531980134,0.005040648512099952,0.8879335531980134,0.005040648512099952,0.9041053102845382,0.00434986413481143
standard,ca_hepth,ca-HepTh,scientific_collaboration,local_bayesian,local_bayesian,lnb_cn,LNB-CN,0.9363908910736363,0.002610987218418568,0.9363903569418964,0.0025911047712672618,0.8879335531980134,0.005040648512099952,0.8879335531980134,0.005040648512099952,0.8879335531980134,0.005040648512099952,0.904085090413502,0.004351961427250771
standard,ca_hepth,ca-HepTh,scientific_collaboration,local_bayesian,local_bayesian,lnb_ra,LNB-RA,0.9365277071089485,0.0026101969924374672,0.9364709735412899,0.002586717082841877,0.8879335531980134,0.005040648512099952,0.8879335531980134,0.005040648512099952,0.8879335531980134,0.005040648512099952,0.9041020613088822,0.004353883721506575
standard,ca_hepth,ca-HepTh,scientific_collaboration,local_similarity,standard_local,aa,AA,0.9365702640989475,0.002562805655307993,0.9365065520784486,0.0025591689303838963,0.8879335531980134,0.005040648512099952,0.8879335531980134,0.005040648512099952,0.8879335531980134,0.005040648512099952,0.9041081437162009,0.00434742053377409
standard,ca_hepth,ca-HepTh,scientific_collaboration,local_similarity,standard_local,cn,CN,0.9358040715979937,0.0024963680681601473,0.9362727446126392,0.0025190964839515322,0.8879335531980134,0.005040648512099952,0.8879335531980134,0.005040648512099952,0.8879335531980134,0.005040648512099952,0.9040596363104152,0.004340545101160535
standard,ca_hepth,ca-HepTh,scientific_collaboration,local_similarity,standard_local,hdi,HDI,0.9356346079265784,0.0026495295381145528,0.9360742729051404,0.00261161559800528,0.8879335531980134,0.005040648512099952,0.8879335531980134,0.005040648512099952,0.8879335531980134,0.005040648512099952,0.9039882087891524,0.004353560564693153
standard,ca_hepth,ca-HepTh,scientific_collaboration,local_similarity,standard_local,hpi,HPI,0.9353547260739464,0.0020944025117562623,0.9360548671777297,0.0023758050874923857,0.8879335531980134,0.005040648512099952,0.8879335531980134,0.005040648512099952,0.8879335531980134,0.005040648512099952,0.9038927655009568,0.0041701749378292505
standard,ca_hepth,ca-HepTh,scientific_collaboration,local_similarity,standard_local,ja,JA,0.9357129012711238,0.0025815846627501317,0.9361123558444635,0.0025716144133066427,0.8879335531980134,0.005040648512099952,0.8879335531980134,0.005040648512099952,0.8879335531980134,0.005040648512099952,0.9039958665610752,0.004345291106569422
standard,ca_hepth,ca-HepTh,scientific_collaboration,local_similarity,standard_local,llhn,LLHN,0.9347914608393489,0.0024354453576269724,0.9358658691236508,0.0024965014284134535,0.8879335531980134,0.005040648512099952,0.8879335531980134,0.005040648512099952,0.8879335531980134,0.005040648512099952,0.9037671089597815,0.0042431907336309685
standard,ca_hepth,ca-HepTh,scientific_collaboration,local_similarity,standard_local,ra,RA,0.9365436183692493,0.0025953491464331064,0.9364881015574408,0.00257676670302217,0.8879335531980134,0.005040648512099952,0.8879335531980134,0.005040648512099952,0.8879335531980134,0.005040648512099952,0.9041053808948997,0.004351767426493655
standard,ca_hepth,ca-HepTh,scientific_collaboration,local_similarity,standard_local,sa,SA,0.9357643564724466,0.002479767861364555,0.9361311341539634,0.0025090194132202604,0.8879335531980134,0.005040648512099952,0.8879335531980134,0.005040648512099952,0.8879335531980134,0.005040648512099952,0.904000685800904,0.0043339421526256885
standard,ca_hepth,ca-HepTh,scientific_collaboration,local_similarity,standard_local,so,SO,0.9357129012711238,0.0025815846627501317,0.9361123558444635,0.0025716144133066427,0.8879335531980134,0.005040648512099952,0.8879335531980134,0.005040648512099952,0.8879335531980134,0.005040648512099952,0.9039958665610752,0.004345291106569422
standard,ca_hepth,ca-HepTh,scientific_collaboration,quasi_local_path,quasi_local_path,fl,FL-l3,0.9678464769819755,0.0019264698168619276,0.9677248014786739,0.001919732951675132,0.9416164587478273,0.003436975414135884,0.9416164587478273,0.003436975414135884,0.9416164587478273,0.003436975414135884,0.9501044336204376,0.002935635684504409
standard,ca_hepth,ca-HepTh,scientific_collaboration,quasi_local_path,quasi_local_path,lpi,LPI-beta-0.001,0.9678464769819755,0.0019264698168619276,0.9677248014786739,0.001919732951675132,0.9416164587478273,0.003436975414135884,0.9416164587478273,0.003436975414135884,0.9416164587478273,0.003436975414135884,0.9501044336204376,0.002935635684504409
standard,ca_hepth,ca-HepTh,scientific_collaboration,quasi_local_path,quasi_local_path,ora_cni,ORA-CNI-beta-0.001,0.9678914961167783,0.0018166891323755437,0.9675374445233553,0.0018592376072024525,0.9416164587478273,0.003436975414135884,0.9416164587478273,0.003436975414135884,0.9416164587478273,0.003436975414135884,0.9500852009094981,0.002924498470266342
standard,ca_hepth,ca-HepTh,scientific_collaboration,quasi_local_walk,quasi_local_walk,lrw,LRW-l3,0.9259987412329919,0.002569186943239032,0.924766876376966,0.0025596422833334747,0.8718532274141836,0.004244358082872361,0.8718532274141836,0.004244358082872361,0.8718532274141836,0.004244358082872361,0.8900501559926507,0.0036525645555173123
standard,ca_hepth,ca-HepTh,scientific_collaboration,quasi_local_walk,quasi_local_walk,pfp,PFP-l3,0.9677402512371375,0.0017826602868789769,0.9676000913661834,0.0018889790119482875,0.9416164587478273,0.003436975414135884,0.9416164587478273,0.003436975414135884,0.9416164587478273,0.003436975414135884,0.9500543820844639,0.002915123271194384
standard,ca_hepth,ca-HepTh,scientific_collaboration,quasi_local_walk,quasi_local_walk,srw,SRW-l3,0.96873017319694,0.0019368896998664138,0.9681850719600694,0.0019305222770686031,0.9416164587478273,0.003436975414135884,0.9416164587478273,0.003436975414135884,0.9416164587478273,0.003436975414135884,0.950180722407665,0.0029382286696863925
standard,ego_facebook,ego-Facebook,social,degree_based,standard_local,pa,PA,0.8528110660931685,0.0024155889756391244,0.8396095863499016,0.003088502336612232,0.7588959185772086,0.0028340475659549215,0.7588959185772086,0.0028340475659549215,0.7588959185772086,0.0028340475659548873,0.7776775779702756,0.0025792419062759917
standard,ego_facebook,ego-Facebook,social,enhanced_local,enhanced_local,car_aa,CAR-AA,0.9818050886776742,0.0005061897184351609,0.9826606835372342,0.0004757918900486465,0.9718870230980311,0.0009710058577015515,0.9718870230980311,0.0009710058577015515,0.9718870230980311,0.0009710058577015515,0.9747480113057,0.0008590828667368872
standard,ego_facebook,ego-Facebook,social,enhanced_local,enhanced_local,car_cn,CAR-CN,0.9813841097044282,0.0005122643119895896,0.9824016625317075,0.0004815094841889465,0.9700579563136644,0.0015137910853493203,0.9700579563136644,0.0015137910853493203,0.9700579563136644,0.0015137910853493203,0.9731092652215121,0.001355376851944144
standard,ego_facebook,ego-Facebook,social,enhanced_local,enhanced_local,car_ra,CAR-RA,0.982843083021654,0.0005093378077468744,0.9833893885591589,0.0005042728268349421,0.9718632715395025,0.0009402829674777103,0.9718632715395025,0.0009402829674777103,0.9718632715395025,0.0009402829674777103,0.9748311236218985,0.0008366735725206919
standard,ego_facebook,ego-Facebook,social,enhanced_local,enhanced_local,fsw,FSW,0.9921097567114302,0.0006745559742294744,0.9930380551204344,0.0005451779458008418,0.9715782344994561,0.0015018234889465512,0.9715782344994561,0.0015018234889465512,0.9715782344994561,0.0015018234889465512,0.9745316578998233,0.0013609588453990307
standard,ego_facebook,ego-Facebook,social,enhanced_local,enhanced_local,ia1,IA1,0.9935481445872008,0.0005742646981767304,0.9942638874287685,0.0004836023177553514,0.9763528048717356,0.0012365174594085341,0.9763528048717356,0.0012365174594085341,0.9763528048717356,0.0012365174594085341,0.9788087852080032,0.0011213013434987523
standard,ego_facebook,ego-Facebook,social,enhanced_local,enhanced_local,ia2,IA2,0.9935037047959672,0.0005680629078661801,0.9942268562815977,0.00047898612076418775,0.9765784644260533,0.0012367707199479345,0.9765784644260533,0.0012367707199479345,0.9765784644260533,0.0012367707199479345,0.9790029947179283,0.0011168825785908324
standard,ego_facebook,ego-Facebook,social,enhanced_local,enhanced_local,lit,LIT-i2,0.9917346536091136,0.0006844227919282395,0.9924061003175702,0.0005958111377289592,0.9670174387333781,0.0017453041868248469,0.9670174387333781,0.0017453041868248469,0.9670174387333781,0.0017453041868248469,0.9704842343146556,0.001554486681335859
standard,ego_facebook,ego-Facebook,social,enhanced_local,enhanced_local,ra_cni,RA-CNI,0.9891603249801767,0.0007070233266225341,0.9905446267591989,0.0006179568779930449,0.9523849072796313,0.0021091106332868457,0.9523849072796313,0.0021091106332868457,0.9523849072796313,0.0021091106332868457,0.9573168049252263,0.001891163129460466
standard,ego_facebook,ego-Facebook,social,local_bayesian,local_bayesian,lnb_aa,LNB-AA,0.9927814987681934,0.0006450729621998333,0.9936602249157469,0.0005338704484596449,0.9747018888822592,0.0012220368171747546,0.9747018888822592,0.0012220368171747546,0.9747018888822592,0.0012220368171747546,0.9772914158334072,0.0011046935241602017
standard,ego_facebook,ego-Facebook,social,local_bayesian,local_bayesian,lnb_cn,LNB-CN,0.9919116725781258,0.0006774034222884114,0.9929831439549346,0.0005400937614442644,0.9721601991700357,0.0010944902799028405,0.9721601991700357,0.0010944902799028405,0.9721601991700357,0.0010944902799028405,0.9749778737791391,0.0009874298275002363
standard,ego_facebook,ego-Facebook,social,local_bayesian,local_bayesian,lnb_ra,LNB-RA,0.9943630192956803,0.0004569508823115432,0.9947408038109451,0.00046926387531529354,0.9766734840607972,0.0013226755712718841,0.9766734840607972,0.0013226755712718841,0.9766734840607972,0.0013226755712718841,0.979177714589583,0.0011874145529406695
standard,ego_facebook,ego-Facebook,social,local_similarity,standard_local,aa,AA,0.992898377275693,0.0005856881805980156,0.993757329656242,0.0004978574624320626,0.9748444116340602,0.0013388633862538345,0.9748444116340602,0.0013388633862538345,0.9748444116340602,0.0013388633862538345,0.9774225574135859,0.0012032322297887055
standard,ego_facebook,ego-Facebook,social,local_similarity,standard_local,cn,CN,0.9908472003821756,0.0006689821803762227,0.9927234584229995,0.0005417679614421267,0.9711506493169418,0.001484271958510567,0.9711506493169418,0.001484271958510567,0.9711506493169418,0.001484271958510567,0.9740908798323625,0.00133587886195776
standard,ego_facebook,ego-Facebook,social,local_similarity,standard_local,hdi,HDI,0.9881098953997511,0.0009643548462950885,0.9896600547852994,0.0005501537954374246,0.9519098471919122,0.0011562365468224672,0.9519098471919122,0.0011562365468224672,0.9519098471919121,0.0011562365468224423,0.9565718681220154,0.0011978003079095162
standard,ego_facebook,ego-Facebook,social,local_similarity,standard_local,hpi,HPI,0.9662850179446121,0.0019216928080232067,0.9861206690192423,0.0007674293182971513,0.9587391481346534,0.001027270083587489,0.9587391481346534,0.001027270083587489,0.9587391481346534,0.001027270083587489,0.9574525507874213,0.0013294320219855548
standard,ego_facebook,ego-Facebook,social,local_similarity,standard_local,ja,JA,0.98883342128716,0.0009784384050454099,0.9904580876195705,0.0005388541302838892,0.9549266202666331,0.0014707130682393532,0.9549266202666331,0.0014707130682393532,0.9549266202666331,0.0014707130682393185,0.9592600315605226,0.001458443025098091
standard,ego_facebook,ego-Facebook,social,local_similarity,standard_local,llhn,LLHN,0.9109536819635713,0.0026487200792653497,0.9589370751372039,0.001298111814792224,0.93329852413926,0.00186117803373631,0.93329852413926,0.00186117803373631,0.93329852413926,0.00186117803373631,0.9280693793583721,0.0020975365586369038
standard,ego_facebook,ego-Facebook,social,local_similarity,standard_local,ra,RA,0.9944234542535474,0.00040636229590175883,0.9947883164059016,0.00045649410638375423,0.9768635169826183,0.0014117932311283317,0.9768635169826183,0.0014117932311283317,0.9768635169826183,0.0014117932311283317,0.9793495731727301,0.00125950214288261
standard,ego_facebook,ego-Facebook,social,local_similarity,standard_local,sa,SA,0.9895738565222711,0.0009944940563843378,0.9914506608185786,0.0005202581921559997,0.9614233542510112,0.0009884801156470413,0.9614233542510112,0.0009884801156470413,0.9614233542510112,0.0009884801156471313,0.9649645202590023,0.0011236841415173029
standard,ego_facebook,ego-Facebook,social,local_similarity,standard_local,so,SO,0.98883342128716,0.0009784384050454099,0.9904580876195705,0.0005388541302838892,0.9549266202666331,0.0014707130682393532,0.9549266202666331,0.0014707130682393532,0.9549266202666331,0.0014707130682393185,0.9592600315605226,0.001458443025098091
standard,ego_facebook,ego-Facebook,social,quasi_local_path,quasi_local_path,fl,FL-l3,0.9927273876853837,0.0005917364735978724,0.9938534484580209,0.0004455729215195925,0.9683001554896246,0.0014961589942515275,0.9683001554896246,0.0014961589942515275,0.9683001554896246,0.0014961589942515275,0.9715626746071546,0.0013450288557925064
standard,ego_facebook,ego-Facebook,social,quasi_local_path,quasi_local_path,lpi,LPI-beta-0.001,0.992660597056271,0.0005984758377195128,0.9938178353383392,0.0004482414565582286,0.9683001554896246,0.0014961589942515275,0.9683001554896246,0.0014961589942515275,0.9683001554896246,0.0014961589942515275,0.9715555388215062,0.0013457753731549568
standard,ego_facebook,ego-Facebook,social,quasi_local_path,quasi_local_path,ora_cni,ORA-CNI-beta-0.001,0.9891608981354617,0.0007070431753602776,0.990545150462086,0.0006179719491772649,0.9523849072796313,0.0021091106332868457,0.9523849072796313,0.0021091106332868457,0.9523849072796313,0.0021091106332868457,0.957316844776049,0.001891162923665385
standard,ego_facebook,ego-Facebook,social,quasi_local_walk,quasi_local_walk,lrw,LRW-l3,0.9948354923055733,0.00045621972432073127,0.9955508872740515,0.0004139504852069816,0.973882375477468,0.001407323043723499,0.973882375477468,0.001407323043723499,0.973882375477468,0.001407323043723499,0.9766210712412006,0.00126612042439645
standard,ego_facebook,ego-Facebook,social,quasi_local_walk,quasi_local_walk,pfp,PFP-l3,0.9848202220551201,0.0007040635721151205,0.9901373430402385,0.00039068838601743366,0.9628010991055573,0.0014089181039321499,0.9628010991055573,0.0014089181039321499,0.9628010991055573,0.0014089181039321499,0.9657680081092629,0.0012826851213385041
standard,ego_facebook,ego-Facebook,social,quasi_local_walk,quasi_local_walk,srw,SRW-l3,0.9958544778279746,0.00033494302695099497,0.9964413509130627,0.0002957342377699935,0.976637851080634,0.0014524660413769163,0.976637851080634,0.0014524660413769163,0.976637851080634,0.0014524660413769163,0.9791224803335761,0.0012988734188035165
standard,email_eu_core,email-Eu-core,communication,degree_based,standard_local,pa,PA,0.8663329424391805,0.005905864842405015,0.8733227884791331,0.004950146321322676,0.7824790503714848,0.006308188549217647,0.7824790503714848,0.006308188549217647,0.7824790503714848,0.006308188549217581,0.8029826242329132,0.005481621909402091
standard,email_eu_core,email-Eu-core,communication,enhanced_local,enhanced_local,car_aa,CAR-AA,0.9250879051329217,0.0026806305489729455,0.9265218543976677,0.0023105438339685383,0.879700150881314,0.003364340518145541,0.879700150881314,0.003364340518145541,0.879700150881314,0.003364340518145569,0.8937946624514203,0.002915672538419509
standard,email_eu_core,email-Eu-core,communication,enhanced_local,enhanced_local,car_cn,CAR-CN,0.9221705173343449,0.002807458988475884,0.9251641479489516,0.0023009463757400336,0.8785727419489643,0.002589570342980511,0.8785727419489643,0.002589570342980511,0.8785727419489643,0.0025895703429804793,0.892559522121546,0.0022532136949111803
standard,email_eu_core,email-Eu-core,communication,enhanced_local,enhanced_local,car_ra,CAR-RA,0.9303614283667718,0.0023878705338907613,0.9298279549283418,0.002242131427794435,0.8850056085619646,0.0015292271156049804,0.8850056085619646,0.0015292271156049804,0.8850056085619646,0.0015292271156049843,0.8989738982859485,0.0013026429044705684
standard,email_eu_core,email-Eu-core,communication,enhanced_local,enhanced_local,fsw,FSW,0.9399243951367581,0.0018429384686795148,0.9417941712951367,0.0013609450711916597,0.8730684992367956,0.0027082168556681035,0.8730684992367956,0.0027082168556681035,0.8730684992367956,0.0027082168556681035,0.8879763449377425,0.0023408068379924046
standard,email_eu_core,email-Eu-core,communication,enhanced_local,enhanced_local,ia1,IA1,0.9517081711157559,0.001920110278476371,0.9522493957896969,0.0019428932964290512,0.8913721841719783,0.002450192943956553,0.8913721841719783,0.002450192943956553,0.8913721841719783,0.0024501929439564923,0.9045392198981869,0.002170546634231531
standard,email_eu_core,email-Eu-core,communication,enhanced_local,enhanced_local,ia2,IA2,0.9506721634668682,0.0022457523858117347,0.9514097889755885,0.002298525821624927,0.8905102911613462,0.003676606479071337,0.8905102911613462,0.003676606479071337,0.8905102911613462,0.003676606479071337,0.9037036176157425,0.003273407416751187
standard,email_eu_core,email-Eu-core,communication,enhanced_local,enhanced_local,lit,LIT-i2,0.9446596972819019,0.0014615002657886761,0.9465162617725777,0.0011109119067539027,0.8809601638139981,0.0017483487882326977,0.8809601638139981,0.0017483487882326977,0.8809601638139981,0.0017483487882326673,0.894937387538968,0.0013803407936274575
standard,email_eu_core,email-Eu-core,communication,enhanced_local,enhanced_local,ra_cni,RA-CNI,0.9298161505142806,0.002982773212913196,0.9371387519445975,0.002795505398709066,0.8653092187163212,0.004548238892930065,0.8653092187163212,0.004548238892930065,0.8653092187163212,0.004548238892930065,0.8795261880942231,0.0039001868832720696
standard,email_eu_core,email-Eu-core,communication,local_bayesian,local_bayesian,lnb_aa,LNB-AA,0.9492009159504111,0.002100800679645528,0.9508975902594177,0.0017528510826881334,0.8892498383414493,0.003989591066886304,0.8892498383414493,0.003989591066886304,0.8892498383414493,0.003989591066886319,0.9022210922126039,0.0034874439211645455
standard,email_eu_core,email-Eu-core,communication,local_bayesian,local_bayesian,lnb_cn,LNB-CN,0.9457306926966703,0.0021931948101758148,0.9482651163901539,0.001707330170112636,0.8856686945467181,0.004436093188881079,0.8856686945467181,0.004436093188881079,0.8856686945467181,0.0044360931888810665,0.8988084939776708,0.0038024362290626067
standard,email_eu_core,email-Eu-core,communication,local_bayesian,local_bayesian,lnb_ra,LNB-RA,0.951720256486376,0.002066848518096138,0.9527254698770001,0.002046468935244202,0.892168248061197,0.00433476920251534,0.892168248061197,0.00433476920251534,0.892168248061197,0.00433476920251534,0.9050448601774257,0.0038039763733551247
standard,email_eu_core,email-Eu-core,communication,local_similarity,standard_local,aa,AA,0.9462524195021652,0.00227059562026122,0.9486737209344351,0.0016677881133197608,0.8861991765311374,0.004182935625379039,0.8861991765311374,0.004182935625379039,0.8861991765311374,0.00418293562537901,0.8993107877558242,0.003726159860624533
standard,email_eu_core,email-Eu-core,communication,local_similarity,standard_local,cn,CN,0.9352576578681011,0.0023076035397190265,0.9437049488860824,0.0016539467273647126,0.8789706859161311,0.0047087605715388755,0.8789706859161311,0.0047087605715388755,0.878970685916131,0.004708760571538844,0.8927505752976026,0.004149828173465187
standard,email_eu_core,email-Eu-core,communication,local_similarity,standard_local,hdi,HDI,0.9177428957495929,0.0023040024812151895,0.9248213785051265,0.0017646581711206995,0.8472709177366923,0.002529953639754519,0.8472709177366923,0.002529953639754519,0.8472709177366923,0.002529953639754519,0.8629933546291706,0.003158804236739495
standard,email_eu_core,email-Eu-core,communication,local_similarity,standard_local,hpi,HPI,0.8408120306171174,0.0049701293093694495,0.907097230351656,0.0026241620327853584,0.8483320136716946,0.0028164905615528165,0.8483320136716946,0.0028164905615528165,0.8483320136716946,0.0028164905615528165,0.8398267698129862,0.005285209624532289
standard,email_eu_core,email-Eu-core,communication,local_similarity,standard_local,ja,JA,0.9249071585736761,0.0017888159217464758,0.9316520010355116,0.0014080014872155475,0.8572185051752731,0.0026991103881057275,0.8572185051752731,0.0026991103881057275,0.8572185051752731,0.0026991103881057275,0.8718042948299163,0.0036454075753068497
standard,email_eu_core,email-Eu-core,communication,local_similarity,standard_local,llhn,LLHN,0.7710675201726586,0.003047409236367761,0.8526313043959419,0.0029992356105876996,0.7804889126427984,0.006092348454367436,0.7804889126427984,0.006092348454367436,0.7804889126427984,0.00609234845436742,0.7724875154781964,0.004889447981138648
standard,email_eu_core,email-Eu-core,communication,local_similarity,standard_local,ra,RA,0.9516540460501295,0.002412137626018671,0.9527474338457177,0.0021034378475602565,0.891770260105309,0.003352032822209234,0.891770260105309,0.003352032822209234,0.891770260105309,0.003352032822209234,0.9046610108458104,0.0031331611104328367
standard,email_eu_core,email-Eu-core,communication,local_similarity,standard_local,sa,SA,0.9254279540232815,0.0014532393542773542,0.9334809791968912,0.0014862804696258764,0.8613302409262265,0.0014441113118571906,0.8613302409262265,0.0014441113118571906,0.8613302409262265,0.001444111311857149,0.8750663013412957,0.0026306248163733394
standard,email_eu_core,email-Eu-core,communication,local_similarity,standard_local,so,SO,0.9249071585736761,0.0017888159217464758,0.9316520010355116,0.0014080014872155475,0.8572185051752731,0.0026991103881057275,0.8572185051752731,0.0026991103881057275,0.8572185051752731,0.0026991103881057275,0.8718042948299163,0.0036454075753068497
standard,email_eu_core,email-Eu-core,communication,quasi_local_path,quasi_local_path,fl,FL-l3,0.9431876512780061,0.002203082388765198,0.9470139295221014,0.0015925734252623587,0.8765170830199137,0.003190525947006103,0.8765170830199137,0.003190525947006103,0.8765170830199137,0.003190525947006103,0.8905749314262803,0.0028834354326948983
standard,email_eu_core,email-Eu-core,communication,quasi_local_path,quasi_local_path,lpi,LPI-beta-0.001,0.94318227132825,0.0022028763209660405,0.9470129401040375,0.0015923515857207584,0.8765170830199137,0.003190525947006103,0.8765170830199137,0.003190525947006103,0.8765170830199137,0.003190525947006103,0.8905739775916649,0.0028830112564336213
standard,email_eu_core,email-Eu-core,communication,quasi_local_path,quasi_local_path,ora_cni,ORA-CNI-beta-0.001,0.9298167080432911,0.002982927630854346,0.9371391257466362,0.0027954989764956634,0.8653092187163212,0.004548238892930065,0.8653092187163212,0.004548238892930065,0.8653092187163212,0.004548238892930065,0.8795262470860251,0.003900193452294923
standard,email_eu_core,email-Eu-core,communication,quasi_local_walk,quasi_local_walk,lrw,LRW-l3,0.9495116283884073,0.002234824735517511,0.9530385037969789,0.0022421630371221558,0.8850056305563253,0.003890970685675957,0.8850056305563253,0.003890970685675957,0.8850056305563253,0.0038909706856759168,0.8978726624948958,0.003140238028989838
standard,email_eu_core,email-Eu-core,communication,quasi_local_walk,quasi_local_walk,pfp,PFP-l3,0.9190346347097383,0.0043969148889188596,0.9310558676551677,0.0027044039172363886,0.8574842410405973,0.004222545070435395,0.8574842410405973,0.004222545070435395,0.8574842410405973,0.004222545070435395,0.8706166137150652,0.00477507493085725
standard,email_eu_core,email-Eu-core,communication,quasi_local_walk,quasi_local_walk,srw,SRW-l3,0.9564370435593714,0.0020375953022432297,0.958994949449236,0.001795613484411323,0.8942239069902478,0.0038401460079731027,0.8942239069902478,0.0038401460079731027,0.8942239069902478,0.0038401460079731027,0.9065706369499438,0.0033212053771704097
standard,email_univ,email-univ,communication,degree_based,standard_local,pa,PA,0.8206882040085887,0.005011953526489952,0.8339941995541906,0.008297209672819366,0.754805319514184,0.006042252068215658,0.754805319514184,0.006042252068215658,0.754805319514184,0.006042252068215751,0.780026904596275,0.004706475805612349
standard,email_univ,email-univ,communication,enhanced_local,enhanced_local,car_aa,CAR-AA,0.6916405792667384,0.011609772948176375,0.6916946848421603,0.012439450281381778,0.6242202587871766,0.011346794211446385,0.6242202587871766,0.011346794211446385,0.6242202587871766,0.011346794211446385,0.6752282954512921,0.010362622586059729
standard,email_univ,email-univ,communication,enhanced_local,enhanced_local,car_cn,CAR-CN,0.6909390133370124,0.011705585562012377,0.6916191713863213,0.012499700210979773,0.6242202587871766,0.011346794211446385,0.6242202587871766,0.011346794211446385,0.6242202587871766,0.011346794211446385,0.6751511739843051,0.010361019774626532
standard,email_univ,email-univ,communication,enhanced_local,enhanced_local,car_ra,CAR-RA,0.6921969042649125,0.011911001616895551,0.6917919547460836,0.012484325671701046,0.6242202587871766,0.011346794211446385,0.6242202587871766,0.011346794211446385,0.6242202587871766,0.011346794211446385,0.6753576936838618,0.01041823092414452
standard,email_univ,email-univ,communication,enhanced_local,enhanced_local,fsw,FSW,0.8548110812060253,0.003955711412729858,0.8542993415026956,0.0035381387198451116,0.7893030342045406,0.004979394148668466,0.7893030342045406,0.004979394148668466,0.7893030342045406,0.004979394148668418,0.8226828248658592,0.004118866808782926
standard,email_univ,email-univ,communication,enhanced_local,enhanced_local,ia1,IA1,0.8600924151747336,0.0032981898001905575,0.8576810159315984,0.003168436946666926,0.7893030342045406,0.004979394148668466,0.7893030342045406,0.004979394148668466,0.7893030342045406,0.004979394148668418,0.8234244505984736,0.004126346053311859
standard,email_univ,email-univ,communication,enhanced_local,enhanced_local,ia2,IA2,0.8552034107988001,0.004137220554493998,0.855663864651415,0.003532444586813186,0.7893030342045406,0.004979394148668466,0.7893030342045406,0.004979394148668466,0.7893030342045406,0.004979394148668418,0.8224892870255388,0.003959954731598939
standard,email_univ,email-univ,communication,enhanced_local,enhanced_local,lit,LIT-i2,0.8457098480242907,0.004608905163614752,0.8442847959433282,0.004873362060798599,0.7733283979228359,0.005134328434316761,0.7733283979228359,0.005134328434316761,0.7733283979228359,0.005134328434316833,0.8094963969716357,0.00429693321034396
standard,email_univ,email-univ,communication,enhanced_local,enhanced_local,ra_cni,RA-CNI,0.9284111943659499,0.0029802592366282264,0.9264964884170157,0.0040866859188793845,0.8643185914767606,0.007951031504353074,0.8643185914767606,0.007951031504353074,0.8643185914767606,0.007951031504353074,0.8844606034324605,0.0063219275724454415
standard,email_univ,email-univ,communication,local_bayesian,local_bayesian,lnb_aa,LNB-AA,0.8602191239787447,0.0023677415412478625,0.8576222406959607,0.0024355428097638985,0.7890715527230591,0.004510594400110417,0.7890715527230591,0.004510594400110417,0.7890715527230591,0.004510594400110366,0.8232322535109834,0.003631271963109343
standard,email_univ,email-univ,communication,local_bayesian,local_bayesian,lnb_cn,LNB-CN,0.8589740106706852,0.0024195610260295862,0.856984679983432,0.002340846283351047,0.7890715527230591,0.004510594400110417,0.7890715527230591,0.004510594400110417,0.7890715527230591,0.004510594400110366,0.8230013168310728,0.003660872017101309
standard,email_univ,email-univ,communication,local_bayesian,local_bayesian,lnb_ra,LNB-RA,0.8597095250428991,0.002765498989867353,0.8574449944372395,0.002676613127636403,0.7890715527230591,0.004510594400110417,0.7890715527230591,0.004510594400110417,0.7890715527230591,0.004510594400110366,0.8231277841586853,0.003567773045123951
standard,email_univ,email-univ,communication,local_similarity,standard_local,aa,AA,0.8597524557586727,0.003166673720660501,0.8576454210720602,0.0031028489405537153,0.7893030342045406,0.004979394148668466,0.7893030342045406,0.004979394148668466,0.7893030342045406,0.004979394148668418,0.8233187435917226,0.00413797456456143
standard,email_univ,email-univ,communication,local_similarity,standard_local,cn,CN,0.8494038876408366,0.0026850373216064055,0.8554574607963182,0.002908848954506125,0.7893030342045406,0.004979394148668466,0.7893030342045406,0.004979394148668466,0.7893030342045406,0.004979394148668418,0.8227691642735312,0.004081837265015516
standard,email_univ,email-univ,communication,local_similarity,standard_local,hdi,HDI,0.8471440100849671,0.005489450223922924,0.8521408308931406,0.003652291266060643,0.7893030342045406,0.004979394148668466,0.7893030342045406,0.004979394148668466,0.7893030342045406,0.004979394148668418,0.8205146933632272,0.0044838950765749746
standard,email_univ,email-univ,communication,local_similarity,standard_local,hpi,HPI,0.829449756919663,0.007525331301036461,0.8483956427079745,0.004428888526785861,0.7893030342045406,0.004979394148668466,0.7893030342045406,0.004979394148668466,0.7893030342045406,0.004979394148668418,0.8137451973571098,0.007448641761811161
standard,email_univ,email-univ,communication,local_similarity,standard_local,ja,JA,0.8473560702109768,0.0054162979797939045,0.8519978753138598,0.0036942861219578854,0.7893030342045406,0.004979394148668466,0.7893030342045406,0.004979394148668466,0.7893030342045406,0.004979394148668418,0.8206208435421425,0.004708024636142697
standard,email_univ,email-univ,communication,local_similarity,standard_local,llhn,LLHN,0.8185733428700719,0.007245707182885957,0.8445549488416898,0.0047089423924922096,0.7893030342045406,0.004979394148668466,0.7893030342045406,0.004979394148668466,0.7893030342045406,0.004979394148668418,0.8125757000732616,0.004710026062122124
standard,email_univ,email-univ,communication,local_similarity,standard_local,ra,RA,0.8591505794866638,0.0035593267381603777,0.8574526087553471,0.003254356995853684,0.7893030342045406,0.004979394148668466,0.7893030342045406,0.004979394148668466,0.7893030342045406,0.004979394148668418,0.8232095459880087,0.004070701812107658
standard,email_univ,email-univ,communication,local_similarity,standard_local,sa,SA,0.8453903427375,0.00565615746412381,0.8511180664508841,0.003950564947139497,0.7893030342045406,0.004979394148668466,0.7893030342045406,0.004979394148668466,0.7893030342045406,0.004979394148668418,0.8202217583155177,0.004799238388193442
standard,email_univ,email-univ,communication,local_similarity,standard_local,so,SO,0.8473560702109768,0.0054162979797939045,0.8519978753138598,0.0036942861219578854,0.7893030342045406,0.004979394148668466,0.7893030342045406,0.004979394148668466,0.7893030342045406,0.004979394148668418,0.8206208435421425,0.004708024636142697
standard,email_univ,email-univ,communication,quasi_local_path,quasi_local_path,fl,FL-l3,0.9290820504174946,0.004908182292945354,0.9291380173498466,0.0064932967793320555,0.8684876722029097,0.0039921044719378705,0.8684876722029097,0.0039921044719378705,0.8684876722029097,0.00399210447193789,0.8882126885947844,0.003267967637039816
standard,email_univ,email-univ,communication,quasi_local_path,quasi_local_path,lpi,LPI-beta-0.001,0.9290820504174946,0.004908182292945354,0.9291380173498466,0.0064932967793320555,0.8684876722029097,0.0039921044719378705,0.8684876722029097,0.0039921044719378705,0.8684876722029097,0.00399210447193789,0.8882126885947844,0.003267967637039816
standard,email_univ,email-univ,communication,quasi_local_path,quasi_local_path,ora_cni,ORA-CNI-beta-0.001,0.928739058859885,0.002863120385851949,0.9268711224946588,0.003936518247006386,0.8643185914767606,0.007951031504353074,0.8643185914767606,0.007951031504353074,0.8643185914767606,0.007951031504353074,0.8844604846203896,0.00632198254339311
standard,email_univ,email-univ,communication,quasi_local_walk,quasi_local_walk,lrw,LRW-l3,0.930379347032909,0.002864469100423866,0.9252628218090744,0.003799193187985804,0.8640879146817733,0.006292327853434295,0.8640879146817733,0.006292327853434295,0.8640879146817733,0.006292327853434295,0.885034419759409,0.005293075987391968
standard,email_univ,email-univ,communication,quasi_local_walk,quasi_local_walk,pfp,PFP-l3,0.918954207114683,0.006502983936222543,0.9233805424275611,0.005368930000253496,0.8638567014291233,0.0041683906480819,0.8638567014291233,0.0041683906480819,0.8638567014291232,0.0041683906480819094,0.8794687258825542,0.006883583132742741
standard,email_univ,email-univ,communication,quasi_local_walk,quasi_local_walk,srw,SRW-l3,0.9387230902015119,0.00451597965276942,0.933973033365336,0.005266189720896356,0.8738114780481524,0.005955203079901544,0.8738114780481524,0.005955203079901544,0.8738114780481524,0.005955203079901563,0.893517857631141,0.004965051257145761
standard,power_1138_bus,power-1138-bus,infrastructure,degree_based,standard_local,pa,PA,0.6653193825479148,0.04816799976732446,0.6773542263775887,0.06174728195771384,0.6263942307692307,0.07147378855268527,0.6263942307692307,0.07147378855268527,0.6263942307692307,0.07147378855268527,0.6590810192452764,0.06993621456803768
standard,power_1138_bus,power-1138-bus,infrastructure,enhanced_local,enhanced_local,car_aa,CAR-AA,0.5109134615384615,0.004301306382244229,0.5109134615384615,0.004301306382244229,0.5110576923076924,0.04913499171916696,0.5110576923076924,0.04913499171916696,0.5110576923076924,0.04913499171916696,0.5319558858048711,0.05662531640089367
standard,power_1138_bus,power-1138-bus,infrastructure,enhanced_local,enhanced_local,car_cn,CAR-CN,0.5109134615384615,0.004301306382244229,0.5109134615384615,0.004301306382244229,0.5110576923076924,0.04913499171916696,0.5110576923076924,0.04913499171916696,0.5110576923076924,0.04913499171916696,0.5319558858048711,0.05662531640089367
standard,power_1138_bus,power-1138-bus,infrastructure,enhanced_local,enhanced_local,car_ra,CAR-RA,0.5109134615384615,0.004301306382244229,0.5109134615384615,0.004301306382244229,0.5110576923076924,0.04913499171916696,0.5110576923076924,0.04913499171916696,0.5110576923076924,0.04913499171916696,0.5319558858048711,0.05662531640089367
standard,power_1138_bus,power-1138-bus,infrastructure,enhanced_local,enhanced_local,fsw,FSW,0.702548076923077,0.03528318840291703,0.702548076923077,0.03528318840291703,0.6357211538461538,0.051459042030111736,0.6357211538461538,0.051459042030111736,0.6357211538461538,0.051459042030111736,0.720972333841381,0.04299114156306007
standard,power_1138_bus,power-1138-bus,infrastructure,enhanced_local,enhanced_local,ia1,IA1,0.7025480769230769,0.035283188402917054,0.702548076923077,0.03528318840291703,0.6357211538461538,0.051459042030111736,0.6357211538461538,0.051459042030111736,0.6357211538461538,0.051459042030111736,0.720972333841381,0.04299114156306007
standard,power_1138_bus,power-1138-bus,infrastructure,enhanced_local,enhanced_local,ia2,IA2,0.702548076923077,0.03528318840291703,0.702548076923077,0.03528318840291703,0.6357211538461538,0.051459042030111736,0.6357211538461538,0.051459042030111736,0.6357211538461538,0.051459042030111736,0.720972333841381,0.04299114156306007
standard,power_1138_bus,power-1138-bus,infrastructure,enhanced_local,enhanced_local,lit,LIT-i2,0.5918990384615384,0.030447062623695603,0.5918990384615385,0.030447062623695606,0.5390384615384616,0.034081503235565455,0.5390384615384616,0.034081503235565455,0.5390384615384616,0.034081503235565455,0.6216831416141898,0.02134314293189487
standard,power_1138_bus,power-1138-bus,infrastructure,enhanced_local,enhanced_local,ra_cni,RA-CNI,0.7954230185661394,0.03528282081016108,0.7939689060188609,0.035321707792464394,0.7322115384615385,0.054772624999486014,0.7322115384615385,0.054772624999486014,0.7322115384615385,0.054772624999486014,0.8015315799003522,0.04226848295335782
standard,power_1138_bus,power-1138-bus,infrastructure,local_bayesian,local_bayesian,lnb_aa,LNB-AA,0.7025480769230769,0.035283188402917054,0.702548076923077,0.03528318840291703,0.6357211538461538,0.051459042030111736,0.6357211538461538,0.051459042030111736,0.6357211538461538,0.051459042030111736,0.720972333841381,0.04299114156306007
standard,power_1138_bus,power-1138-bus,infrastructure,local_bayesian,local_bayesian,lnb_cn,LNB-CN,0.702548076923077,0.03528318840291703,0.702548076923077,0.03528318840291703,0.6357211538461538,0.051459042030111736,0.6357211538461538,0.051459042030111736,0.6357211538461538,0.051459042030111736,0.720972333841381,0.04299114156306007
standard,power_1138_bus,power-1138-bus,infrastructure,local_bayesian,local_bayesian,lnb_ra,LNB-RA,0.7025480769230769,0.035283188402917054,0.702548076923077,0.03528318840291703,0.6357211538461538,0.051459042030111736,0.6357211538461538,0.051459042030111736,0.6357211538461538,0.051459042030111736,0.720972333841381,0.04299114156306007
standard,power_1138_bus,power-1138-bus,infrastructure,local_similarity,standard_local,aa,AA,0.7025480769230769,0.035283188402917054,0.702548076923077,0.03528318840291703,0.6357211538461538,0.051459042030111736,0.6357211538461538,0.051459042030111736,0.6357211538461538,0.051459042030111736,0.720972333841381,0.04299114156306007
standard,power_1138_bus,power-1138-bus,infrastructure,local_similarity,standard_local,cn,CN,0.702548076923077,0.03528318840291703,0.702548076923077,0.03528318840291703,0.6357211538461538,0.051459042030111736,0.6357211538461538,0.051459042030111736,0.6357211538461538,0.051459042030111736,0.720972333841381,0.04299114156306007
standard,power_1138_bus,power-1138-bus,infrastructure,local_similarity,standard_local,hdi,HDI,0.702548076923077,0.03528318840291703,0.702548076923077,0.03528318840291703,0.6357211538461538,0.051459042030111736,0.6357211538461538,0.051459042030111736,0.6357211538461538,0.051459042030111736,0.720972333841381,0.04299114156306007
standard,power_1138_bus,power-1138-bus,infrastructure,local_similarity,standard_local,hpi,HPI,0.702548076923077,0.03528318840291703,0.702548076923077,0.03528318840291703,0.6357211538461538,0.051459042030111736,0.6357211538461538,0.051459042030111736,0.6357211538461538,0.051459042030111736,0.720972333841381,0.04299114156306007
standard,power_1138_bus,power-1138-bus,infrastructure,local_similarity,standard_local,ja,JA,0.702548076923077,0.03528318840291703,0.702548076923077,0.03528318840291703,0.6357211538461538,0.051459042030111736,0.6357211538461538,0.051459042030111736,0.6357211538461538,0.051459042030111736,0.720972333841381,0.04299114156306007
standard,power_1138_bus,power-1138-bus,infrastructure,local_similarity,standard_local,llhn,LLHN,0.702548076923077,0.03528318840291703,0.702548076923077,0.03528318840291703,0.6357211538461538,0.051459042030111736,0.6357211538461538,0.051459042030111736,0.6357211538461538,0.051459042030111736,0.720972333841381,0.04299114156306007
standard,power_1138_bus,power-1138-bus,infrastructure,local_similarity,standard_local,ra,RA,0.7025480769230769,0.035283188402917054,0.702548076923077,0.03528318840291703,0.6357211538461538,0.051459042030111736,0.6357211538461538,0.051459042030111736,0.6357211538461538,0.051459042030111736,0.720972333841381,0.04299114156306007
standard,power_1138_bus,power-1138-bus,infrastructure,local_similarity,standard_local,sa,SA,0.702548076923077,0.03528318840291703,0.702548076923077,0.03528318840291703,0.6357211538461538,0.051459042030111736,0.6357211538461538,0.051459042030111736,0.6357211538461538,0.051459042030111736,0.720972333841381,0.04299114156306007
standard,power_1138_bus,power-1138-bus,infrastructure,local_similarity,standard_local,so,SO,0.702548076923077,0.03528318840291703,0.702548076923077,0.03528318840291703,0.6357211538461538,0.051459042030111736,0.6357211538461538,0.051459042030111736,0.6357211538461538,0.051459042030111736,0.720972333841381,0.04299114156306007
standard,power_1138_bus,power-1138-bus,infrastructure,quasi_local_path,quasi_local_path,fl,FL-l3,0.8125898407148406,0.0366536501006167,0.8127876814441567,0.03676901113963352,0.7539903846153846,0.05614295781554535,0.7539903846153846,0.05614295781554535,0.7539903846153846,0.05614295781554539,0.818371967715166,0.04321074896113296
standard,power_1138_bus,power-1138-bus,infrastructure,quasi_local_path,quasi_local_path,lpi,LPI-beta-0.001,0.8125898407148406,0.0366536501006167,0.8127876814441567,0.03676901113963352,0.7539903846153846,0.05614295781554535,0.7539903846153846,0.05614295781554535,0.7539903846153846,0.05614295781554539,0.818371967715166,0.04321074896113296
standard,power_1138_bus,power-1138-bus,infrastructure,quasi_local_path,quasi_local_path,ora_cni,ORA-CNI-beta-0.001,0.8134572618604997,0.03645191810934667,0.812454084227071,0.03652846844621462,0.7539903846153846,0.05614295781554535,0.7539903846153846,0.05614295781554535,0.7539903846153846,0.05614295781554539,0.8185141071690547,0.043147909046201756
standard,power_1138_bus,power-1138-bus,infrastructure,quasi_local_walk,quasi_local_walk,lrw,LRW-l3,0.7012713903275009,0.04006043139377223,0.709473667483358,0.04189308376254162,0.6417788461538462,0.045130699106585,0.6417788461538462,0.045130699106585,0.6417788461538462,0.045130699106585,0.7197413391104373,0.03947887240348414
standard,power_1138_bus,power-1138-bus,infrastructure,quasi_local_walk,quasi_local_walk,pfp,PFP-l3,0.8094707960241946,0.03831862331023066,0.8113558212370562,0.036927565110831215,0.7539903846153846,0.05614295781554535,0.7539903846153846,0.05614295781554535,0.7539903846153846,0.05614295781554539,0.8171234514100961,0.04446762839067805
standard,power_1138_bus,power-1138-bus,infrastructure,quasi_local_walk,quasi_local_walk,srw,SRW-l3,0.8114188673055786,0.035515664793876724,0.8115641815366125,0.036086089100581684,0.7539903846153846,0.05614295781554535,0.7539903846153846,0.05614295781554535,0.7539903846153846,0.05614295781554539,0.8179787882152434,0.04298800800436615
standard,power_grid,power-grid,infrastructure,degree_based,standard_local,pa,PA,0.6494461056650109,0.023629960137997973,0.6374921657498305,0.02110409691837663,0.5949189783026642,0.01674981158524144,0.5949189783026642,0.01674981158524144,0.5949189783026642,0.01674981158524144,0.6358573584084771,0.01887914022159
standard,power_grid,power-grid,infrastructure,enhanced_local,enhanced_local,car_aa,CAR-AA,0.5359782111141628,0.00553580128327212,0.5359782111141629,0.005535801283271983,0.5272049803167628,0.0030029608565397426,0.5272049803167628,0.0030029608565397426,0.5272049803167628,0.0030029608565397426,0.5666685365124391,0.0046976617872061055
standard,power_grid,power-grid,infrastructure,enhanced_local,enhanced_local,car_cn,CAR-CN,0.5359782111141627,0.005535801283272078,0.5359782111141629,0.005535801283271983,0.5272049803167628,0.0030029608565397426,0.5272049803167628,0.0030029608565397426,0.5272049803167628,0.0030029608565397426,0.5666685365124391,0.0046976617872061055
standard,power_grid,power-grid,infrastructure,enhanced_local,enhanced_local,car_ra,CAR-RA,0.5359782111141628,0.005535801283272134,0.5359782111141629,0.005535801283271983,0.5272049803167628,0.0030029608565397426,0.5272049803167628,0.0030029608565397426,0.5272049803167628,0.0030029608565397426,0.5666685365124391,0.0046976617872061055
standard,power_grid,power-grid,infrastructure,enhanced_local,enhanced_local,fsw,FSW,0.6800965665115702,0.012672921591569759,0.6810226070940485,0.012854585670132548,0.610625286093564,0.014625786521945029,0.610625286093564,0.014625786521945029,0.610625286093564,0.014625786521945029,0.6739107792277078,0.012821582945627916
standard,power_grid,power-grid,infrastructure,enhanced_local,enhanced_local,ia1,IA1,0.681123934560253,0.01323890084190403,0.6812384775792201,0.013002026470459232,0.610625286093564,0.014625786521945029,0.610625286093564,0.014625786521945029,0.610625286093564,0.014625786521945029,0.6741392027756375,0.012706218963628172
standard,power_grid,power-grid,infrastructure,enhanced_local,enhanced_local,ia2,IA2,0.6807162740465162,0.013404860353623777,0.6811791055779511,0.013029050321776453,0.610625286093564,0.014625786521945029,0.610625286093564,0.014625786521945029,0.610625286093564,0.014625786521945029,0.6739914129249406,0.012656173961145274
standard,power_grid,power-grid,infrastructure,enhanced_local,enhanced_local,lit,LIT-i2,0.5910268667549531,0.006937431089698193,0.5912908707561002,0.00660570966856615,0.5544117916323354,0.00602321245164818,0.5544117916323354,0.00602321245164818,0.5544117916323354,0.00602321245164818,0.6106267723855059,0.0038192716020480303
standard,power_grid,power-grid,infrastructure,enhanced_local,enhanced_local,ra_cni,RA-CNI,0.7594331589153438,0.008604773011949809,0.760136347858394,0.009530549945386156,0.6680545637645336,0.021677129102645656,0.6680545637645336,0.021677129102645656,0.6680545637645336,0.021677129102645656,0.729203168580656,0.017434716113368998
standard,power_grid,power-grid,infrastructure,local_bayesian,local_bayesian,lnb_aa,LNB-AA,0.681190136879948,0.013217872728327206,0.681228415349818,0.013018011157395018,0.610625286093564,0.014625786521945029,0.610625286093564,0.014625786521945029,0.610625286093564,0.014625786521945029,0.6741484927964019,0.012722238200074633
standard,power_grid,power-grid,infrastructure,local_bayesian,local_bayesian,lnb_cn,LNB-CN,0.680959308651626,0.013224391908867145,0.681168219256601,0.012969250793549348,0.610625286093564,0.014625786521945029,0.610625286093564,0.014625786521945029,0.610625286093564,0.014625786521945029,0.6740842370958605,0.012662549025467084
standard,power_grid,power-grid,infrastructure,local_bayesian,local_bayesian,lnb_ra,LNB-RA,0.6810443421875626,0.013228597630663697,0.6812083795326116,0.013013478775786772,0.610625286093564,0.014625786521945029,0.610625286093564,0.014625786521945029,0.610625286093564,0.014625786521945029,0.6741011533218487,0.0126829700012188
standard,power_grid,power-grid,infrastructure,local_similarity,standard_local,aa,AA,0.6811898486194138,0.013231003106432056,0.6812485176482228,0.013001361166711307,0.610625286093564,0.014625786521945029,0.610625286093564,0.014625786521945029,0.610625286093564,0.014625786521945029,0.6741608152095189,0.012716297754406811
standard,power_grid,power-grid,infrastructure,local_similarity,standard_local,cn,CN,0.6805627168874393,0.013077185874001843,0.6811908547719483,0.012920994984677345,0.610625286093564,0.014625786521945029,0.610625286093564,0.014625786521945029,0.610625286093564,0.014625786521945029,0.6740619845064572,0.01274359674660624
standard,power_grid,power-grid,infrastructure,local_similarity,standard_local,hdi,HDI,0.6798917068169771,0.012821854081871501,0.6810133966570937,0.012849840343976758,0.610625286093564,0.014625786521945029,0.610625286093564,0.014625786521945029,0.610625286093564,0.014625786521945029,0.6738525287538302,0.012866220356230567
standard,power_grid,power-grid,infrastructure,local_similarity,standard_local,hpi,HPI,0.6796705341644717,0.014078622387124089,0.681013235994198,0.013036104596330093,0.610625286093564,0.014625786521945029,0.610625286093564,0.014625786521945029,0.610625286093564,0.014625786521945029,0.6738175985036299,0.013203907452072543
standard,power_grid,power-grid,infrastructure,local_similarity,standard_local,ja,JA,0.6798853903410058,0.01327455388981672,0.6810032402459942,0.01290218184877998,0.610625286093564,0.014625786521945029,0.610625286093564,0.014625786521945029,0.610625286093564,0.014625786521945029,0.673810842214091,0.013122278020047165
standard,power_grid,power-grid,infrastructure,local_similarity,standard_local,llhn,LLHN,0.6792469948940384,0.013677921769002288,0.6809246288189674,0.012946189511615849,0.610625286093564,0.014625786521945029,0.610625286093564,0.014625786521945029,0.610625286093564,0.014625786521945029,0.6735720745929811,0.013337124852261658
standard,power_grid,power-grid,infrastructure,local_similarity,standard_local,ra,RA,0.681007633223702,0.013279383430396682,0.6812202118281065,0.01300880262657158,0.610625286093564,0.014625786521945029,0.610625286093564,0.014625786521945029,0.610625286093564,0.014625786521945029,0.6741022005268824,0.012693195363970403
standard,power_grid,power-grid,infrastructure,local_similarity,standard_local,sa,SA,0.6799194587406243,0.013747735939330211,0.681014137647544,0.012958571455335561,0.610625286093564,0.014625786521945029,0.610625286093564,0.014625786521945029,0.610625286093564,0.014625786521945029,0.6738169333151034,0.013255494585956516
standard,power_grid,power-grid,infrastructure,local_similarity,standard_local,so,SO,0.6798853903410058,0.01327455388981672,0.6810032402459942,0.01290218184877998,0.610625286093564,0.014625786521945029,0.610625286093564,0.014625786521945029,0.610625286093564,0.014625786521945029,0.673810842214091,0.013122278020047165
standard,power_grid,power-grid,infrastructure,quasi_local_path,quasi_local_path,fl,FL-l3,0.7698922947811839,0.010355796488170489,0.7709223929989432,0.010700511397769594,0.6783301290854161,0.023749985010262337,0.6783301290854161,0.023749985010262337,0.6783301290854161,0.023749985010262337,0.7383937281401394,0.019370849937131195
standard,power_grid,power-grid,infrastructure,quasi_local_path,quasi_local_path,lpi,LPI-beta-0.001,0.7698922947811839,0.010355796488170489,0.7709223929989432,0.010700511397769594,0.6783301290854161,0.023749985010262337,0.6783301290854161,0.023749985010262337,0.6783301290854161,0.023749985010262337,0.7383937281401394,0.019370849937131195
standard,power_grid,power-grid,infrastructure,quasi_local_path,quasi_local_path,ora_cni,ORA-CNI-beta-0.001,0.7700491469762134,0.009139000489998323,0.7709595172918544,0.010380655363725878,0.6783301290854161,0.023749985010262337,0.6783301290854161,0.023749985010262337,0.6783301290854161,0.023749985010262337,0.7383287581463673,0.019155089512032604
standard,power_grid,power-grid,infrastructure,quasi_local_walk,quasi_local_walk,lrw,LRW-l3,0.6906562754971034,0.0027978880663491116,0.6910452800742162,0.0029736504325912454,0.6166749061613109,0.014002583001200419,0.6166749061613109,0.014002583001200419,0.6166749061613109,0.014002583001200419,0.6800944942820879,0.011353358976334986
standard,power_grid,power-grid,infrastructure,quasi_local_walk,quasi_local_walk,pfp,PFP-l3,0.769255908427667,0.010074311893584934,0.7709381199930143,0.010617905646602843,0.6783301290854161,0.023749985010262337,0.6783301290854161,0.023749985010262337,0.6783301290854161,0.023749985010262337,0.7376475289695799,0.019129800516301268
standard,power_grid,power-grid,infrastructure,quasi_local_walk,quasi_local_walk,srw,SRW-l3,0.7707283825985962,0.01056767097158248,0.771159173254168,0.010777306142703183,0.6783301290854161,0.023749985010262337,0.6783301290854161,0.023749985010262337,0.6783301290854161,0.023749985010262337,0.7384819683867189,0.0193821087969369
standard,socfb_middlebury45,socfb-Middlebury45,social,degree_based,standard_local,pa,PA,0.7736583336438158,0.0013789525655664534,0.7921160296288854,0.00130890583487586,0.7155069397484684,0.0016182859077320379,0.7155069397484684,0.0016182859077320379,0.7155069397484682,0.0016182859077320502,0.7289004411507658,0.0015393997679633644
standard,socfb_middlebury45,socfb-Middlebury45,social,enhanced_local,enhanced_local,car_aa,CAR-AA,0.9397982928556553,0.0008330430525068347,0.9417083769716552,0.0009657337622986692,0.8864232858686799,0.0018080247281301591,0.8864232858686799,0.0018080247281301591,0.8864232858686799,0.0018080247281301591,0.8961819901130937,0.0016201598594728387
standard,socfb_middlebury45,socfb-Middlebury45,social,enhanced_local,enhanced_local,car_cn,CAR-CN,0.9381759297250204,0.000779098716397168,0.9408998691810833,0.0009556414489951702,0.8855017646677841,0.0019858266172262896,0.8855017646677841,0.0019858266172262896,0.8855017646677841,0.0019858266172262653,0.8952604091538973,0.001764863525387624
standard,socfb_middlebury45,socfb-Middlebury45,social,enhanced_local,enhanced_local,car_ra,CAR-RA,0.9434023869774025,0.0008248841678217364,0.9442866263188143,0.0009198642637808146,0.891606808901377,0.0013943340315805354,0.891606808901377,0.0013943340315805354,0.8916068089013771,0.001394334031580547,0.9011161481556715,0.0012599265208422135
standard,socfb_middlebury45,socfb-Middlebury45,social,enhanced_local,enhanced_local,fsw,FSW,0.9529007079422576,0.0011815400542604217,0.9547623300940273,0.0009806478415362312,0.8905865469877158,0.0026159653104369926,0.8905865469877158,0.0026159653104369926,0.890586546987716,0.002615965310436977,0.9001655454292588,0.002315660770972986
standard,socfb_middlebury45,socfb-Middlebury45,social,enhanced_local,enhanced_local,ia1,IA1,0.95559393214387,0.000940190221707171,0.9575332649331155,0.0009690922810458068,0.8956631208577835,0.0020817328771543775,0.8956631208577835,0.0020817328771543775,0.8956631208577834,0.002081732877154368,0.9047962041980467,0.0018699158265716885
standard,socfb_middlebury45,socfb-Middlebury45,social,enhanced_local,enhanced_local,ia2,IA2,0.9543983077191518,0.001003341746362991,0.9562329432227008,0.0010593848420682053,0.8935897161805079,0.0019342352920987923,0.8935897161805079,0.0019342352920987923,0.8935897161805079,0.0019342352920987923,0.9029029683256775,0.0017568946442263066
standard,socfb_middlebury45,socfb-Middlebury45,social,enhanced_local,enhanced_local,lit,LIT-i2,0.9503963138409409,0.0011283124073998437,0.951942769099863,0.001049487345421461,0.8858637833707421,0.002408318036600705,0.8858637833707421,0.002408318036600705,0.8858637833707421,0.0024083180366007138,0.8958255165467459,0.0021551883226975516
standard,socfb_middlebury45,socfb-Middlebury45,social,enhanced_local,enhanced_local,ra_cni,RA-CNI,0.9176871519877409,0.0009363495096199625,0.9278133293442071,0.0006555928985277009,0.8538000113178444,0.0011715163915607528,0.8538000113178444,0.0011715163915607528,0.8538000113178444,0.0011715163915607528,0.8642731270959725,0.0010729558018720735
standard,socfb_middlebury45,socfb-Middlebury45,social,local_bayesian,local_bayesian,lnb_aa,LNB-AA,0.9512146720371183,0.0007785798994250574,0.9542807580217895,0.0009079120482197562,0.8907182054461471,0.0019502249029305452,0.8907182054461471,0.0019502249029305452,0.8907182054461471,0.001950224902930564,0.900020737752256,0.0017427657328896577
standard,socfb_middlebury45,socfb-Middlebury45,social,local_bayesian,local_bayesian,lnb_cn,LNB-CN,0.9487950781710339,0.0006976168408272337,0.9522347340647928,0.0008583105525750297,0.8873283458272937,0.001878891186790093,0.8873283458272937,0.001878891186790093,0.8873283458272937,0.001878891186790093,0.8968266685015628,0.0016740389631222398
standard,socfb_middlebury45,socfb-Middlebury45,social,local_bayesian,local_bayesian,lnb_ra,LNB-RA,0.9542061058258706,0.0011886866619304419,0.9566444681400015,0.0011489555135502263,0.8946182000837444,0.0022374334318957033,0.8946182000837444,0.0022374334318957033,0.8946182000837444,0.0022374334318957033,0.90373276779323,0.0020403794079433203
standard,socfb_middlebury45,socfb-Middlebury45,social,local_similarity,standard_local,aa,AA,0.9506373318527558,0.000707770696361483,0.9538780313361069,0.0008697838540288117,0.890315043284527,0.0017361985484666512,0.890315043284527,0.0017361985484666512,0.890315043284527,0.0017361985484666512,0.8996092520233898,0.0015440049484685581
standard,socfb_middlebury45,socfb-Middlebury45,social,local_similarity,standard_local,cn,CN,0.943500265387285,0.0006333398938402112,0.9509111910170509,0.0008113190287791436,0.8851232887844567,0.0014554305095705585,0.8851232887844567,0.0014554305095705585,0.8851232887844567,0.0014554305095706085,0.8947856364199156,0.0012796072695994889
standard,socfb_middlebury45,socfb-Middlebury45,social,local_similarity,standard_local,hdi,HDI,0.9465236057090178,0.0013786449894186356,0.9499987066610244,0.001089895193404134,0.8834201247997147,0.0021148583783942815,0.8834201247997147,0.0021148583783942815,0.8834201247997147,0.0021148583783942524,0.8932366054608967,0.0018853766801474152
standard,socfb_middlebury45,socfb-Middlebury45,social,local_similarity,standard_local,hpi,HPI,0.9234630819862625,0.002060774790675742,0.9428195440909614,0.001296340856774731,0.8782283967020812,0.0012456774025518076,0.8782283967020812,0.0012456774025518076,0.8782283967020812,0.0012456774025518295,0.8835104568951395,0.001471861890731138
standard,socfb_middlebury45,socfb-Middlebury45,social,local_similarity,standard_local,ja,JA,0.9513295630634355,0.001270807265115999,0.9540835125040644,0.0009902194481269117,0.890216300879298,0.0018071346217765217,0.890216300879298,0.0018071346217765217,0.890216300879298,0.0018071346217765217,0.8996150551818329,0.001560429862654005
standard,socfb_middlebury45,socfb-Middlebury45,social,local_similarity,standard_local,llhn,LLHN,0.8764245927239737,0.0021407665801400472,0.9171629681044108,0.0016289021298698362,0.8500975119839813,0.0020735196079187225,0.8500975119839813,0.0020735196079187225,0.8500975119839815,0.002073519607918662,0.8535662874534659,0.0019933183623123585
standard,socfb_middlebury45,socfb-Middlebury45,social,local_similarity,standard_local,ra,RA,0.9549315498055039,0.0010925142360598955,0.9573022154587324,0.0010807025460049936,0.8957207225122928,0.0021728002947211085,0.8957207225122928,0.0021728002947211085,0.8957207225122928,0.0021728002947211085,0.904761252656661,0.0019608304307793473
standard,socfb_middlebury45,socfb-Middlebury45,social,local_similarity,standard_local,sa,SA,0.9520030877049048,0.0011937183867999919,0.9547605699593934,0.0009771465840114877,0.890701751312213,0.0017373476099186694,0.890701751312213,0.0017373476099186694,0.890701751312213,0.0017373476099186694,0.9000674934390547,0.0014890104825358433
standard,socfb_middlebury45,socfb-Middlebury45,social,local_similarity,standard_local,so,SO,0.9513295630634355,0.001270807265115999,0.9540835125040644,0.0009902194481269117,0.890216300879298,0.0018071346217765217,0.890216300879298,0.0018071346217765217,0.890216300879298,0.0018071346217765217,0.8996150551818329,0.001560429862654005
standard,socfb_middlebury45,socfb-Middlebury45,social,quasi_local_path,quasi_local_path,fl,FL-l3,0.9469642542201833,0.000520971008794564,0.9503248520172665,0.0006984899646243659,0.8812562162929314,0.0020667260053115126,0.8812562162929314,0.0020667260053115126,0.8812562162929314,0.002066726005311541,0.8912454410767369,0.001826598838329279
standard,socfb_middlebury45,socfb-Middlebury45,social,quasi_local_path,quasi_local_path,lpi,LPI-beta-0.001,0.9467272601170965,0.000516758567143736,0.9502320335800217,0.0006983208325608225,0.8812644440368841,0.0020586902809294058,0.8812644440368841,0.0020586902809294058,0.8812644440368841,0.002058690280929434,0.8912239256608224,0.0018185774656005625
standard,socfb_middlebury45,socfb-Middlebury45,social,quasi_local_path,quasi_local_path,ora_cni,ORA-CNI-beta-0.001,0.9176875283155731,0.0009363450451412629,0.9278135962400464,0.0006555901840484467,0.8538000113178444,0.0011715163915607528,0.8538000113178444,0.0011715163915607528,0.8538000113178444,0.0011715163915607528,0.8642731613326811,0.0010729561722801228
standard,socfb_middlebury45,socfb-Middlebury45,social,quasi_local_walk,quasi_local_walk,lrw,LRW-l3,0.9318202147275791,0.0010197811671463634,0.9386583006402622,0.0008159599907307812,0.8663227449159248,0.001547572405888284,0.8663227449159248,0.001547572405888284,0.8663227449159248,0.001547572405888284,0.8766586473051895,0.0014071187327561348
standard,socfb_middlebury45,socfb-Middlebury45,social,quasi_local_walk,quasi_local_walk,pfp,PFP-l3,0.9181404715493571,0.00246611427989521,0.9348234775639359,0.0015254488969207974,0.8639531583809943,0.0022612369554727953,0.8639531583809943,0.0022612369554727953,0.8639531583809943,0.0022612369554727884,0.8723759583934264,0.0022926732744357695
standard,socfb_middlebury45,socfb-Middlebury45,social,quasi_local_walk,quasi_local_walk,srw,SRW-l3,0.9514148095183808,0.0009788946922131738,0.9554067386339687,0.0009372372602291894,0.8905042888422781,0.0019519406258782129,0.8905042888422781,0.0019519406258782129,0.8905042888422781,0.0019519406258781925,0.8996724750580294,0.0017740682802072445
