source,target,label
95,197,1
92,127,1
23,464,1
110,663,0
506,529,1
198,593,1
126,320,0
777,884,0
24,704,0
21,375,1
120,673,0
297,716,0
214,280,1
183,187,1
163,166,1
218,854,0
86,263,1
169,420,0
452,971,1
349,644,1
420,661,1
368,391,1
161,233,0
248,534,0
212,364,1
131,552,1
444,971,1
21,87,1
216,592,1
128,205,1
156,983,0
243,666,0
668,756,0
389,878,0
438,585,0
550,987,0
469,477,1
161,839,0
169,351,0
110,790,0
38,436,0
337,438,1
282,747,1
526,537,1
184,747,1
114,183,1
131,511,0
42,187,1
14,247,0
227,984,0
334,511,0
322,471,0
891,892,1
921,931,0
46,226,0
207,868,0
348,807,0
423,523,0
642,836,0
470,710,0
482,497,1
16,290,1
421,473,1
86,395,1
129,557,1
378,379,1
425,870,1
234,928,0
265,608,1
183,460,1
184,582,1
329,351,1
33,34,1
147,533,1
128,430,1
28,87,1
522,835,0
280,494,1
280,319,0
259,400,1
596,611,0
300,371,1
866,949,0
313,515,0
426,612,0
219,308,0
63,411,1
189,454,1
529,720,1
80,880,1
154,542,0
17,222,1
189,733,0
113,306,1
166,666,1
223,655,1
499,503,1
306,541,0
339,770,0
151,427,1
116,513,1
255,487,0
160,892,1
455,994,0
184,202,0
93,159,0
112,368,1
538,764,0
4,239,1
14,270,1
592,874,0
110,353,0
32,438,1
168,434,1
16,93,1
13,667,1
203,687,0
356,375,1
113,367,1
363,677,0
173,256,1
329,974,0
920,988,0
405,844,0
131,142,1
366,537,1
162,848,0
146,264,0
102,355,0
105,285,1
0,422,0
443,444,1
243,749,0
226,892,1
73,311,1
136,332,0
62,81,1
408,845,1
278,345,1
375,549,0
74,142,1
72,930,0
158,405,1
81,550,1
86,328,1
64,149,1
23,293,0
165,361,1
140,216,1
840,1004,0
297,309,1
329,652,1
967,969,0
24,494,1
495,974,0
248,682,0
195,437,0
214,949,0
804,918,0
43,296,0
107,258,1
76,593,0
751,991,0
29,135,0
250,377,1
93,280,1
234,236,1
22,911,0
8,358,1
51,200,1
310,365,1
213,450,0
231,877,0
526,809,0
707,831,0
188,273,0
17,82,1
737,869,0
514,718,0
137,209,1
41,612,1
563,809,0
784,987,0
377,490,1
176,649,0
747,999,0
124,125,1
174,859,1
378,841,0
137,158,1
458,623,1
210,561,0
315,462,0
587,967,0
969,971,0
95,911,0
226,443,1
448,546,0
14,674,0
160,859,1
44,502,1
77,156,0
816,850,0
447,886,0
92,818,1
126,137,1
39,734,0
493,700,0
105,546,1
210,305,1
239,473,0
758,804,0
4,668,0
63,564,1
246,396,0
14,53,1
441,991,0
53,211,0
547,747,0
150,387,1
223,365,1
724,846,0
84,849,0
121,128,1
278,342,1
560,913,1
62,153,1
396,851,0
146,982,0
8,378,0
28,419,1
520,532,1
111,348,0
107,326,1
83,433,1
160,452,1
178,404,0
530,931,0
91,496,0
61,936,0
339,361,1
134,408,0
115,172,1
184,253,1
250,357,0
189,666,0
172,453,0
65,990,1
477,566,0
89,814,0
734,941,0
271,333,1
68,419,1
728,923,0
526,821,0
384,708,0
337,584,0
50,162,1
793,909,0
121,137,1
508,713,0
166,491,0
117,252,1
378,921,0
193,595,0
544,777,0
9,237,0
201,551,0
299,455,0
752,999,0
238,638,0
21,107,1
515,863,0
258,780,0
522,574,0
216,429,1
244,806,0
191,284,1
71,257,0
162,859,1
217,282,1
120,919,0
390,394,1
280,292,1
200,618,0
20,486,0
286,486,1
567,790,0
102,774,0
49,91,0
210,985,0
213,913,1
253,911,0
404,896,1
530,807,0
0,745,0
476,522,0
87,283,1
411,465,0
50,679,0
891,934,0
67,473,0
754,867,0
432,601,0
263,510,0
252,854,1
779,785,0
459,589,1
93,464,1
89,260,1
39,882,0
103,939,0
148,179,1
264,668,0
31,261,1
124,282,1
115,932,1
459,756,1
15,22,0
200,581,1
6,408,1
28,721,1
213,942,0
212,665,1
95,977,0
499,544,0
64,411,1
446,903,0
77,166,1
592,899,0
36,170,1
535,554,1
69,678,1
3,886,1
348,709,0
420,520,1
159,530,0
92,300,0
41,203,1
671,981,0
259,537,1
150,379,1
275,989,0
178,200,1
235,303,1
26,597,0
82,191,1
65,92,1
2,389,0
679,844,0
487,805,1
291,906,0
641,737,0
498,593,1
753,880,0
363,972,0
401,457,1
10,160,1
562,840,1
375,550,0
133,218,1
439,462,0
113,292,0
77,910,0
66,219,0
121,233,1
96,131,1
374,529,1
806,839,0
436,851,0
387,530,0
93,197,1
587,939,0
52,382,0
418,467,1
113,151,1
126,239,0
140,592,1
524,816,0
41,212,1
38,170,1
566,615,0
516,896,0
329,477,1
256,445,1
170,533,1
171,804,0
12,413,0
541,706,0
358,501,1
62,132,1
871,889,0
249,365,1
146,821,0
6,845,1
187,411,0
597,783,0
64,305,1
154,412,1
57,330,0
332,479,0
95,277,0
37,250,0
194,699,0
48,847,1
479,979,0
160,427,1
121,254,1
288,295,1
116,652,0
147,416,0
229,366,1
124,173,1
774,848,0
20,362,0
262,736,0
694,752,0
101,125,1
105,340,1
73,116,1
306,608,0
333,546,1
21,256,1
57,126,1
243,859,1
278,754,0
35,154,0
388,721,0
475,815,0
270,419,1
209,601,1
256,739,0
74,588,0
129,190,0
243,963,1
323,886,0
300,721,0
82,673,0
778,809,0
408,411,1
182,679,0
102,569,0
423,960,0
89,160,1
130,157,1
81,473,1
143,357,1
51,735,0
214,593,1
593,857,0
143,768,0
493,932,1
412,673,0
252,794,0
284,749,1
95,129,1
105,215,1
318,417,1
586,788,0
76,512,0
806,994,0
235,674,0
719,805,0
209,424,1
48,229,1
324,426,0
84,555,1
234,611,0
265,707,1
152,258,1
286,299,0
179,377,1
189,382,0
475,890,0
382,386,0
129,544,1
206,751,1
177,656,1
129,403,1
105,142,1
9,713,0
261,438,1
192,408,1
253,682,0
706,825,0
28,82,1
87,329,1
232,486,1
282,687,1
129,187,1
816,904,0
247,506,1
761,885,0
234,474,1
278,904,0
210,343,0
619,785,0
93,114,1
82,641,1
121,208,1
728,893,0
319,751,0
154,866,0
77,228,0
450,568,1
377,402,1
25,371,0
264,608,1
481,898,1
245,444,1
250,320,1
153,154,1
315,903,0
494,544,1
195,638,0
21,300,1
5,195,1
512,704,0
106,365,1
287,609,0
316,571,0
243,319,1
828,889,1
594,774,0
586,826,1
404,709,1
260,355,0
104,280,0
101,853,0
644,950,1
288,433,1
481,552,1
376,869,1
363,371,1
26,170,1
96,370,1
585,708,0
179,342,1
179,397,1
241,659,0
232,526,1
6,89,1
14,85,1
666,1000,0
282,589,1
115,440,0
340,809,0
92,923,0
967,972,0
227,608,0
118,298,0
130,277,1
123,381,0
654,914,0
29,473,1
946,980,0
69,667,1
346,428,0
755,844,0
86,105,1
524,729,0
249,950,1
270,486,1
18,261,0
49,605,0
333,367,1
57,581,0
21,988,0
82,327,1
14,612,0
187,967,0
842,890,0
175,849,0
283,661,0
161,265,1
125,618,1
198,436,0
405,555,0
698,961,0
442,982,0
448,701,0
608,783,0
468,784,0
59,859,1
386,698,0
27,34,1
274,681,0
322,933,1
256,425,1
673,963,0
24,39,1
98,841,0
236,242,1
121,714,1
462,607,0
376,756,0
189,420,1
911,942,0
239,261,0
186,398,0
489,672,0
290,572,1
884,906,0
63,115,1
833,915,0
283,411,1
164,322,1
63,117,0
62,726,1
232,368,1
338,834,0
209,321,0
41,83,1
57,733,0
48,113,1
160,591,1
385,622,0
698,883,0
64,434,1
304,661,0
165,229,1
280,817,0
15,46,1
349,985,0
301,641,1
331,459,1
297,823,0
760,865,0
40,438,1
183,212,1
28,29,1
83,140,1
306,328,0
367,892,1
310,622,0
132,283,1
172,434,1
157,342,1
15,62,1
211,495,1
29,138,0
55,946,0
19,107,1
517,743,1
133,557,1
9,213,1
11,161,1
71,459,0
9,425,0
341,963,0
271,304,1
513,642,1
219,309,1
174,360,0
226,232,1
161,458,0
645,709,0
151,680,0
100,592,1
54,438,1
930,987,0
104,510,0
182,389,1
107,662,1
139,193,0
625,810,0
310,932,1
397,571,0
263,420,0
621,669,0
254,550,0
108,160,1
441,643,0
430,504,1
737,843,0
647,784,0
401,438,0
462,984,0
280,822,1
28,166,1
698,992,0
146,531,0
126,638,1
642,751,0
48,75,1
68,671,1
252,271,1
33,339,1
490,491,1
336,874,0
150,155,1
183,411,1
527,743,0
4,442,0
238,630,0
87,128,1
295,387,1
606,642,0
602,699,1
173,723,1
282,733,0
406,505,1
40,998,0
723,873,0
151,816,1
53,399,0
215,981,0
520,685,1
474,775,0
724,826,0
171,529,0
71,965,0
429,571,0
400,484,0
139,269,1
89,408,1
127,817,0
187,215,1
21,777,1
536,601,1
114,420,1
121,161,1
62,86,1
294,830,0
396,829,0
191,420,1
298,638,0
716,854,0
402,714,0
167,362,0
105,210,1
345,970,0
103,220,0
237,770,0
160,193,1
340,638,1
43,569,1
223,311,1
286,571,1
249,506,1
87,390,0
536,941,0
802,810,0
2,885,0
390,459,1
460,533,1
81,356,1
269,420,1
348,982,0
121,245,1
753,860,1
265,515,0
256,450,1
343,736,0
342,951,0
167,915,0
761,955,0
87,643,1
946,948,0
519,635,0
256,333,1
763,859,0
210,249,1
412,809,1
47,160,1
236,741,0
408,859,1
553,699,0
182,947,0
57,59,1
350,377,1
48,482,1
340,564,1
278,842,0
66,560,1
513,673,0
208,545,0
208,513,0
82,219,1
367,405,1
157,231,1
118,607,1
212,233,1
295,585,1
905,969,0
779,820,1
5,189,1
50,82,1
326,598,0
487,546,0
333,531,1
526,996,0
411,430,1
69,467,1
224,756,0
189,799,1
182,392,1
101,124,1
62,84,1
284,372,0
293,525,1
361,437,1
57,845,0
264,988,0
637,973,0
121,340,1
73,950,1
89,423,1
432,476,0
118,712,0
6,496,0
31,955,0
276,431,0
81,486,1
715,883,0
3,211,1
142,564,0
664,924,0
5,194,1
495,751,0
339,727,0
228,942,0
105,856,1
494,515,1
375,469,1
181,835,0
249,420,1
177,377,1
73,672,0
189,203,0
867,984,0
113,116,1
86,756,1
82,445,1
18,74,1
283,1000,0
213,608,1
184,400,0
126,405,1
256,340,1
405,548,1
559,827,0
135,430,0
185,287,0
50,643,1
12,151,0
14,244,0
263,530,0
66,363,0
417,486,1
349,666,0
172,377,1
829,951,0
178,572,0
639,865,0
260,329,0
183,236,1
296,385,1
50,87,1
751,761,0
167,468,1
622,986,0
32,654,1
20,921,0
106,255,1
145,422,1
8,634,0
369,643,0
133,681,1
383,888,0
133,430,0
237,594,0
243,817,0
512,769,0
369,832,0
415,719,0
74,218,1
164,510,0
612,747,1
480,924,0
73,319,0
21,659,0
531,1001,0
55,63,1
256,306,1
4,114,1
403,730,0
509,713,1
429,1004,0
82,190,1
736,905,0
232,840,1
512,800,0
365,531,1
132,279,0
174,192,0
121,160,1
432,478,0
107,131,1
414,814,0
52,147,0
359,754,1
681,873,0
416,556,0
87,249,1
264,748,0
157,295,1
599,925,0
344,829,0
10,974,0
180,277,1
149,344,1
69,188,1
105,145,1
27,62,1
106,854,0
489,644,1
450,500,0
694,849,0
750,886,0
131,146,0
161,735,0
440,533,1
377,593,1
785,906,0
105,159,1
190,549,1
115,493,1
255,694,1
33,443,1
212,221,0
121,191,1
16,448,1
22,258,1
333,473,1
499,505,1
74,159,0
912,987,0
740,946,0
58,285,1
567,847,0
64,216,1
268,295,1
91,183,1
300,752,0
17,313,1
14,178,1
84,270,1
189,671,1
236,930,1
271,949,1
183,434,1
666,956,0
127,435,1
45,144,0
12,44,1
271,272,1
131,721,0
367,419,1
105,728,0
240,931,1
470,693,0
272,446,1
140,446,1
142,756,1
142,932,1
193,443,0
502,504,1
480,671,1
30,116,1
223,265,0
425,567,1
129,291,1
316,465,1
55,438,0
80,802,0
730,917,0
326,729,0
760,821,0
157,378,1
267,889,0
117,121,1
498,602,1
42,160,1
268,538,0
223,624,1
332,517,0
65,123,0
83,329,1
171,959,0
615,938,0
75,261,1
57,532,1
86,601,1
221,282,1
738,815,0
3,58,1
263,486,1
211,364,1
254,453,1
505,620,0
725,847,0
551,723,1
545,570,0
203,518,0
304,927,0
11,327,1
561,616,0
184,232,0
209,645,0
375,411,1
46,340,1
285,809,1
221,836,0
555,569,0
222,267,0
272,277,0
642,857,0
4,174,1
131,373,1
160,376,1
405,822,0
333,393,1
28,258,0
160,333,1
293,752,0
697,920,0
316,758,1
5,6,1
211,420,1
188,420,1
55,767,0
239,696,0
142,405,1
393,473,1
88,810,1
535,543,0
549,855,1
171,470,1
86,280,1
252,611,1
87,296,1
226,406,0
63,271,1
475,752,0
169,533,1
300,531,1
6,193,1
27,884,0
65,264,1
52,103,1
453,546,1
491,535,0
262,907,1
685,954,0
152,518,1
266,887,0
138,305,1
89,136,1
76,86,0
105,422,1
120,309,1
160,551,1
472,850,0
400,765,0
460,615,1
212,390,0
812,932,1
385,393,1
10,300,1
319,390,0
256,471,1
4,59,1
109,949,0
94,176,1
193,811,0
164,710,0
137,408,1
212,450,1
69,81,1
81,306,1
187,302,0
297,392,0
57,174,1
154,393,1
182,872,1
148,400,0
533,756,1
81,161,1
147,460,1
271,877,0
446,448,1
330,468,0
160,445,1
13,375,1
96,470,1
317,855,0
529,699,1
137,252,1
98,621,0
301,810,1
107,850,0
6,126,1
279,502,0
197,205,1
155,688,0
62,151,1
116,129,1
110,141,0
177,990,0
114,303,1
308,462,1
63,126,1
8,781,0
415,757,0
546,967,0
75,778,0
432,558,0
541,725,0
358,729,1
445,467,0
654,900,0
158,931,1
449,972,0
124,592,1
256,474,1
333,486,1
265,372,0
183,513,1
295,398,1
428,446,1
411,462,1
389,963,0
46,303,1
178,817,0
366,796,0
129,166,1
534,845,0
9,406,1
376,933,0
157,394,1
114,495,1
243,582,0
62,258,1
19,555,1
506,743,0
471,911,0
107,214,1
65,334,1
65,307,1
367,804,0
685,990,1
74,259,1
441,666,1
52,399,0
13,948,0
157,380,1
30,367,1
293,436,0
144,254,1
741,788,0
279,627,0
302,566,0
549,627,1
191,343,1
422,516,0
79,497,1
169,816,1
141,365,1
726,829,0
450,719,0
40,427,1
136,170,1
401,543,1
282,662,1
370,646,0
87,210,1
166,859,1
124,475,0
427,932,1
31,532,0
81,86,1
464,890,0
861,973,0
427,547,0
215,958,0
419,647,0
105,589,1
960,1001,0
529,913,1
446,579,1
478,543,1
63,941,0
564,998,0
121,356,1
35,398,0
161,652,0
511,549,0
351,714,0
413,690,0
181,950,1
261,509,0
105,550,1
790,876,0
4,738,1
114,417,1
1,57,0
678,984,0
27,417,1
320,630,0
162,654,1
8,499,1
357,454,1
103,152,0
178,656,1
51,522,0
196,361,0
170,424,1
180,344,1
115,835,0
204,205,1
170,411,1
407,872,0
75,137,0
158,636,0
2,831,0
262,511,1
14,426,1
121,424,1
191,681,1
294,526,1
856,895,0
19,550,1
56,740,0
131,621,0
549,569,0
52,652,0
252,389,1
809,970,0
215,331,1
258,929,0
200,820,1
64,116,1
119,980,1
133,181,1
62,296,1
77,82,1
377,583,0
249,280,1
38,338,0
145,933,0
58,145,1
182,719,1
411,976,1
21,296,1
218,704,0
14,86,1
530,868,0
13,685,1
12,420,1
256,647,1
329,607,0
84,454,1
186,299,0
201,298,0
708,785,0
206,786,1
227,603,0
147,155,1
200,546,0
51,292,0
115,455,1
574,790,0
187,518,1
83,214,1
142,222,1
63,132,1
9,19,1
362,602,1
527,809,0
67,995,0
856,913,1
433,612,0
113,870,0
530,599,0
280,427,0
208,329,1
166,180,1
88,210,1
622,904,0
164,379,1
172,482,1
4,405,1
84,248,0
838,893,0
98,639,0
3,41,0
96,427,1
131,285,1
477,696,0
63,256,1
115,280,1
14,256,1
74,219,1
7,360,1
169,635,0
566,651,0
273,458,0
400,822,0
622,654,0
321,433,0
467,605,0
417,988,0
27,590,1
146,347,0
505,897,0
160,512,1
45,448,1
98,385,0
644,738,0
62,883,0
26,106,0
453,780,0
702,836,0
655,754,0
365,401,1
186,477,0
696,865,0
75,339,1
249,531,1
298,812,1
335,933,1
89,409,0
61,390,1
696,873,0
170,251,1
82,131,1
359,951,1
29,739,0
255,453,1
64,458,1
569,880,0
88,303,1
265,398,0
142,520,0
9,318,0
119,558,0
664,762,0
107,166,1
69,259,1
106,480,1
231,278,1
352,548,0
24,171,0
11,820,0
62,571,1
522,523,1
254,371,1
398,513,0
485,976,1
133,876,0
46,211,1
57,160,1
238,602,1
441,699,1
681,730,0
288,636,0
69,753,0
69,552,0
237,926,1
312,755,0
493,585,1
158,322,0
93,172,1
244,252,1
450,542,1
314,495,1
42,255,1
433,877,0
131,950,1
201,395,1
506,672,1
162,643,1
165,362,1
88,183,1
615,696,0
171,547,1
518,616,0
23,474,1
543,933,0
272,428,1
86,681,1
196,563,0
81,395,0
105,612,1
80,546,1
854,884,0
95,496,0
238,412,1
310,779,0
254,458,1
48,889,0
209,235,1
195,859,1
107,934,0
634,778,0
213,533,1
32,251,1
561,925,0
314,365,1
64,171,1
75,762,0
894,952,0
208,411,1
720,851,0
288,613,1
403,918,0
950,963,1
281,998,0
64,549,1
308,905,0
324,471,0
688,994,0
227,268,1
81,474,1
84,210,1
121,411,1
119,948,0
623,848,0
740,866,0
220,300,0
804,959,0
215,411,1
121,494,1
62,292,1
249,490,1
625,785,0
256,891,0
65,509,0
129,176,1
127,649,0
152,433,1
195,634,0
138,267,0
10,134,1
362,993,0
21,708,0
327,436,0
41,51,1
555,624,0
15,671,0
285,412,1
440,840,1
344,385,0
77,79,1
109,255,0
117,409,1
218,295,0
333,654,1
264,359,1
81,371,1
201,632,0
157,634,0
434,440,1
1,316,1
499,533,1
463,502,0
536,781,0
131,211,1
138,285,1
160,190,1
79,833,0
206,766,0
280,426,1
168,557,0
522,796,0
237,824,0
640,680,0
5,272,1
336,860,1
480,678,1
278,363,1
202,673,0
283,577,1
390,506,0
502,849,0
197,664,0
728,913,0
194,208,1
20,222,1
87,243,1
11,956,1
258,469,1
215,313,1
316,549,1
159,238,1
252,288,1
115,152,1
88,140,0
368,694,0
121,492,1
86,707,1
223,480,1
80,607,0
82,340,1
118,606,0
342,916,0
135,409,1
184,329,1
211,258,1
265,555,1
564,667,0
226,862,0
223,765,0
0,532,0
821,864,0
112,896,1
145,249,1
549,912,0
18,225,1
112,258,1
298,549,1
121,550,1
183,271,1
284,642,1
552,860,0
81,638,1
400,512,0
95,143,1
285,683,1
803,1001,1
345,350,1
452,501,1
570,777,0
526,542,1
372,826,0
308,583,0
220,427,0
137,194,1
108,190,1
303,472,0
491,999,0
320,619,0
93,153,0
315,519,1
868,884,0
86,233,1
211,240,1
262,704,0
6,377,1
260,311,1
489,528,1
457,603,0
304,971,1
128,327,1
192,416,0
335,964,0
331,340,1
168,285,1
345,346,1
50,646,0
51,774,0
637,836,0
54,63,1
162,315,0
593,929,0
109,750,0
129,484,1
4,859,1
326,733,1
524,953,0
145,188,1
81,478,1
162,719,0
86,525,1
113,950,1
284,799,0
15,168,0
182,372,0
115,442,1
224,779,0
113,359,0
337,881,0
119,335,0
488,922,1
192,211,0
47,263,1
13,199,1
4,586,1
194,685,1
226,999,0
160,296,1
156,581,0
166,831,0
145,333,1
441,572,0
166,576,1
256,424,1
537,781,1
515,552,1
249,548,1
170,607,1
478,514,1
6,470,0
461,989,0
64,87,1
355,742,0
140,423,0
293,764,0
236,524,0
21,72,1
834,982,0
864,950,0
59,89,1
169,338,1
972,987,0
148,603,0
183,210,1
121,846,0
296,376,1
325,409,1
145,393,1
341,399,0
18,376,1
99,695,0
148,531,0
69,528,0
301,747,1
24,27,1
21,280,1
290,546,1
419,525,0
181,526,1
85,222,1
380,599,0
422,845,0
86,205,1
70,171,0
247,343,0
82,401,1
456,797,0
377,875,0
735,900,0
414,421,0
125,249,0
851,918,0
42,387,1
18,121,1
184,874,0
390,393,1
91,474,1
172,419,1
184,188,1
83,373,1
249,546,1
494,822,1
116,994,0
29,59,0
82,616,0
234,654,1
164,428,1
20,379,0
405,434,1
389,949,0
225,999,0
686,919,0
687,706,0
186,456,0
283,420,1
508,978,0
324,662,0
556,909,0
197,357,0
226,533,1
83,290,1
232,635,0
418,728,0
718,921,0
564,965,0
593,776,1
236,514,0
424,641,1
183,272,1
21,210,1
146,398,0
408,571,1
213,938,0
12,268,0
128,526,1
111,913,0
521,553,1
131,916,0
263,953,0
465,786,1
558,823,1
173,301,1
235,319,1
287,531,0
546,742,1
137,155,1
58,587,1
76,639,0
679,832,0
74,297,1
259,536,1
502,771,0
385,565,0
19,86,1
358,967,0
226,494,1
122,954,0
7,517,0
92,96,1
220,373,0
421,607,1
174,520,1
170,427,1
108,110,1
172,542,1
661,840,0
132,809,1
269,333,1
16,357,1
80,679,1
68,306,1
284,301,1
44,121,1
184,187,1
99,129,0
244,777,0
173,528,0
976,981,1
232,990,0
198,493,0
706,836,1
423,849,0
138,657,0
107,356,1
343,882,0
3,481,1
246,707,0
173,777,1
55,164,0
342,350,1
373,380,0
372,404,1
129,868,0
322,662,0
254,313,0
9,167,0
158,160,1
4,830,0
179,705,0
413,813,1
154,284,0
263,575,0
282,812,1
579,996,0
179,321,1
42,343,1
142,467,1
113,160,1
67,954,0
332,407,1
315,397,0
365,704,0
200,275,1
217,288,1
211,304,1
197,621,0
46,155,1
171,245,1
158,797,0
591,718,0
189,473,1
135,290,0
83,788,0
4,252,1
603,718,0
137,552,1
269,272,1
39,409,1
160,389,1
430,441,1
922,969,0
753,900,1
416,988,0
121,132,1
589,1002,0
576,847,0
428,673,0
21,303,1
4,117,0
154,256,1
64,323,1
166,290,1
84,487,1
104,802,0
723,777,1
191,617,0
149,167,1
155,964,0
380,903,0
174,252,1
427,950,1
234,527,0
777,842,0
786,888,0
105,493,1
290,627,0
908,955,0
180,447,0
35,62,1
310,668,0
323,795,0
411,949,1
198,434,1
432,792,0
280,336,1
375,406,0
96,375,1
140,733,0
54,552,1
13,325,1
760,859,0
908,918,1
702,723,0
488,554,0
474,905,0
405,892,1
121,423,1
894,985,0
78,144,0
104,150,1
156,607,0
248,260,1
607,755,0
269,485,0
285,963,0
128,152,1
46,56,0
766,931,0
143,758,1
51,375,1
260,509,1
17,252,1
166,485,1
38,911,0
82,708,1
115,900,1
168,291,1
44,506,1
150,557,0
255,395,0
213,956,1
260,280,0
399,473,0
167,204,1
554,971,1
613,665,0
178,350,1
350,473,0
29,34,1
52,171,0
320,982,0
533,971,0
377,504,0
196,820,1
404,724,0
401,971,1
54,194,1
374,488,0
104,393,1
159,241,1
346,914,0
609,803,0
142,226,1
233,244,1
487,524,0
332,878,0
254,492,1
336,409,1
587,832,1
605,962,0
64,107,1
215,301,1
429,929,1
549,679,1
599,964,0
866,875,0
608,733,0
56,408,1
96,569,0
533,707,0
299,546,1
889,963,0
400,965,0
47,114,1
122,735,0
421,914,0
66,654,1
255,610,1
83,180,1
388,999,0
157,213,0
116,123,1
75,781,0
489,959,0
61,150,1
358,977,0
193,845,1
223,468,1
174,363,1
162,433,1
64,527,1
443,864,0
473,747,1
21,548,1
79,811,1
298,516,0
405,642,1
198,866,0
487,922,1
49,892,0
64,115,1
3,936,0
222,253,1
290,533,1
924,997,0
411,511,1
356,918,0
30,115,1
594,668,0
166,347,1
25,848,0
462,898,0
63,249,1
46,609,0
293,498,1
519,809,1
20,520,1
175,288,1
86,1002,0
325,345,0
246,833,0
148,762,0
498,526,1
82,249,1
43,551,0
846,986,0
183,286,1
272,318,0
234,282,1
18,614,0
196,204,1
161,441,1
296,380,1
796,988,0
517,654,0
227,286,0
408,498,0
95,301,0
186,690,0
128,445,1
24,455,1
6,291,0
345,475,0
63,612,0
69,641,0
12,264,1
66,455,0
95,597,0
112,644,0
432,794,0
762,816,0
160,408,0
84,558,1
174,905,0
132,154,0
463,643,0
383,858,0
427,456,0
122,180,1
236,237,1
851,898,0
243,613,1
84,152,1
255,607,1
365,569,1
69,184,1
71,83,1
81,141,1
42,55,0
715,757,0
637,678,0
87,424,1
9,509,0
533,950,1
497,560,0
84,253,1
41,820,1
197,632,0
173,327,1
374,739,0
49,836,0
66,661,1
425,873,1
271,412,1
199,727,0
329,340,1
267,674,1
544,820,1
186,420,1
121,827,0
462,592,0
766,844,0
333,919,1
304,401,0
19,535,0
666,951,1
166,857,1
137,815,1
197,999,0
709,786,0
11,141,1
335,520,0
74,189,0
138,825,0
273,579,1
230,403,0
165,464,1
524,966,0
27,560,1
371,861,0
300,685,0
188,917,0
148,402,1
165,223,1
36,257,0
374,657,0
543,576,1
449,784,0
120,970,0
4,729,0
35,37,1
44,406,1
496,806,0
25,36,1
20,145,1
221,419,1
0,306,0
431,781,0
198,545,0
121,462,1
592,968,0
818,861,0
118,511,1
370,514,0
87,190,1
695,941,0
287,930,0
100,939,0
377,395,1
599,837,0
17,283,1
268,934,1
36,409,1
72,362,0
115,644,1
31,292,0
800,809,0
362,529,1
185,987,0
115,129,1
259,757,0
59,566,0
296,752,0
168,172,1
42,843,0
529,629,0
232,450,1
82,115,1
419,462,1
478,795,0
373,964,1
758,981,0
20,358,0
61,562,0
662,962,0
206,436,0
21,283,1
376,389,1
35,953,1
11,720,1
236,687,0
82,84,1
428,827,0
21,222,1
569,974,0
113,710,0
118,409,1
757,761,0
149,377,1
545,672,0
83,405,1
132,405,1
391,840,0
94,381,0
7,86,1
83,199,1
451,466,1
577,945,0
590,908,0
121,426,1
62,312,1
80,222,1
64,828,1
765,769,0
826,832,1
638,822,0
222,905,1
710,747,1
226,516,0
881,960,0
13,436,0
15,174,1
160,428,1
501,929,0
25,35,1
121,468,1
520,785,0
58,654,1
151,361,1
121,236,1
196,282,1
526,714,1
418,796,0
222,990,0
74,884,0
170,339,1
197,595,0
256,291,1
248,465,0
179,337,0
174,408,1
70,241,0
183,520,1
265,991,0
739,824,0
540,971,1
422,533,1
488,727,0
210,229,0
5,89,1
212,477,0
747,863,0
54,88,1
3,990,1
189,211,0
382,488,0
328,329,1
332,733,0
375,478,1
425,812,0
676,727,0
560,922,1
247,707,1
627,628,0
496,583,0
127,227,1
189,832,0
313,629,0
185,598,0
324,621,0
46,424,1
60,214,1
143,872,0
766,964,0
134,503,0
501,569,1
134,366,1
214,351,1
117,971,0
21,260,1
27,33,1
290,822,1
107,736,1
367,748,1
402,540,0
254,642,1
128,278,1
440,979,0
160,303,1
206,426,1
558,742,0
342,629,0
212,489,1
183,560,0
137,571,1
826,856,0
8,609,0
23,202,0
950,993,0
12,565,1
352,995,0
518,533,1
144,814,0
296,494,1
656,734,0
329,424,1
287,822,0
218,224,1
156,232,1
417,442,1
278,420,1
56,859,1
604,663,0
181,351,1
424,464,1
99,315,0
129,824,0
685,949,1
225,283,1
730,982,0
303,365,1
66,689,0
913,992,0
210,282,1
358,407,1
305,597,0
745,849,0
313,778,0
64,212,1
74,116,1
269,428,1
480,976,0
160,401,1
211,959,0
679,804,0
169,734,1
551,618,0
140,273,1
47,107,1
373,515,1
546,812,1
272,290,1
39,480,1
357,607,0
296,822,0
562,687,0
17,577,0
10,985,0
477,890,0
265,525,1
294,301,1
89,552,1
351,495,1
85,237,0
812,993,0
145,790,0
165,340,1
66,142,0
451,581,0
121,513,1
25,185,0
4,107,1
63,533,1
672,971,1
318,925,1
82,137,1
97,694,0
285,303,1
183,822,1
85,309,1
28,303,1
133,309,1
736,884,0
4,128,0
673,811,0
425,430,1
46,274,1
188,237,0
131,208,1
113,695,0
955,985,0
734,977,0
874,944,0
269,735,1
298,357,0
15,446,1
814,974,0
457,526,1
160,529,1
526,652,0
171,299,1
165,590,1
328,876,0
244,622,0
41,254,1
262,836,0
91,108,1
157,346,1
428,697,0
161,570,1
129,208,1
424,543,1
230,282,1
160,748,1
217,543,0
92,259,1
469,856,0
204,377,1
19,268,1
198,770,0
679,708,0
21,480,1
27,170,1
926,927,1
296,379,1
231,692,1
285,512,0
105,258,1
340,438,1
371,828,1
233,441,1
457,805,0
272,651,1
200,883,0
78,700,0
166,963,0
176,941,0
271,455,1
420,450,1
166,282,1
534,544,1
160,690,1
47,143,0
147,548,0
81,460,1
11,611,1
3,4,1
426,493,1
315,560,0
41,62,1
956,992,0
724,897,0
201,232,1
3,971,1
609,627,0
118,450,0
288,561,0
510,756,0
211,243,1
672,977,0
183,281,1
486,688,0
285,449,0
226,399,0
174,395,1
363,503,0
157,776,0
129,130,1
107,400,1
184,678,1
34,116,1
467,945,0
9,127,0
197,968,0
284,791,0
473,582,1
467,770,0
266,533,1
26,30,1
265,570,1
331,915,0
222,316,1
599,846,0
446,474,0
4,218,0
552,949,1
407,502,1
401,493,1
141,421,1
258,835,0
160,347,1
353,694,0
110,258,1
490,878,0
403,894,0
303,738,1
434,460,1
131,327,0
588,785,0
146,183,1
93,165,1
22,378,0
57,812,1
41,93,1
173,669,0
235,988,0
152,316,0
41,197,1
290,563,1
141,957,1
14,291,1
228,301,1
33,169,1
107,279,1
342,726,1
318,537,0
353,404,1
581,923,0
21,615,1
249,453,0
371,784,0
540,952,1
272,322,1
4,441,0
420,778,0
131,890,0
27,301,1
174,971,1
133,155,1
160,184,1
293,776,0
266,891,0
146,487,0
21,189,1
418,640,0
335,418,0
764,898,0
168,523,1
520,617,0
135,160,1
81,87,1
185,383,0
604,1001,0
242,963,1
503,1000,0
5,255,1
152,776,0
333,485,1
184,373,1
427,438,1
21,309,0
494,504,1
206,394,0
542,584,0
584,966,0
396,567,0
281,915,0
199,203,1
328,357,1
100,906,0
9,683,0
205,820,1
198,464,0
301,432,0
429,448,1
118,126,0
184,710,1
31,823,0
289,896,0
8,569,1
191,673,0
450,643,0
404,612,1
133,373,1
35,878,1
205,433,0
100,997,0
632,698,0
242,278,0
106,748,1
155,285,1
65,486,1
283,296,1
588,702,0
3,102,1
549,582,1
36,438,1
29,486,1
179,231,1
42,105,1
427,474,1
652,903,0
189,582,1
280,302,0
542,990,0
358,677,0
231,901,0
138,815,1
788,972,0
94,515,1
469,474,1
274,834,0
195,552,1
463,476,0
213,493,0
252,803,1
98,124,1
201,288,0
328,881,0
366,507,0
723,930,0
56,532,1
480,585,0
100,101,1
30,135,1
143,964,0
463,930,0
706,805,0
107,132,1
441,706,0
96,169,1
66,160,1
116,896,1
79,557,1
405,456,1
741,892,0
382,882,0
61,295,1
371,708,1
20,83,1
206,319,0
23,359,0
375,671,1
407,525,1
475,517,0
238,663,0
360,951,1
145,147,1
390,708,0
13,183,1
33,124,0
119,762,0
20,409,1
212,492,1
204,218,1
92,982,0
616,815,0
231,262,1
275,789,1
104,420,0
96,728,1
886,892,0
159,963,1
228,604,0
77,836,0
288,443,0
147,263,0
157,250,1
11,699,1
516,517,1
5,517,1
218,914,0
161,300,1
643,659,0
370,493,0
448,812,1
17,154,1
116,336,1
200,204,1
177,530,0
220,853,0
90,546,0
179,447,0
122,475,0
44,83,1
104,630,0
822,936,1
103,885,0
311,341,1
786,1002,0
245,546,1
6,516,1
159,420,0
52,876,0
184,473,1
23,34,1
271,900,0
120,851,0
65,568,1
121,931,0
57,286,1
149,427,0
142,783,1
447,799,1
825,956,0
183,419,1
143,650,0
167,351,1
358,549,0
278,903,0
44,499,1
421,504,1
88,186,0
167,403,0
166,366,1
114,363,1
105,155,1
292,865,0
743,763,0
796,815,0
362,421,1
26,28,1
333,736,1
163,411,1
359,697,0
34,361,1
235,360,1
191,212,1
417,510,0
158,853,0
16,46,1
222,519,1
822,911,0
549,934,1
358,1000,0
90,464,0
285,413,0
339,671,0
191,760,0
82,705,0
278,849,0
157,179,1
200,344,1
116,128,1
107,424,0
56,520,1
345,967,0
108,985,0
143,252,0
738,972,0
468,564,0
279,957,0
339,437,1
610,649,0
215,511,1
329,947,0
526,568,1
156,630,0
82,236,1
412,743,0
336,738,0
363,735,0
741,804,0
283,569,0
275,840,1
173,974,0
254,255,1
241,242,1
332,523,1
186,490,1
623,956,0
162,549,1
33,356,0
576,836,0
305,528,1
198,370,0
375,579,0
150,179,1
408,920,0
141,358,1
271,470,1
365,860,0
139,988,0
417,516,0
231,344,1
174,454,0
295,683,0
108,183,1
177,734,1
274,448,1
13,305,1
521,647,0
239,847,0
212,508,1
322,446,1
167,740,0
254,441,1
162,820,1
177,231,1
358,374,1
58,143,0
544,853,0
233,976,0
106,223,1
68,932,1
31,86,1
5,128,1
107,242,0
249,430,1
183,913,1
106,567,0
395,645,0
33,267,0
753,910,0
62,216,1
521,654,0
205,565,0
544,932,1
46,863,0
64,199,1
112,491,0
886,987,0
393,448,0
296,562,0
105,255,1
136,968,0
499,506,1
121,372,1
228,233,0
331,856,1
945,981,0
210,283,1
82,655,0
759,968,0
208,434,1
242,501,0
62,310,1
232,241,1
241,440,1
174,932,1
12,861,0
449,591,0
372,476,0
105,242,1
69,325,1
111,657,0
179,180,1
578,965,0
478,797,0
54,812,1
517,740,0
104,549,1
89,91,1
165,483,1
101,353,1
380,594,0
99,607,0
141,666,1
376,380,1
160,406,1
142,180,1
303,619,1
164,535,1
4,6,1
637,824,0
58,374,0
214,342,1
567,968,0
266,555,1
161,406,0
737,762,0
241,747,0
99,917,0
321,387,1
694,839,0
201,233,0
45,337,0
28,826,0
112,460,0
612,832,1
559,635,0
498,525,1
102,274,0
170,471,1
84,333,1
8,11,1
89,369,1
326,409,1
136,437,1
235,965,0
340,548,1
666,725,0
544,709,0
749,759,0
160,410,1
82,591,0
282,559,1
37,583,0
620,652,0
238,526,0
277,389,0
183,755,0
214,646,0
264,804,1
380,814,0
153,434,1
203,548,1
316,537,1
77,971,0
133,170,1
247,296,0
117,438,0
54,412,1
393,641,0
62,208,0
373,404,1
173,577,0
754,857,0
431,437,0
166,404,1
589,915,0
261,467,0
26,521,0
27,82,1
665,859,1
138,301,1
350,710,0
39,274,0
77,939,0
361,387,0
160,356,1
62,498,1
170,282,1
63,160,1
46,458,0
239,243,1
459,548,1
782,854,0
356,405,1
164,395,1
132,755,0
59,604,0
625,632,0
161,800,0
627,806,0
266,754,1
519,566,0
138,549,0
499,912,1
318,706,0
23,121,1
233,404,1
239,787,0
264,823,1
45,97,0
707,865,0
160,236,1
138,520,1
81,419,1
54,837,0
40,170,1
91,910,0
206,294,1
24,36,1
56,89,1
96,394,0
131,747,0
333,533,1
534,894,0
601,642,0
266,267,1
147,955,0
53,232,1
257,940,0
269,613,0
205,674,0
153,812,0
495,551,0
314,726,1
165,420,1
284,374,0
128,206,1
259,724,0
84,317,1
21,367,1
471,583,0
705,869,0
204,348,0
498,558,0
454,847,0
284,734,1
421,496,1
135,437,1
146,444,0
187,858,0
64,420,1
204,917,1
183,526,1
210,652,0
321,395,1
639,742,0
94,167,1
89,619,1
285,481,1
17,224,1
344,875,0
227,390,0
515,557,0
423,443,1
292,293,0
110,111,1
535,839,0
286,509,0
211,252,1
78,356,0
140,269,1
426,983,0
226,901,0
36,821,0
139,911,0
13,763,0
202,267,0
345,733,0
623,821,0
673,950,0
14,438,0
336,400,1
251,378,0
40,165,1
82,963,1
344,562,0
35,455,1
258,445,0
886,904,0
470,753,1
307,701,0
318,424,1
61,519,1
249,550,1
150,425,0
528,918,0
157,938,0
375,474,1
107,568,1
390,756,1
61,378,1
278,291,0
82,730,1
421,751,0
28,375,1
334,890,0
41,443,1
46,479,0
151,493,0
62,133,1
508,546,1
776,998,0
305,846,0
572,939,1
487,754,0
4,802,0
610,656,0
227,942,0
210,932,1
309,852,0
390,600,0
189,600,0
374,585,0
28,333,1
377,384,1
45,828,1
900,943,0
105,269,1
267,926,0
514,727,0
76,655,0
271,539,0
4,56,1
301,381,0
49,578,0
588,807,0
596,597,1
133,445,1
438,590,1
80,538,0
39,494,1
103,719,0
86,130,0
256,366,1
393,932,1
70,152,1
529,542,0
263,301,1
493,948,0
220,865,0
112,924,0
854,984,0
128,169,1
66,652,0
127,1001,0
717,766,0
295,471,1
566,876,0
57,211,1
263,309,0
115,355,1
291,328,0
133,291,1
153,979,0
167,1001,0
110,180,0
377,548,1
193,514,0
142,642,0
26,837,0
179,818,0
166,212,1
203,785,0
167,572,1
113,361,1
352,546,1
490,898,0
561,965,0
40,828,0
5,96,1
181,250,1
242,959,0
192,516,1
209,301,1
6,699,0
321,959,0
286,304,0
131,743,0
254,530,0
452,487,1
72,330,0
440,463,0
391,486,0
212,269,1
538,615,0
231,284,1
164,329,0
429,592,1
222,225,1
94,199,1
405,856,1
133,134,1
647,895,0
290,570,0
265,529,1
123,302,1
15,579,1
309,316,1
467,570,0
385,581,0
407,566,1
86,377,1
329,638,1
473,685,0
195,286,1
157,880,1
160,492,1
257,261,0
19,61,1
156,697,1
283,758,1
272,447,1
107,735,0
292,650,0
371,405,1
263,598,0
198,203,1
288,431,1
190,436,0
776,820,1
776,936,1
733,936,0
62,117,1
33,35,1
192,757,0
92,498,1
300,367,1
269,933,1
356,568,0
100,122,0
151,409,1
805,971,1
127,203,0
84,86,1
381,816,0
317,590,0
137,434,1
105,405,1
169,210,1
232,918,1
13,65,1
333,463,0
284,492,0
212,932,1
66,812,0
90,407,0
539,797,0
417,434,1
64,173,1
358,805,1
203,534,0
388,549,0
51,64,1
412,911,0
159,160,1
215,740,0
293,504,1
15,193,0
312,751,0
468,558,0
128,377,1
237,319,1
523,797,0
163,615,1
35,409,1
61,537,1
759,865,0
683,724,0
96,407,0
276,471,0
773,990,0
364,532,0
117,794,0
142,271,1
198,776,1
271,276,0
508,513,0
336,837,0
562,576,0
167,983,0
511,568,0
51,543,0
11,404,0
166,296,1
180,351,1
79,417,1
422,830,0
184,480,1
168,585,1
148,468,1
107,748,1
166,776,0
788,802,0
20,82,1
207,908,1
135,172,0
82,116,1
361,547,1
5,333,1
44,366,1
771,947,0
70,956,0
603,865,0
3,365,0
168,556,0
241,807,0
105,420,1
86,290,1
66,258,1
105,283,1
98,626,0
172,866,0
550,667,1
114,308,0
52,397,1
194,859,1
2,269,0
251,900,1
98,185,1
181,378,1
419,549,0
143,657,0
566,733,0
706,842,0
968,989,0
304,349,0
312,377,1
313,582,0
688,840,0
87,212,1
21,62,1
437,809,0
843,869,0
34,588,1
34,936,0
503,796,0
143,168,0
812,869,0
86,128,1
27,336,1
723,837,0
215,756,1
161,530,1
206,233,0
284,681,1
272,805,0
127,868,0
520,991,1
12,86,1
607,613,0
165,166,1
791,792,0
124,618,1
14,366,0
556,791,0
47,437,1
284,886,0
87,131,1
170,465,0
464,493,1
860,920,0
306,329,1
134,210,0
390,595,0
66,480,1
145,605,0
90,789,0
1,215,1
542,730,0
249,363,1
65,451,0
41,363,0
65,285,1
72,146,0
465,707,1
89,482,1
6,434,0
121,378,0
60,362,0
156,895,0
115,526,0
35,538,0
390,984,0
160,454,1
472,920,0
7,688,0
628,966,0
127,169,1
383,587,0
519,812,0
129,434,1
68,686,0
54,411,1
314,405,1
91,477,1
408,543,0
266,575,0
63,183,1
366,367,1
289,520,0
47,655,0
678,887,0
280,434,1
473,474,1
90,241,0
403,689,0
15,127,0
283,290,1
49,60,0
420,526,1
253,280,0
637,988,0
94,745,0
687,689,0
57,281,1
300,495,1
77,529,0
35,339,1
447,690,1
21,820,1
132,301,1
548,763,0
342,793,0
177,430,0
421,930,0
2,829,0
233,333,1
88,809,1
41,215,1
174,685,1
192,504,0
132,242,1
539,988,0
486,770,0
464,1003,0
99,204,0
205,955,1
314,507,1
615,697,0
60,283,1
362,488,1
155,520,1
11,362,1
21,249,1
647,685,1
296,827,0
86,736,1
386,469,0
593,822,1
46,541,0
103,104,1
81,211,1
124,262,0
160,268,1
167,280,1
108,295,0
558,982,0
16,308,1
12,62,1
228,680,0
172,523,1
355,856,1
21,468,0
484,611,0
115,256,1
63,184,1
358,789,0
296,321,1
314,750,0
274,334,1
169,545,0
367,375,1
229,998,0
452,972,0
51,277,0
191,528,1
196,832,0
160,541,1
117,525,0
505,591,0
459,965,0
240,916,0
392,644,0
651,854,0
160,351,1
209,242,1
89,842,0
261,531,0
64,168,1
699,927,0
714,942,0
199,563,0
402,443,0
291,913,0
184,877,1
447,933,1
162,512,1
64,396,0
694,706,1
51,253,0
56,949,1
241,252,1
121,432,1
46,81,1
599,696,0
21,741,0
150,377,1
890,982,0
15,273,1
135,249,0
118,597,1
417,485,1
365,451,1
38,409,1
237,252,1
118,170,0
544,568,1
308,405,1
128,283,1
418,851,0
5,120,1
122,397,1
74,202,0
326,793,0
103,475,0
46,668,0
750,980,0
374,793,0
305,990,1
74,230,1
187,678,0
571,665,0
776,797,0
777,890,0
644,787,0
179,230,0
328,494,1
267,550,0
25,429,0
212,405,1
66,121,1
326,986,0
935,936,1
75,844,0
360,695,0
94,560,0
58,366,1
248,341,1
83,273,1
269,423,0
254,651,1
959,1004,0
437,666,0
187,288,0
252,861,0
401,424,1
198,669,0
668,831,0
398,454,0
3,571,1
361,470,0
343,743,0
318,981,1
363,843,0
293,851,0
165,196,0
19,683,0
462,908,0
21,333,1
491,640,0
292,567,0
82,526,1
321,708,0
408,517,1
79,420,1
304,743,0
405,748,1
44,254,1
223,317,1
83,525,0
18,167,1
890,920,0
533,679,1
39,316,0
596,723,0
65,366,1
208,519,0
138,202,0
211,539,0
113,339,1
86,536,1
620,998,0
822,914,0
46,473,1
210,303,1
416,636,0
106,459,1
857,973,0
290,494,1
267,311,0
194,412,1
31,36,1
314,538,0
57,632,0
358,638,0
38,417,1
282,665,1
591,933,0
119,963,0
302,754,0
121,357,1
208,930,1
72,227,0
155,593,1
86,163,1
382,654,0
41,445,0
28,340,1
13,520,1
572,705,0
641,855,0
179,259,0
159,499,0
105,184,1
741,927,0
194,621,0
299,710,1
169,495,1
252,273,1
353,661,0
93,121,1
283,318,1
209,283,1
189,639,0
52,123,0
276,884,0
297,512,0
336,820,1
371,434,1
443,919,1
537,710,0
393,397,1
79,166,1
58,208,1
142,217,1
49,564,0
115,282,1
30,229,1
241,548,0
63,738,1
796,916,0
782,865,0
32,40,1
58,586,1
315,797,0
291,434,0
311,856,0
87,140,0
120,893,0
363,758,0
4,102,1
834,926,0
767,815,0
77,996,0
852,945,0
89,303,1
505,812,0
560,596,0
466,973,0
211,338,1
145,183,1
389,870,0
18,366,1
253,603,0
155,238,0
688,751,0
265,420,0
114,443,1
344,969,0
34,795,0
797,1003,0
582,645,0
605,851,1
549,881,0
131,209,1
58,498,1
278,365,1
375,884,0
875,954,0
115,548,1
5,132,1
206,546,1
45,404,1
39,1003,0
424,738,1
152,153,1
714,915,0
249,256,1
107,803,0
253,419,1
223,686,0
46,283,1
497,548,1
497,866,0
183,827,0
107,163,1
172,275,1
53,464,0
180,343,1
251,455,1
290,426,1
620,736,0
308,430,1
43,987,0
145,615,1
219,314,1
42,114,0
166,207,0
86,213,0
83,292,1
155,420,1
348,814,0
702,720,0
74,226,1
810,928,0
63,210,1
649,978,0
40,251,1
588,774,0
203,776,1
305,814,0
71,222,0
102,192,1
256,308,1
143,919,0
271,738,1
3,579,0
831,882,0
16,356,1
34,991,0
96,628,0
360,971,1
28,486,1
30,420,1
209,838,0
897,983,0
68,106,1
355,896,1
108,547,0
345,704,0
77,142,1
95,232,1
833,856,1
60,390,1
181,288,0
46,106,1
129,515,1
381,515,1
82,183,1
738,920,0
165,640,0
736,959,0
87,180,1
19,247,1
149,572,0
555,781,0
259,519,1
320,326,0
506,596,0
337,367,1
168,199,0
752,812,0
458,618,0
15,585,0
13,318,1
154,776,0
98,788,0
438,655,1
76,802,0
303,320,0
55,665,1
409,800,1
18,103,1
50,576,0
123,978,0
5,859,1
122,347,1
390,607,0
785,990,0
366,531,1
105,163,1
493,961,0
43,211,0
438,987,1
73,392,0
9,411,0
95,593,1
84,812,0
109,570,0
26,37,1
761,837,0
272,854,0
471,671,1
121,820,1
180,257,1
209,888,0
11,640,0
533,906,1
329,719,0
53,389,1
323,354,1
362,498,1
41,816,0
469,674,0
334,873,0
295,395,1
162,747,1
130,991,0
680,892,0
597,619,0
314,340,1
464,563,1
222,956,0
345,449,0
135,220,0
452,914,0
194,865,1
125,455,0
101,148,0
22,193,0
424,478,1
94,204,1
748,760,0
557,916,0
138,409,1
44,155,1
83,236,1
125,259,0
303,639,0
212,786,0
334,372,0
625,981,0
342,364,0
190,212,0
157,284,1
31,367,1
717,726,0
225,532,0
53,557,0
210,212,1
852,909,0
621,662,0
50,248,0
303,356,1
592,657,0
448,458,0
130,167,1
289,327,0
346,781,0
464,952,0
45,211,1
820,955,1
333,924,0
554,999,0
118,890,0
343,593,0
491,518,0
115,550,0
11,247,1
40,873,0
298,494,0
51,172,1
1,219,0
69,508,1
420,453,1
48,643,1
133,410,0
74,764,1
84,111,1
33,38,1
180,342,1
211,931,0
89,301,1
74,311,1
368,999,0
105,347,1
665,959,0
4,481,1
470,937,0
8,856,1
181,322,0
211,677,0
445,626,0
418,443,0
302,320,0
263,831,0
311,608,0
108,972,0
129,340,1
378,385,1
713,984,0
190,456,0
51,931,0
25,93,1
169,308,1
430,508,0
210,295,1
63,319,0
729,958,0
191,725,0
504,967,1
358,478,0
649,811,0
44,358,1
617,663,0
11,73,0
14,434,1
95,280,1
193,538,0
41,751,1
356,797,0
59,422,0
95,918,1
283,678,0
280,291,1
751,930,0
189,955,0
92,381,0
110,247,0
367,420,1
83,366,1
183,884,0
176,790,0
301,421,0
773,994,0
105,351,1
87,856,1
16,281,1
262,986,0
274,428,1
41,113,1
108,301,1
125,316,0
142,254,1
300,739,1
91,328,1
62,201,1
426,457,1
320,368,1
559,853,0
274,405,1
80,114,1
441,533,1
306,538,1
170,838,0
311,748,0
708,768,1
172,450,1
182,883,0
369,593,0
520,680,0
107,282,1
303,970,0
410,733,0
301,596,1
282,773,0
212,641,1
167,382,0
157,296,1
84,411,1
96,706,0
4,937,0
32,123,0
158,963,1
130,284,1
116,152,1
300,954,0
349,425,0
556,617,0
114,609,1
298,536,1
81,129,1
81,166,1
267,363,0
208,320,0
663,911,0
488,498,1
28,617,0
559,898,0
53,157,1
329,478,1
248,309,1
28,256,1
48,165,1
236,303,1
105,509,1
82,170,1
274,592,1
387,557,0
190,418,1
199,290,0
411,434,1
304,424,1
282,690,1
41,187,0
359,911,0
266,525,1
58,233,1
574,607,0
459,615,1
465,887,0
137,365,1
109,240,0
82,774,0
318,337,0
123,654,0
173,221,0
58,494,1
37,445,0
11,194,0
51,486,1
33,639,0
666,804,0
637,761,0
34,789,0
382,779,0
116,370,1
423,554,0
104,636,0
224,311,0
384,690,0
79,761,0
387,392,1
388,634,0
160,730,1
152,561,0
361,980,0
137,880,1
159,349,0
145,474,1
400,589,1
8,549,0
221,759,0
29,35,1
224,771,0
275,413,1
13,146,1
476,525,0
188,679,1
318,792,0
127,757,0
749,820,1
681,726,0
115,121,1
300,638,1
98,171,0
21,690,1
211,450,1
267,359,1
315,605,0
374,478,0
170,360,1
472,690,0
114,686,1
121,296,1
142,963,1
294,334,0
187,663,1
414,697,1
45,795,0
7,430,1
113,725,1
177,331,1
233,828,1
540,840,0
84,121,1
697,882,0
290,515,1
101,321,0
167,290,1
147,316,1
61,112,0
238,601,1
446,1004,0
22,127,1
212,411,1
168,263,1
3,927,0
195,409,0
371,517,0
165,430,0
5,998,0
243,552,0
21,879,0
107,183,1
114,210,1
62,474,1
369,859,0
147,233,1
57,304,1
243,860,0
528,837,0
368,545,0
169,249,1
62,114,1
641,890,0
878,943,0
505,741,0
27,97,0
7,11,1
191,465,0
280,863,0
106,268,1
22,338,0
342,393,1
486,664,1
51,445,1
309,503,0
774,875,0
617,814,0
232,493,1
347,696,0
256,820,1
400,560,1
400,770,0
157,376,1
334,479,0
142,249,1
365,440,1
583,783,0
189,550,1
697,834,0
124,706,1
242,951,0
177,822,0
152,729,0
322,863,0
372,694,0
299,551,1
414,443,1
336,339,1
494,539,1
727,867,0
448,494,1
151,854,0
30,376,0
258,975,0
252,571,1
146,979,0
182,397,1
105,326,1
196,804,0
399,541,0
424,820,1
353,486,1
165,488,0
242,573,0
16,667,0
492,929,0
121,594,1
290,434,1
78,82,1
45,107,1
310,597,0
5,218,1
706,771,0
560,820,0
137,285,1
160,484,1
62,419,1
92,422,0
23,802,0
280,296,1
23,96,1
129,283,1
188,311,1
251,778,0
87,172,1
300,449,0
58,812,1
143,585,0
373,714,1
37,699,0
152,467,1
505,997,0
481,586,1
136,453,0
362,441,1
132,211,1
162,427,1
625,757,0
345,977,0
23,40,1
109,925,0
180,381,1
218,988,0
304,821,0
140,334,1
743,1000,0
1,414,0
46,300,1
85,274,0
237,294,0
238,298,0
219,993,0
167,450,1
733,928,0
232,457,1
83,910,0
702,862,0
17,87,1
91,207,0
290,568,1
19,125,0
110,865,0
210,387,0
5,232,1
498,538,1
314,725,0
109,839,0
98,990,0
13,242,1
366,908,0
36,37,1
103,296,1
841,899,0
788,800,0
144,444,0
408,420,1
116,461,0
794,1002,0
352,559,0
640,851,0
51,85,1
109,415,0
125,354,1
546,828,1
135,415,0
162,217,1
261,835,0
134,585,0
270,682,0
195,809,1
319,564,0
91,235,0
899,942,0
166,177,1
589,983,0
105,371,1
163,338,0
12,573,1
23,160,1
441,803,0
237,519,0
459,486,0
17,41,1
194,1001,1
179,340,1
342,351,1
173,533,1
166,393,1
35,533,1
263,423,1
431,639,0
263,715,0
42,129,1
445,487,0
34,104,0
266,780,0
69,353,1
84,544,1
41,474,1
238,421,0
663,769,0
261,402,0
0,519,0
6,528,1
668,936,0
60,172,1
373,411,1
14,18,1
281,556,0
28,44,1
281,685,1
229,494,1
313,616,0
174,379,1
479,725,0
95,201,1
403,553,0
135,338,1
24,25,1
533,820,1
482,894,0
83,809,0
94,796,0
81,405,1
62,976,0
119,753,1
446,735,0
741,921,0
176,425,0
227,394,0
423,527,1
160,251,1
84,373,1
149,573,0
121,490,1
555,771,0
416,674,0
415,948,0
25,462,0
495,858,0
115,142,1
260,371,0
411,859,1
942,1001,0
522,920,0
242,926,1
250,260,0
134,306,0
743,893,0
85,192,0
360,760,0
336,806,0
212,333,1
94,908,1
480,763,0
441,717,0
283,295,1
45,533,1
195,533,1
293,903,0
83,618,0
554,777,1
457,532,0
383,973,0
3,281,1
210,957,0
157,347,1
122,617,0
71,73,0
70,877,0
704,904,0
210,269,1
339,1003,0
352,377,1
142,424,1
482,531,1
496,955,0
401,773,0
155,679,0
204,206,1
164,929,1
434,533,1
156,269,0
23,38,1
333,423,1
569,707,1
753,812,0
641,945,0
612,828,1
194,832,1
468,495,1
379,390,1
153,166,1
701,822,0
155,397,0
750,840,0
185,224,0
133,621,0
616,966,0
166,882,1
393,719,1
252,434,1
638,663,0
381,783,0
49,612,1
78,542,0
671,690,1
472,591,0
31,229,1
398,826,0
426,621,1
107,769,1
42,184,1
211,552,1
170,753,1
91,329,1
252,313,0
64,269,1
212,474,1
294,396,0
142,487,0
269,671,0
165,269,0
338,929,0
392,588,1
141,699,1
554,727,0
579,645,0
214,485,0
42,74,1
466,499,1
87,129,1
503,638,0
235,963,1
363,384,1
59,520,1
307,655,0
473,490,1
331,864,0
3,241,0
164,967,0
317,542,0
408,965,0
300,455,0
264,617,0
821,855,0
113,443,1
411,450,0
549,661,1
551,919,0
598,998,0
145,689,0
375,794,0
186,781,0
24,241,0
518,559,1
219,280,1
78,419,1
170,473,1
172,468,1
505,780,0
86,210,1
87,996,0
526,959,0
441,912,0
701,908,0
414,771,0
280,820,1
100,434,1
256,473,1
26,1000,0
44,246,1
235,420,1
141,360,1
160,287,1
243,345,0
193,803,1
112,371,0
839,895,0
21,125,0
222,268,1
712,807,0
535,818,0
627,840,0
397,546,1
28,473,1
161,416,0
489,573,0
256,282,1
5,284,1
245,644,0
160,592,1
106,145,1
434,490,1
627,707,1
685,815,1
99,527,0
856,949,0
53,547,0
144,405,0
41,256,1
195,479,0
168,581,0
154,688,0
80,473,1
8,525,1
183,211,1
58,305,1
103,342,1
227,949,0
37,370,1
194,211,1
0,441,0
86,434,0
179,191,1
256,705,1
324,429,0
379,865,0
126,634,0
505,659,0
335,428,1
149,655,1
15,424,1
269,282,1
280,498,0
204,283,1
122,384,0
351,371,1
720,972,0
25,473,1
4,131,1
232,498,1
14,922,1
637,855,0
512,948,0
433,601,0
47,730,0
725,953,0
465,521,0
118,183,1
16,249,1
296,429,0
701,885,0
0,554,0
265,943,0
583,615,0
17,215,1
82,271,0
285,305,1
191,283,1
569,679,0
975,993,0
517,570,0
454,841,0
74,323,0
283,499,0
128,218,1
131,814,0
320,381,1
398,847,0
147,301,1
337,480,0
375,821,0
6,441,0
313,332,0
104,288,1
301,312,1
290,301,1
508,594,0
350,910,0
111,739,0
162,190,1
374,505,1
129,399,1
458,655,1
137,520,1
121,453,1
107,256,1
100,768,1
282,856,1
217,692,0
213,825,0
546,803,1
365,421,1
528,550,0
100,301,1
107,427,1
266,565,1
183,401,1
180,820,1
269,859,1
292,611,1
44,856,1
220,812,0
377,452,0
169,548,1
59,586,1
223,756,1
283,351,1
355,424,1
103,1002,0
263,687,0
58,158,1
183,932,0
65,645,0
189,869,0
62,424,1
83,128,1
712,834,0
184,189,1
574,724,0
285,840,1
659,881,0
248,968,0
178,483,1
259,353,0
199,278,1
65,753,0
116,655,1
281,412,1
152,494,1
50,333,0
74,696,1
209,365,1
438,567,0
63,552,1
55,738,1
251,971,1
522,822,0
81,145,1
282,942,0
291,656,0
559,873,0
282,333,1
76,275,0
79,204,0
18,433,0
240,708,0
45,193,0
254,269,1
251,437,1
341,873,0
521,852,0
51,884,0
96,121,1
37,796,0
613,636,0
540,549,1
104,323,0
159,742,0
435,440,1
367,470,1
153,252,1
178,380,1
212,271,0
881,951,0
445,797,0
483,556,1
62,233,1
621,984,0
649,770,0
340,342,1
515,671,0
81,280,1
29,30,1
222,560,1
57,868,0
152,288,1
51,206,1
408,473,1
376,390,1
106,228,0
15,429,1
14,569,0
617,752,0
252,338,1
646,718,0
59,530,0
72,381,0
556,970,0
411,481,1
234,963,1
129,302,0
74,231,1
180,950,1
87,473,1
36,390,0
459,668,0
483,917,1
9,823,1
4,230,0
283,387,1
708,924,0
229,619,0
4,92,0
121,552,1
9,126,0
263,531,1
273,376,0
160,380,1
95,600,0
121,544,1
362,560,1
316,419,0
97,185,1
318,527,1
333,411,1
523,836,1
61,140,0
425,874,1
156,191,1
257,401,1
553,554,1
221,314,1
31,84,1
285,379,1
169,409,1
13,90,1
63,365,1
142,820,1
549,959,0
143,413,1
155,498,0
389,736,0
41,679,0
170,310,1
438,860,1
413,859,0
169,256,1
29,430,0
54,96,1
490,920,0
378,848,0
139,335,1
44,555,1
13,349,1
275,325,0
425,996,0
427,483,0
779,910,0
532,651,0
215,297,1
128,900,1
224,948,0
7,226,0
334,446,1
135,696,0
155,739,1
60,984,0
165,409,1
195,252,1
267,489,0
92,238,1
251,968,0
296,473,1
0,357,0
699,704,0
88,537,0
930,958,0
58,138,1
16,489,1
205,227,0
105,183,1
172,655,1
379,631,0
220,997,0
672,983,0
322,997,0
11,293,1
52,900,0
105,367,1
399,998,0
825,923,1
549,581,0
179,250,0
327,811,0
115,145,1
506,661,1
86,533,1
51,362,1
369,934,0
270,405,0
66,112,1
249,541,1
78,845,0
333,661,0
749,876,0
447,978,0
614,617,0
54,55,1
649,825,0
429,594,0
296,420,1
257,274,0
191,907,1
121,389,0
329,468,0
268,316,1
338,639,0
555,626,0
37,511,0
64,164,1
129,133,1
75,165,1
942,952,0
31,82,1
3,832,1
244,422,1
447,462,0
211,586,1
459,560,1
763,888,0
856,932,1
15,820,1
242,957,0
95,204,1
379,532,0
729,825,0
14,380,1
254,427,1
858,992,0
122,336,0
617,896,0
239,976,0
266,859,0
654,938,0
181,380,1
236,572,0
10,181,0
266,520,0
970,973,0
487,923,0
819,974,0
106,932,1
352,912,0
794,867,0
108,243,0
115,812,1
363,518,1
215,459,1
651,950,1
359,795,0
228,262,0
380,562,1
502,676,0
289,840,0
80,375,1
107,730,1
356,564,1
53,61,1
420,610,1
144,278,0
96,400,1
421,466,1
93,307,0
635,645,0
71,707,0
132,667,0
62,147,1
436,807,0
283,288,1
93,545,1
82,489,1
160,963,1
178,342,1
147,894,0
142,210,1
107,687,1
58,174,1
127,403,0
162,824,0
83,465,1
343,368,0
168,615,1
75,141,0
187,459,1
190,597,0
190,368,0
3,63,1
735,908,0
309,495,1
720,765,1
421,440,0
197,593,1
55,166,1
138,380,0
113,455,1
520,626,0
87,438,1
96,263,1
707,720,1
339,370,1
226,370,1
5,529,0
423,442,1
487,762,0
291,522,0
32,248,0
430,533,1
596,665,0
226,990,0
20,63,0
377,501,0
165,494,1
434,467,1
46,269,1
470,816,1
80,431,1
196,908,1
423,564,0
356,627,0
328,460,1
591,865,0
354,567,0
583,913,0
351,419,1
224,492,0
419,789,1
144,403,0
461,629,0
7,498,1
802,997,0
665,887,0
36,47,0
147,173,1
222,545,0
403,998,0
524,898,0
508,945,0
64,564,0
12,166,1
79,954,0
283,956,0
639,795,0
78,320,0
736,873,0
160,430,1
355,654,1
36,113,1
68,80,1
333,484,0
160,237,1
19,569,1
123,820,1
299,327,0
55,283,0
537,970,0
111,353,0
482,655,1
86,132,1
84,112,1
912,963,0
199,205,1
50,654,1
802,971,0
131,932,1
368,912,0
410,696,0
801,962,0
642,760,0
16,856,0
121,217,1
833,964,0
278,611,1
134,315,0
173,462,1
264,302,0
688,993,0
82,295,1
169,914,1
194,799,0
160,621,1
279,588,0
189,551,1
86,93,1
290,985,0
378,397,1
97,853,0
0,180,0
253,892,0
458,903,0
598,1004,0
311,366,1
324,558,1
86,113,1
758,978,0
216,424,0
209,420,1
295,632,0
17,311,1
268,420,0
264,946,0
81,183,1
321,445,0
252,859,1
441,726,0
64,859,1
491,576,0
476,760,0
238,883,0
24,114,1
497,704,0
82,395,1
119,208,0
614,994,0
41,282,1
616,856,0
166,926,0
276,748,0
132,366,1
82,740,1
160,286,1
57,460,1
339,547,1
172,464,1
82,225,1
486,611,1
45,921,0
378,475,0
270,278,1
62,462,0
63,629,0
614,838,0
419,531,1
70,431,1
424,759,0
348,977,0
533,562,1
126,298,0
211,532,1
121,665,1
339,883,1
152,820,0
189,519,1
54,58,1
233,243,1
222,312,1
26,113,1
395,424,1
328,514,1
131,604,1
304,1003,0
199,206,1
122,130,1
12,213,1
6,64,1
28,339,1
146,876,0
946,986,0
62,107,1
481,765,0
264,563,0
184,906,0
816,1004,0
545,785,1
231,916,0
95,122,1
459,496,1
30,540,0
381,548,1
609,865,0
57,583,0
93,458,1
22,173,1
18,403,0
81,252,1
818,822,0
39,247,0
363,560,1
305,409,1
464,556,1
115,249,1
307,971,1
371,511,0
83,105,1
61,377,1
273,525,0
30,169,1
185,371,1
377,523,0
334,992,0
793,799,0
148,727,0
429,655,0
107,401,1
56,698,1
483,880,0
67,154,0
137,713,0
361,560,1
62,683,0
287,377,0
442,799,0
83,856,1
282,288,1
62,450,1
17,518,1
148,976,0
334,592,1
458,515,1
263,300,1
233,474,1
793,815,0
246,247,1
152,612,1
203,296,1
154,375,1
380,656,1
515,523,0
230,354,0
345,595,0
452,525,0
20,183,1
626,671,0
349,651,0
48,925,1
179,181,1
92,252,0
832,833,0
114,326,1
113,368,0
115,251,1
93,820,1
366,747,1
474,514,1
252,740,1
42,434,1
85,273,0
177,718,0
885,887,1
180,212,1
706,733,0
35,209,0
143,328,1
246,530,1
85,912,0
18,299,0
417,681,0
131,278,0
241,770,0
17,218,1
377,741,1
11,266,1
305,612,0
204,776,1
78,114,1
98,618,1
482,820,1
417,971,1
107,747,1
895,984,0
533,969,0
282,355,1
18,314,1
344,567,0
157,692,0
358,502,1
121,199,1
181,386,1
114,867,0
109,399,0
428,461,1
166,504,0
333,417,1
301,423,1
575,851,1
190,311,1
31,935,0
41,173,1
227,537,1
34,434,1
196,231,1
249,730,0
518,775,0
229,513,1
17,255,1
34,122,0
546,975,0
812,965,0
816,987,1
113,538,0
635,842,0
345,955,0
879,969,0
647,923,0
377,398,1
102,638,0
258,329,1
31,32,1
436,702,0
121,212,1
44,128,1
743,802,0
80,92,1
47,79,1
87,252,1
213,657,0
668,771,0
235,630,0
82,121,1
754,950,1
189,365,0
356,478,1
103,390,1
387,523,1
180,851,1
88,259,0
128,183,1
662,849,0
119,333,1
282,577,1
162,499,0
382,532,0
23,480,1
46,371,1
917,918,1
634,692,0
51,972,0
380,539,1
23,307,0
452,592,0
934,939,0
82,128,1
41,280,1
83,926,0
239,490,0
82,158,1
18,408,0
308,489,0
249,678,0
534,831,0
549,818,1
21,74,1
180,284,1
365,602,1
468,576,0
188,280,0
103,379,1
180,254,1
98,107,1
303,853,0
150,215,1
211,340,1
19,1001,0
220,958,0
726,783,0
12,707,1
62,365,1
40,847,1
93,748,0
160,504,1
333,747,0
20,400,1
160,188,1
166,453,1
13,506,1
199,783,0
141,452,1
422,819,1
222,311,1
698,934,0
42,422,1
33,282,1
416,706,0
103,150,1
213,264,1
157,191,1
98,381,0
22,479,0
212,408,1
82,415,0
143,375,1
160,482,1
166,753,0
533,856,1
86,820,1
23,153,1
211,842,1
65,232,1
238,239,1
28,115,1
179,378,1
90,681,0
393,910,0
856,922,1
694,827,0
288,434,1
523,782,0
115,494,1
243,284,0
29,997,0
148,828,0
836,996,0
171,172,1
40,668,0
342,346,1
170,492,0
7,882,0
88,89,1
526,782,1
341,851,0
3,530,0
559,784,0
83,579,1
189,537,1
217,431,1
685,813,0
1,375,0
500,506,1
28,80,1
437,455,1
63,303,1
58,82,1
63,174,1
62,554,1
14,537,1
110,864,0
90,409,1
80,950,1
644,796,0
358,569,1
5,351,1
58,87,1
108,816,0
165,844,1
132,949,1
64,102,1
819,924,0
374,810,0
5,164,0
106,771,1
26,588,1
828,918,0
85,334,0
404,474,1
182,937,0
98,629,0
219,369,0
60,215,1
74,341,1
821,941,0
26,545,1
44,360,1
43,567,0
125,708,1
446,916,0
244,887,0
596,975,0
425,577,0
780,926,0
217,492,0
262,376,1
160,663,1
347,701,0
74,460,1
64,417,1
403,872,0
685,782,0
367,797,0
387,686,0
419,900,0
564,748,1
58,920,0
10,282,1
236,533,1
780,933,0
365,884,0
87,448,1
419,495,1
784,973,0
313,945,0
253,339,0
59,174,1
444,455,1
76,443,1
295,377,1
268,827,0
251,952,0
336,745,0
827,972,0
554,669,0
214,787,0
99,471,0
426,458,1
361,533,1
300,662,1
84,272,1
25,727,0
672,958,0
375,422,0
197,409,1
195,327,0
36,934,0
194,305,1
187,222,1
290,791,0
4,158,1
80,96,1
128,557,1
172,212,1
523,784,0
21,513,1
191,444,0
300,378,0
31,585,0
81,782,0
247,699,0
65,425,1
453,491,1
180,603,0
80,189,1
97,640,1
120,404,0
271,281,1
312,371,0
115,439,1
365,820,1
64,184,1
87,325,1
321,560,1
215,340,1
67,160,1
62,342,1
129,457,1
82,468,1
86,129,1
618,862,0
338,365,1
337,790,0
310,366,1
637,970,0
67,597,0
55,916,0
280,575,1
560,856,1
78,299,0
211,455,1
652,794,0
80,82,1
272,612,1
61,381,1
928,942,0
395,533,0
87,513,1
528,886,0
754,936,0
155,208,1
646,999,0
182,387,1
131,277,0
357,690,0
107,690,1
400,411,1
128,254,1
208,552,1
26,27,1
524,911,0
43,413,0
182,406,0
82,464,1
907,959,0
28,183,1
254,755,0
327,820,1
450,611,1
42,106,1
279,859,0
211,582,1
107,779,0
129,362,1
116,914,1
368,397,1
329,459,1
430,672,1
137,272,1
432,961,0
238,379,0
407,802,0
95,998,0
526,543,1
176,238,1
491,700,0
352,864,0
321,873,0
264,356,0
114,424,1
211,506,1
77,78,1
316,982,0
72,991,0
118,486,0
104,368,1
225,345,0
263,358,0
42,842,0
4,183,1
201,610,0
345,630,0
371,921,0
380,390,1
51,82,1
473,509,1
139,448,1
615,969,0
215,347,1
391,405,0
473,537,1
132,712,0
176,483,0
715,977,0
121,130,1
58,424,1
130,408,1
932,952,0
8,107,1
71,719,0
201,205,1
629,996,0
104,392,1
123,338,1
582,638,0
99,125,1
451,866,0
109,153,0
121,153,1
210,810,1
212,919,0
90,534,0
97,99,1
466,488,1
5,303,1
232,386,0
196,900,0
543,831,0
115,184,1
106,300,1
14,473,1
850,906,0
925,976,1
160,191,1
147,899,0
6,56,1
358,700,1
33,878,1
165,169,1
305,683,1
405,498,1
28,212,1
263,438,1
73,221,1
61,265,1
625,739,0
620,631,0
202,816,0
709,990,0
65,275,1
640,980,0
169,638,1
549,663,1
399,929,0
293,754,1
165,434,1
623,761,0
799,969,0
371,756,0
108,236,0
219,664,0
434,935,0
85,450,0
142,212,1
70,217,1
275,434,1
287,536,1
423,547,1
20,467,1
84,134,1
234,769,0
45,104,0
194,195,1
426,428,0
466,754,1
46,312,0
207,232,0
126,286,1
139,164,1
584,912,0
107,253,1
339,427,1
18,695,0
130,863,0
792,822,0
192,715,0
266,720,1
659,980,0
83,654,1
53,85,1
73,215,1
23,590,1
86,151,1
612,791,1
423,444,1
35,151,1
296,387,1
87,552,1
706,994,0
393,755,0
301,311,1
654,783,1
81,169,1
160,520,1
118,824,0
304,354,0
216,864,0
669,783,1
860,874,0
526,623,0
92,806,0
565,718,0
371,424,1
645,697,1
155,188,1
74,950,1
35,353,0
346,550,0
527,995,0
144,359,0
292,822,1
61,179,1
231,797,1
699,922,1
852,931,0
13,423,1
85,482,0
255,421,1
172,458,1
63,916,0
233,587,0
528,909,0
316,785,0
128,199,1
171,720,0
448,851,0
165,816,1
181,852,0
474,866,0
130,280,1
892,995,0
813,832,0
908,922,1
768,864,0
132,271,1
666,857,0
406,738,0
40,417,1
489,757,0
455,992,0
103,393,1
146,166,1
802,804,0
368,870,0
323,943,0
6,466,1
164,962,0
488,579,0
356,490,1
161,506,0
189,593,0
131,181,0
333,911,0
554,607,0
130,377,1
338,860,1
135,860,1
87,304,1
605,741,0
181,247,0
845,971,0
53,178,1
654,860,0
13,147,1
673,816,0
435,647,1
498,765,1
150,301,1
125,692,0
492,893,0
831,911,0
888,966,0
170,491,1
29,560,1
34,165,1
163,177,0
444,698,0
12,681,1
413,776,0
28,820,1
169,900,1
199,668,0
236,319,1
419,932,1
140,941,0
48,437,1
214,450,1
18,215,1
204,232,1
27,710,0
232,634,0
90,872,0
166,194,1
131,784,0
353,796,1
330,950,0
289,425,1
461,517,0
21,166,1
462,696,0
238,932,0
664,930,0
518,780,0
329,558,0
263,836,0
449,790,0
377,839,1
108,328,1
359,623,0
283,355,1
84,422,1
404,434,1
572,892,0
284,490,0
283,388,1
236,290,0
105,412,1
448,721,0
328,947,0
534,709,0
191,199,0
154,422,1
321,380,1
126,208,1
212,226,1
169,588,1
126,723,1
106,184,1
115,233,1
40,543,0
815,865,0
86,963,1
381,724,0
163,293,0
294,932,0
918,936,0
141,152,0
68,550,1
82,280,1
126,304,0
364,922,0
693,721,0
282,641,1
133,292,1
476,478,1
67,549,1
82,218,1
83,191,1
64,177,1
222,310,1
55,411,1
386,988,0
316,929,0
23,831,0
166,641,1
148,953,0
513,652,1
80,142,1
17,459,1
476,672,0
288,571,1
17,147,1
97,577,0
97,463,0
6,840,0
54,949,1
372,513,1
402,420,1
375,947,0
524,973,0
160,550,1
690,901,0
141,922,1
58,192,1
93,482,1
421,460,1
91,110,1
320,996,0
940,962,0
623,989,0
21,520,1
197,487,0
809,949,1
227,837,0
143,664,0
557,563,0
470,494,1
123,339,1
121,441,1
150,213,0
168,278,1
137,465,0
80,606,0
469,520,0
102,929,0
178,537,1
182,761,0
644,733,0
72,328,0
157,308,1
504,907,0
137,878,0
311,557,0
96,115,1
160,394,1
188,366,1
250,393,1
495,748,1
62,666,1
438,892,1
33,903,0
168,484,1
540,650,0
54,367,0
140,209,1
60,295,1
32,883,1
53,848,0
536,974,0
742,970,0
346,511,1
101,900,0
365,901,0
271,273,1
94,897,0
64,518,0
79,531,1
308,581,1
328,641,0
368,393,1
159,354,0
53,82,1
71,805,0
600,917,0
418,504,0
331,713,0
80,256,1
43,706,0
605,620,0
108,934,0
100,136,0
496,546,0
532,597,0
16,495,1
539,606,0
130,260,0
5,183,1
399,840,0
7,546,1
65,169,1
211,469,1
222,537,1
17,1000,0
464,494,1
318,547,1
657,813,0
299,508,1
83,368,1
659,662,0
780,983,0
284,926,0
210,963,1
64,280,1
256,1003,0
250,399,0
29,924,0
799,826,0
44,591,0
379,560,0
473,576,0
44,365,1
130,191,1
285,486,1
48,442,1
81,988,0
218,872,1
21,253,1
214,284,1
238,470,0
566,873,0
372,389,0
932,974,0
516,645,0
228,450,1
247,594,0
54,144,0
87,474,1
3,859,1
140,428,1
4,635,1
223,441,0
261,806,0
101,617,0
247,700,1
193,557,0
644,766,0
437,462,0
640,852,0
107,495,1
77,932,1
65,116,0
585,977,0
680,852,0
13,328,0
346,797,0
41,65,0
111,299,0
84,425,1
183,366,1
631,926,0
256,280,1
17,447,0
80,707,0
160,353,1
379,385,1
466,500,1
171,361,1
116,438,1
288,466,0
160,835,0
379,582,0
19,698,0
219,971,0
86,297,1
426,562,1
21,114,1
78,79,1
457,518,0
126,893,0
408,780,0
211,679,0
370,668,0
474,859,1
262,573,0
612,914,0
55,465,0
145,546,1
230,667,0
815,935,0
390,391,1
121,651,1
36,121,1
331,646,0
512,620,0
799,943,0
515,526,1
816,860,1
311,669,0
426,573,0
160,180,1
84,432,1
308,434,1
51,366,0
855,920,0
457,745,0
750,932,0
64,129,1
200,718,0
432,655,0
685,704,0
141,265,1
54,59,1
28,362,1
155,305,0
474,888,0
142,172,1
416,488,0
271,745,0
166,210,1
887,990,0
139,429,1
14,133,1
20,230,1
380,710,0
178,498,1
106,132,1
4,58,1
234,927,1
764,866,0
290,666,0
198,199,1
306,615,0
166,301,1
9,265,1
508,964,0
895,918,0
83,255,1
28,62,1
485,644,0
440,497,1
698,839,0
110,135,0
180,910,0
456,974,0
321,368,1
324,720,1
205,483,1
185,708,1
256,721,0
40,160,1
62,180,1
74,289,0
259,953,0
297,391,0
569,743,0
135,136,1
582,739,0
11,213,1
62,99,1
822,953,1
384,884,0
82,282,1
319,605,0
160,379,1
246,657,0
251,451,0
686,794,0
35,183,1
97,102,1
39,416,0
291,971,0
393,394,1
183,215,1
350,664,0
104,696,0
86,310,1
40,339,1
78,471,0
190,304,0
212,501,0
34,545,1
56,160,1
238,244,1
143,365,0
358,510,1
72,377,0
375,928,0
549,690,1
154,328,0
195,724,0
123,880,0
233,252,1
630,631,0
329,450,1
700,982,0
370,535,0
410,978,0
1,146,1
336,440,0
149,160,1
470,956,0
215,544,0
101,518,0
333,471,1
826,976,0
63,280,0
68,424,1
115,339,1
495,696,0
420,474,1
77,581,1
210,472,0
206,706,0
145,571,1
183,478,1
366,368,1
98,655,0
140,181,0
208,637,0
386,1000,0
251,865,0
157,390,1
199,288,1
246,448,0
602,616,1
13,191,1
255,546,1
76,485,1
840,983,0
299,968,1
866,894,0
469,537,0
465,630,0
373,552,1
170,453,1
179,284,1
350,404,0
206,884,0
169,218,0
420,541,1
115,473,1
448,971,1
231,385,1
180,912,0
520,815,1
592,760,1
421,687,0
255,556,0
351,802,0
269,300,1
148,481,0
165,725,1
282,654,0
503,944,0
139,166,1
280,655,1
328,607,0
791,817,0
266,407,1
385,541,0
303,405,1
118,667,1
839,952,0
200,380,1
143,763,0
389,930,0
503,515,0
83,393,1
777,877,0
86,441,1
254,329,1
58,83,1
113,466,0
180,346,1
2,367,0
696,955,0
411,665,1
551,839,0
295,386,1
132,599,1
419,777,1
106,615,1
128,490,1
597,885,0
145,303,1
223,523,0
19,42,1
518,749,0
28,39,1
47,116,1
235,930,1
312,383,0
339,473,0
771,819,0
54,211,1
65,352,1
166,506,1
124,405,1
142,256,1
150,644,0
546,956,0
82,188,1
86,372,1
64,496,1
63,809,1
624,803,0
122,719,0
23,87,1
181,393,1
83,453,1
172,228,1
742,931,0
575,781,0
498,707,1
976,995,0
543,607,0
287,549,1
282,596,1
192,780,0
452,538,0
332,938,0
614,752,0
13,661,1
264,661,1
130,180,1
269,461,1
157,214,1
227,254,1
159,199,0
396,533,0
102,832,1
363,713,0
498,501,1
20,21,1
418,473,1
77,107,1
128,200,1
265,751,0
419,848,1
471,810,1
302,304,1
261,339,1
35,702,0
26,654,1
162,482,1
494,710,0
432,965,0
699,997,0
510,818,0
228,342,1
350,681,1
285,401,1
216,952,0
420,958,0
